$MeshFormat
2.2 0 8
$EndMeshFormat
$Nodes
1067
1 65.58595275878906 0.2003673911094666 4.61673641204834
2 63.78924942016602 0.6348131895065308 5.064751148223877
3 65.8001708984375 -0.8776842951774597 5.594093799591064
4 27.06386184692383 0.1418098509311676 1.942011952400208
5 28.87616539001465 -0.9550571441650391 2.807180166244507
6 34.39269256591797 -0.009082779288291931 2.667929887771606
7 47.56315612792969 2.89691424369812 1.402069568634033
8 43.92155838012695 2.118144273757935 -0.2802221775054932
9 42.75212860107422 2.131274223327637 0.9494120478630066
10 23.60658264160156 -5.16295862197876 -2.616838216781616
11 29.1131763458252 -4.605411052703857 -3.223058462142944
12 34.19654846191406 -5.367488861083984 -1.709269285202026
13 -75.74422454833984 10.9800910949707 2.881104469299316
14 -78.91611480712891 11.99208927154541 3.28028130531311
15 -78.58710479736328 11.15783596038818 5.100954055786133
16 68.27803802490234 -0.2033054232597351 2.77663254737854
17 69.60660552978516 -0.2980236709117889 1.205114245414734
18 68.95210266113281 0.7298920750617981 2.645124197006226
19 56.5495719909668 -6.338983535766602 6.417378425598145
20 57.07986450195312 -7.335207462310791 5.564652919769287
21 59.78414535522461 -8.010976791381836 5.87006664276123
22 -82.16806030273438 8.442209243774414 7.580222129821777
23 -83.32292938232422 9.010810852050781 7.382785797119141
24 -83.62181091308594 8.246193885803223 7.393847942352295
25 62.41515731811523 3.33212423324585 -3.76622462272644
26 65.76409149169922 7.664153099060059 -4.803027629852295
27 67.19858551025391 6.494863986968994 -5.878007411956787
28 -55.21755218505859 2.632945537567139 -5.439742565155029
29 -58.85316848754883 1.692062497138977 -5.72739315032959
30 -63.83723068237305 3.897475719451904 -5.361933708190918
31 -81.11452484130859 11.08632564544678 6.062110900878906
32 -79.551513671875 11.72646141052246 4.511656761169434
33 -82.07974243164062 11.24516677856445 5.870360374450684
34 52.23256301879883 0.6520141959190369 6.209935188293457
35 54.93596267700195 1.025537371635437 6.613869190216064
36 53.98848724365234 2.772989273071289 5.622341632843018
37 -76.76240539550781 -5.321752548217773 9.748886108398438
38 -74.81462097167969 -5.990131855010986 8.564693450927734
39 -74.14483642578125 -4.892348289489746 8.832200050354004
40 -17.38169097900391 1.489193320274353 -0.2335803508758545
41 -15.01996326446533 2.096134662628174 -1.546898603439331
42 -27.53543472290039 1.675882935523987 -0.2029185593128204
43 2.531476974487305 -4.043308734893799 -0.0660635307431221
44 -10.05193996429443 -2.951118230819702 0.8687180876731873
45 -11.97625923156738 -3.808069705963135 0.1338437497615814
46 67.81184387207031 -1.401943325996399 4.133966445922852
47 68.80867767333984 -2.499818325042725 3.52012300491333
48 68.29158782958984 -1.480546712875366 2.987329006195068
49 22.62600135803223 -2.83144474029541 -4.850883960723877
50 2.443643093109131 -2.38004732131958 -5.518701076507568
51 8.779877662658691 -1.616787433624268 -5.656364917755127
52 -57.8521842956543 4.897617340087891 -3.865867137908936
53 -63.84594345092773 5.787915706634521 -3.796210527420044
54 -61.50755310058594 5.728237628936768 -2.96418833732605
55 -53.30841064453125 -4.112910747528076 1.605681300163269
56 -46.78925704956055 -4.125014781951904 0.9117674231529236
57 -46.51900100708008 -2.999873161315918 2.040333032608032
58 62.89162063598633 6.826203346252441 -1.793957471847534
59 62.98712539672852 7.085463523864746 -0.5536500811576843
60 65.72983551025391 9.821741104125977 -1.898029565811157
61 73.72477722167969 5.495927333831787 -5.198957443237305
62 74.70145416259766 6.265449523925781 -4.512597560882568
63 74.47745513916016 4.798619747161865 -4.232085704803467
64 56.76699829101562 -2.852338314056396 -1.779877901077271
65 57.05048370361328 -1.279491424560547 -2.200492858886719
66 60.90515899658203 -2.168370008468628 -2.297896862030029
67 46.37387084960938 2.43294358253479 2.518496036529541
68 50.70050811767578 3.645972967147827 3.386011123657227
69 49.64928436279297 3.414819717407227 2.413810253143311
70 67.89456939697266 9.576849937438965 2.58827018737793
71 67.90433502197266 10.53997993469238 1.305758237838745
72 67.20146179199219 9.654598236083984 2.053054094314575
73 -66.16378784179688 6.90552282333374 -2.716865301132202
74 -65.96506500244141 7.028609275817871 -1.812500834465027
75 -61.71054077148438 5.864426136016846 -2.022782564163208
76 73.48274230957031 2.869629859924316 1.188768982887268
77 71.35090637207031 0.7126805186271667 0.01867266185581684
78 74.41549682617188 3.081836938858032 0.1231858879327774
79 64.48841094970703 1.670029878616333 4.291957378387451
80 65.37884521484375 2.103632211685181 4.037370681762695
81 65.25297546386719 3.729315519332886 3.65694522857666
82 -76.95719909667969 -8.565794944763184 2.327723503112793
83 -80.32804107666016 -8.43204402923584 3.633190631866455
84 -79.15297698974609 -8.444478034973145 1.056952595710754
85 73.28324127197266 10.20715141296387 -3.462138175964355
86 73.85835266113281 10.36806488037109 -2.059014320373535
87 74.31095123291016 9.514784812927246 -3.453021049499512
88 -71.64492034912109 -0.7826989889144897 6.522562503814697
89 -74.45345306396484 -0.01551755517721176 6.752159595489502
90 -76.59352111816406 -1.141054511070251 8.925765037536621
91 -60.44065475463867 3.305235862731934 1.152953386306763
92 -63.94652557373047 4.811666011810303 0.9324414134025574
93 -62.39856338500977 1.906136155128479 2.415139436721802
94 68.84767150878906 -4.252235412597656 1.318090319633484
95 68.90622711181641 -3.47238564491272 1.524830222129822
96 69.20261383056641 -3.301403522491455 2.846784114837646
97 -41.20778274536133 -4.272931575775146 -3.901614427566528
98 -44.41596984863281 -4.78917121887207 -2.679125070571899
99 -52.10132598876953 -4.737077713012695 -3.719509601593018
100 -89.17047119140625 5.42778491973877 1.893370509147644
101 -89.22798156738281 6.528488636016846 3.18901515007019
102 -89.69711303710938 6.290743350982666 1.459502458572388
103 65.84400939941406 9.918723106384277 -0.7103621363639832
104 -72.46296691894531 -6.391705513000488 6.857946872711182
105 -66.03964233398438 -4.847996711730957 4.25380277633667
106 -65.9378662109375 -3.988078832626343 4.853399276733398
107 32.48151779174805 -0.8139224052429199 -3.881354331970215
108 24.57351303100586 0.1876584142446518 -3.963122129440308
109 37.83376312255859 0.4065523743629456 -2.63867712020874
110 -70.27323913574219 3.179483890533447 3.590988636016846
111 -69.29287719726562 0.9888019561767578 4.431551456451416
112 -66.31559753417969 4.60783863067627 1.917695283889771
113 26.54815673828125 1.070955276489258 0.1761716455221176
114 26.05408668518066 0.6296254992485046 1.171735405921936
115 33.27715682983398 0.8967506289482117 1.471114039421082
116 19.23010635375977 -5.040028095245361 -3.172201156616211
117 16.02223968505859 -4.022820949554443 -4.480383396148682
118 67.62847900390625 8.464693069458008 3.130937099456787
119 66.01541137695312 8.397010803222656 2.297838449478149
120 66.07009124755859 7.224164962768555 2.976256608963013
121 -82.29203796386719 -6.506895065307617 -2.76445746421814
122 -81.05791473388672 -7.364243984222412 -2.604628801345825
123 -83.45394134521484 -7.370529174804688 -0.4341106414794922
124 -84.81024169921875 -0.4418938755989075 1.781615018844604
125 -85.37319946289062 -0.308637410402298 0.7069394588470459
126 -85.11855316162109 -1.334958910942078 1.310661196708679
127 71.51538848876953 10.99964332580566 -3.167162656784058
128 70.60052490234375 11.56071472167969 -1.497035145759583
129 72.51073455810547 11.08565998077393 -2.001819133758545
130 62.90242004394531 5.086877346038818 2.414802074432373
131 61.88227081298828 5.325078010559082 1.683016777038574
132 61.74732971191406 4.041624069213867 3.01672101020813
133 37.63613891601562 -4.944020748138428 -2.101634502410889
134 -55.69834136962891 3.979110479354858 -4.789019584655762
135 -49.20371627807617 3.91259503364563 -4.343430995941162
136 -46.15495681762695 3.169999599456787 -5.082005977630615
137 71.98129272460938 10.15568542480469 1.94057035446167
138 72.01753997802734 8.522881507873535 3.231082677841187
139 72.95833587646484 9.307062149047852 2.223862409591675
140 67.43994140625 -2.745586633682251 -1.951464176177979
141 68.20379638671875 -4.737677097320557 0.1464215070009232
142 67.08158111572266 -6.239579200744629 0.04339678213000298
143 -83.44509124755859 -3.935112237930298 9.037429809570312
144 -84.61467742919922 -4.669419765472412 7.350207328796387
145 -83.94742584228516 -5.455525875091553 8.403762817382812
146 10.25732517242432 0.3412663340568542 -5.021627426147461
147 4.376184940338135 0.8657962679862976 -5.091286182403564
148 14.96154975891113 1.026763558387756 -3.917045116424561
149 17.77071189880371 -1.292822360992432 2.234142541885376
150 18.08770751953125 -2.118008136749268 2.044926404953003
151 23.08081817626953 -1.247298836708069 2.67049241065979
152 -84.22144317626953 11.05511951446533 5.498732566833496
153 -82.74205780029297 10.68941020965576 6.539265632629395
154 69.01532745361328 7.744984149932861 -6.097652912139893
155 70.96485137939453 7.339243412017822 -6.254683017730713
156 69.24655151367188 6.454802989959717 -6.282752513885498
157 -83.7947998046875 -7.739199638366699 2.095486879348755
158 -82.79078674316406 -7.804878711700439 0.3770622611045837
159 -80.25710296630859 11.92907810211182 0.02891028672456741
160 -80.96195220947266 11.51870155334473 -0.7840856909751892
161 -82.15029907226562 11.9025411605835 0.5814217329025269
162 -25.19335174560547 0.4772085249423981 -5.974368572235107
163 -15.77170181274414 1.334370851516724 -5.628962516784668
164 -13.20371437072754 -0.2302722036838531 -5.918626308441162
165 73.05122375488281 6.216918468475342 -5.768067359924316
166 -45.34066772460938 -1.31733238697052 -5.865368366241455
167 -63.50532913208008 -3.005353689193726 -5.38381814956665
168 -62.51651763916016 -1.800056457519531 -5.66648006439209
169 -66.47286987304688 -5.885269641876221 -3.577479124069214
170 -63.53744125366211 -5.951318740844727 -2.413458347320557
171 -68.30336761474609 -6.608808040618896 -2.615360736846924
172 -85.28461456298828 0.8744176626205444 1.381007075309753
173 -84.22605133056641 0.2200555205345154 2.334322690963745
174 -84.520751953125 1.378460884094238 2.212560653686523
175 -42.75892639160156 1.600037932395935 0.8092426657676697
176 -30.18730354309082 0.08488526195287704 1.553274273872375
177 52.0728874206543 -2.155494451522827 6.596797943115234
178 57.82058334350586 -4.403692245483398 7.776159763336182
179 58.69429016113281 -3.134823560714722 8.123636245727539
180 -27.06853675842285 -3.77392315864563 0.429116278886795
181 -25.4935417175293 -2.477789878845215 1.436413168907166
182 53.46067047119141 3.769237756729126 4.742339611053467
183 51.66401290893555 3.389497995376587 4.711421012878418
184 51.40058898925781 -6.53371000289917 1.652746915817261
185 55.56337356567383 -7.671662330627441 3.189891338348389
186 52.22518920898438 -6.607350826263428 3.300092458724976
187 -85.82841491699219 0.8792806267738342 -1.998677134513855
188 -85.33657073974609 1.782668113708496 -4.010739803314209
189 -84.48365783691406 -0.7163881659507751 -2.660378456115723
190 -81.65724945068359 -2.591704607009888 9.672408103942871
191 -81.69110107421875 -3.844760417938232 10.14625644683838
192 -80.15715026855469 -3.160397529602051 10.38733577728271
193 12.50171089172363 1.419524192810059 -3.350554466247559
194 10.47613716125488 1.665546536445618 -2.418453216552734
195 19.03649139404297 1.472066760063171 -1.174294948577881
196 67.34555816650391 -4.672189235687256 7.528743267059326
197 68.42277526855469 -5.297264099121094 6.56952953338623
198 69.46812438964844 -3.542183876037598 6.886549949645996
199 -44.52201843261719 -2.326690912246704 -5.544314861297607
200 -29.94803428649902 -1.104046821594238 -5.950299263000488
201 -72.26431274414062 4.699901580810547 3.693092823028564
202 -73.63468170166016 2.479725360870361 4.449950218200684
203 -29.41742324829102 -3.103265762329102 -5.063037395477295
204 -6.520211696624756 -3.433597564697266 -4.968708992004395
205 -8.908827781677246 -4.061538219451904 -4.462079524993896
206 -53.22620391845703 3.347139835357666 -0.06206555292010307
207 -55.94800567626953 4.601040363311768 -1.33812952041626
208 -58.03009414672852 4.582572937011719 -0.646368682384491
209 -36.89088439941406 -0.6183738112449646 2.202128648757935
210 -44.87691116333008 0.7503471970558167 1.648256897926331
211 -42.95236206054688 3.510632276535034 -4.58093786239624
212 -55.35248565673828 4.891918659210205 -2.92202615737915
213 57.29833984375 0.5305894613265991 -2.538702011108398
214 56.70099258422852 2.419671773910522 -2.231756687164307
215 58.14896774291992 2.163000106811523 -2.579591035842896
216 53.39390182495117 -0.1104800328612328 -2.176867246627808
217 51.52703475952148 -1.243945479393005 -2.149221420288086
218 69.51409912109375 -2.478268384933472 6.384981632232666
219 67.87957000732422 -2.124546051025391 7.038589477539062
220 69.19541931152344 -2.834186315536499 7.043712615966797
221 -10.56908988952637 -4.580800533294678 -1.162900567054749
222 -6.535036087036133 -4.77201509475708 -2.102710723876953
223 3.059641599655151 -4.844155311584473 -1.214296936988831
224 -82.12628173828125 -1.176614046096802 7.815657615661621
225 -80.47927856445312 -1.493472576141357 9.467116355895996
226 -79.61766052246094 -4.313859462738037 10.60227489471436
227 -80.76517486572266 -5.649921894073486 10.0484094619751
228 -78.77732086181641 -5.345938205718994 10.17435073852539
229 60.21441650390625 -6.209728240966797 -0.3273016810417175
230 63.94496154785156 -4.981057167053223 -1.495658040046692
231 62.53647613525391 -7.27144718170166 0.3236887454986572
232 -75.66802978515625 10.46669006347656 -1.949421405792236
233 -74.33245086669922 10.72833251953125 -1.16655421257019
234 -71.55075073242188 8.913676261901855 -2.231487274169922
235 -49.63816070556641 -3.491312742233276 -5.011951446533203
236 -55.74384307861328 -4.318192005157471 -4.54379415512085
237 -78.58335113525391 9.131693840026855 6.8494553565979
238 -76.59892272949219 10.09242057800293 5.053615093231201
239 -80.2369384765625 10.14728736877441 6.882094383239746
240 45.02985382080078 0.4280827045440674 4.268898963928223
241 44.73493576049805 1.30467963218689 3.499974250793457
242 37.8730354309082 -0.6270238161087036 3.524671077728271
243 63.69795989990234 7.198467254638672 0.7903602123260498
244 62.60551834106445 6.217404365539551 0.9936714768409729
245 -74.27382659912109 -8.232869148254395 1.402088403701782
246 -75.32283782958984 -7.966930389404297 -1.316975951194763
247 -80.72574615478516 -6.833199977874756 -3.408801078796387
248 66.74454498291016 -2.050822973251343 -2.6048264503479
249 66.06111907958984 -0.7513955235481262 -3.397493124008179
250 68.1231689453125 -0.4880470931529999 -3.309344053268433
251 71.07644653320312 5.479233264923096 -6.252431392669678
252 72.23787689208984 7.462262153625488 -6.027734756469727
253 -88.39324951171875 3.909150838851929 -0.7899444699287415
254 -87.47500610351562 3.06408953666687 -1.955591201782227
255 -86.2874755859375 1.219253659248352 -0.5593028664588928
256 -81.32759094238281 -5.338005542755127 -4.026489734649658
257 -68.02493286132812 -6.852017879486084 -0.1669542342424393
258 -86.72249603271484 1.983569622039795 0.5134965181350708
259 -88.14981842041016 3.557500600814819 0.2358871400356293
260 72.556396484375 10.63872528076172 0.9223202466964722
261 73.79242706298828 9.995667457580566 0.8515177965164185
262 73.25157165527344 10.72467613220215 -0.5343437790870667
263 69.18184661865234 -1.554950594902039 -0.9509636759757996
264 70.53286743164062 -0.1880788654088974 -0.9718093872070312
265 69.72605133056641 -0.9025074243545532 -0.09085387736558914
266 -76.27658081054688 11.81053924560547 0.9255852103233337
267 -89.62485504150391 8.182375907897949 1.783513069152832
268 -89.76263427734375 7.01902961730957 2.121898412704468
269 -89.41673278808594 7.52784252166748 3.180345058441162
270 68.6309814453125 -3.449396371841431 0.3241167366504669
271 62.79450607299805 5.474937915802002 -3.347894430160522
272 64.96037292480469 8.322769165039062 -3.498837232589722
273 -47.64338302612305 4.001563549041748 -2.104277372360229
274 -44.11449813842773 2.624408960342407 -0.2922667562961578
275 54.70038604736328 3.349917411804199 5.105000972747803
276 -75.35218811035156 6.327517986297607 5.004174709320068
277 -72.36878967285156 6.880856990814209 3.296127796173096
278 -74.87969207763672 7.151524543762207 4.770168304443359
279 -85.11798095703125 7.869529247283936 6.866227626800537
280 -85.55447387695312 8.645525932312012 6.719756603240967
281 -86.8934326171875 7.974080085754395 5.940597057342529
282 74.12767028808594 7.911899089813232 -4.89419412612915
283 75.26357269287109 8.391806602478027 -3.187367916107178
284 27.34876823425293 -5.457943916320801 -0.761218786239624
285 42.82820892333984 -5.593766212463379 0.8804648518562317
286 42.40617370605469 -5.29033899307251 2.161649227142334
287 64.17597961425781 6.890007972717285 1.748233437538147
288 65.48005676269531 9.111102104187012 0.8388367891311646
289 39.46029663085938 0.8844525218009949 2.650716543197632
290 -54.78014373779297 -2.031333446502686 2.961628913879395
291 -46.26623916625977 -1.818759679794312 2.485790729522705
292 -56.14764022827148 -1.320064425468445 3.024317741394043
293 69.22029113769531 11.31855487823486 -2.311135053634644
294 -76.19187164306641 2.80289626121521 4.508247375488281
295 -74.21375274658203 3.984924077987671 4.237118244171143
296 -76.60787200927734 3.705896615982056 4.551052093505859
297 -86.54380798339844 9.351129531860352 -1.033775210380554
298 -88.23374176025391 7.013691425323486 -2.229847431182861
299 -88.54676818847656 7.906010150909424 -1.176594853401184
300 -37.83244323730469 2.119905471801758 -5.481972694396973
301 -30.48320770263672 1.340824365615845 -5.789041042327881
302 -47.11386489868164 2.513266324996948 -5.440869331359863
303 -85.78734588623047 1.951009273529053 1.687930226325989
304 20.01280403137207 -0.8612302541732788 -4.950097560882568
305 20.23113441467285 -1.919392108917236 -5.107214450836182
306 -87.00580596923828 5.533908367156982 4.507007122039795
307 -88.016357421875 4.861093521118164 2.860975027084351
308 72.76828002929688 2.065366983413696 -3.116127967834473
309 70.03368377685547 -0.2528993189334869 -2.275990962982178
310 72.29762268066406 2.687850713729858 -4.472338199615479
311 -84.83145141601562 -1.990418672561646 2.997474908828735
312 -40.40927124023438 -4.755236148834229 -2.450318574905396
313 -42.76531219482422 -4.589412689208984 -0.5961169600486755
314 74.98603820800781 6.227678298950195 1.872625112533569
315 73.95504760742188 4.906794548034668 2.493256092071533
316 75.17516326904297 5.199632167816162 1.358830451965332
317 66.64807891845703 10.0757007598877 0.8821406960487366
318 67.39160919189453 10.84351062774658 -0.4351169168949127
319 -82.47685241699219 0.5355758666992188 3.68808650970459
320 -81.50625610351562 0.5163561701774597 4.525113582611084
321 -80.97525024414062 1.266483783721924 3.955598592758179
322 -87.14778137207031 10.3194751739502 1.588832139968872
323 -88.13577270507812 9.24635124206543 0.2654141485691071
324 -88.83161926269531 9.355898857116699 1.968745708465576
325 59.89675521850586 4.286778926849365 2.561585187911987
326 -66.52481079101562 -5.724832057952881 3.176737070083618
327 -61.96881484985352 -4.286078929901123 3.132806062698364
328 46.3204231262207 -5.199538230895996 -0.888703465461731
329 50.67244720458984 -5.244734287261963 -0.76142817735672
330 51.42890167236328 -5.777607917785645 -0.1613544970750809
331 -68.69831848144531 -0.9181622266769409 5.490865707397461
332 -64.99691772460938 -0.6428438425064087 4.265851974487305
333 -76.29266357421875 -3.979214668273926 9.983281135559082
334 -77.38917541503906 -3.055558919906616 10.20729160308838
335 -4.137126922607422 1.918397545814514 -3.735357522964478
336 5.464572906494141 1.581284165382385 -3.953327655792236
337 -4.503240585327148 1.585191369056702 -4.676658153533936
338 -63.09151077270508 -2.231744289398193 4.221092700958252
339 -62.60212707519531 -3.390173435211182 3.928900241851807
340 -59.99302291870117 -2.720605850219727 3.5521559715271
341 30.80596923828125 -5.512650489807129 -1.398399710655212
342 -80.82774353027344 12.11710357666016 3.275948047637939
343 -83.28722381591797 11.68618202209473 4.07285737991333
344 -66.56451416015625 -4.560423374176025 -4.979621410369873
345 -61.6413459777832 -4.267836570739746 -4.755932807922363
346 49.86133193969727 -3.64881443977356 5.777419567108154
347 53.31359100341797 -3.94256591796875 6.601602554321289
348 74.84164428710938 4.065525531768799 0.9734225273132324
349 34.5716667175293 -4.410029411315918 -2.942475557327271
350 42.92702484130859 -4.409795761108398 -1.960407018661499
351 -79.88475799560547 -7.825201988220215 -2.033955097198486
352 -51.64487457275391 -4.900162696838379 -0.3575024902820587
353 -69.90348815917969 5.421448707580566 2.745972633361816
354 -71.74013519287109 5.843616962432861 3.284670352935791
355 -64.30052185058594 -6.175373554229736 -0.7087462544441223
356 -56.80056762695312 -5.424265384674072 -1.591668844223022
357 69.03589630126953 -0.8260268568992615 -2.494766473770142
358 72.43656158447266 2.904231786727905 2.252408266067505
359 70.14646148681641 -5.151610851287842 4.467236995697021
360 70.38461303710938 -4.236870288848877 4.674490928649902
361 70.01026916503906 -5.327176570892334 5.103899002075195
362 -79.77988433837891 0.5465447902679443 5.718892574310303
363 -79.58737182617188 -0.5616439580917358 8.69434928894043
364 -77.49281311035156 0.7029300928115845 5.985145092010498
365 -72.40629577636719 9.867526054382324 -1.018823862075806
366 -28.36742782592773 2.146798372268677 -5.430158615112305
367 70.01124572753906 -3.188942193984985 6.483574867248535
368 65.28529357910156 -8.21864128112793 4.611277103424072
369 64.51380920410156 -8.023863792419434 5.532299518585205
370 63.87339782714844 -8.628800392150879 4.581260681152344
371 -83.05384826660156 -0.6651517748832703 5.758193969726562
372 -83.33402252197266 -0.2880663573741913 3.979238510131836
373 -84.05272674560547 -1.486305713653564 5.42433500289917
374 -82.33759307861328 6.452359676361084 6.913975238800049
375 -80.44283294677734 6.959656715393066 7.124738216400146
376 -68.85475921630859 7.883953094482422 0.1176405772566795
377 -69.83694458007812 7.664083003997803 1.326377630233765
378 -66.60162353515625 6.293090343475342 0.7452763319015503
379 55.96728897094727 -7.683353900909424 2.131903409957886
380 60.29947280883789 -8.729000091552734 2.392563104629517
381 -87.75150299072266 3.948512554168701 -2.423868894577026
382 66.86517333984375 8.479812622070312 -5.090481281280518
383 67.96371459960938 9.640244483947754 -4.716585636138916
384 68.23230743408203 8.518993377685547 -5.608226776123047
385 61.27281951904297 -1.49359929561615 8.011299133300781
386 56.13704299926758 4.461700916290283 1.582933783531189
387 57.66570663452148 4.374292850494385 2.300704956054688
388 58.36516189575195 4.785419464111328 0.9087585210800171
389 -79.71566009521484 -7.61078929901123 7.978792190551758
390 -76.77973937988281 -7.706472873687744 7.24741268157959
391 -78.09980010986328 -7.190478324890137 8.627753257751465
392 61.94293594360352 0.4172516763210297 -3.231066465377808
393 60.40214920043945 1.914007663726807 -3.130703449249268
394 -1.068864822387695 -0.4581386148929596 1.752045512199402
395 -1.261100172996521 0.2732012867927551 1.406114220619202
396 -14.87507629394531 -0.02573830075562 1.581606507301331
397 -76.37036895751953 9.199152946472168 5.500952243804932
398 -72.96369934082031 8.636724472045898 2.723228931427002
399 66.60492706298828 1.010623216629028 3.89674711227417
400 63.96705627441406 -3.576716899871826 8.417625427246094
401 67.71074676513672 -3.373790740966797 7.757872581481934
402 66.86740875244141 -2.384384632110596 7.714442729949951
403 -39.62948226928711 3.604409694671631 -3.799796581268311
404 -32.21223449707031 3.041744947433472 -4.212225437164307
405 64.38629913330078 -4.630877017974854 8.316354751586914
406 53.55808258056641 -3.171749830245972 -1.688628196716309
407 75.120849609375 9.20030403137207 -2.352778673171997
408 75.83436584472656 8.31195068359375 -0.8735718131065369
409 75.87856292724609 7.438613414764404 -2.509715795516968
410 -61.3387336730957 -0.876173734664917 3.575733661651611
411 -57.94740295410156 0.5015059113502502 2.560617446899414
412 -84.34393310546875 -6.254844188690186 -0.4467465877532959
413 -85.050048828125 -2.884032726287842 0.473745733499527
414 -84.75868225097656 -1.858832478523254 -1.235070824623108
415 66.38811492919922 -0.5523802042007446 4.684399604797363
416 67.32535552978516 -0.718696117401123 3.893270015716553
417 54.67997741699219 4.20750617980957 3.61187744140625
418 52.9704704284668 4.313351154327393 3.003148317337036
419 52.33083343505859 3.958959341049194 4.169687271118164
420 -48.36876678466797 4.196789741516113 -3.17510199546814
421 -45.98097991943359 -0.3588981628417969 -5.936223983764648
422 -79.56756591796875 8.357891082763672 7.404500007629395
423 69.33584594726562 -5.234609127044678 2.352193593978882
424 69.81349945068359 -3.760335922241211 3.812138557434082
425 76.13752746582031 5.401463031768799 -1.231060981750488
426 76.18183135986328 7.246428489685059 -0.8242756128311157
427 76.08713531494141 6.96799898147583 0.2897302508354187
428 75.8724365234375 5.422586441040039 0.1458626240491867
429 -71.50308227539062 9.425236701965332 -0.1024495661258698
430 -72.00403594970703 9.360420227050781 1.0247882604599
431 -62.60628128051758 -0.08091162890195847 -5.861513137817383
432 62.37076568603516 -1.203458428382874 7.542116165161133
433 63.76605606079102 -0.2803778350353241 5.996059894561768
434 61.36784362792969 1.762941479682922 4.888310432434082
435 -83.92564392089844 11.68086338043213 2.212230682373047
436 -81.17685699462891 12.15255260467529 1.586655616760254
437 -84.43804931640625 5.492332458496094 5.749339580535889
438 -85.57288360595703 2.843798637390137 2.628411769866943
439 -84.06951141357422 3.685797452926636 3.936752557754517
440 -89.73253631591797 7.238195896148682 -0.1902248710393906
441 -89.39143371582031 6.644974708557129 -1.010507702827454
442 26.73205375671387 1.29648745059967 -1.307569861412048
443 51.83872604370117 -6.272866725921631 0.5967022776603699
444 18.82815551757812 0.2076652646064758 -4.531729698181152
445 -81.75727844238281 -0.275540828704834 6.489527225494385
446 -81.21965026855469 9.617660522460938 7.293169498443604
447 -85.76744079589844 0.7456609010696411 0.5822960734367371
448 -61.56380844116211 -5.294482231140137 -3.694988965988159
449 -53.66460800170898 -5.142464637756348 -2.72404956817627
450 72.5460205078125 9.63808536529541 -4.678072452545166
451 67.51693725585938 1.054020166397095 3.530847549438477
452 67.85942077636719 -0.5203178524971008 3.213734149932861
453 -81.39693450927734 5.628003120422363 -5.259201049804688
454 -78.27577209472656 6.724007606506348 -5.1471848487854
455 -78.92292785644531 3.621251344680786 -6.258293151855469
456 -78.78754425048828 8.216230392456055 7.151309013366699
457 -4.813130378723145 0.1260226368904114 -5.653545379638672
458 75.23292541503906 7.135276317596436 -3.855540752410889
459 -22.35620307922363 -0.3560660481452942 1.577998638153076
460 -21.08649826049805 0.6283774375915527 0.8823813796043396
461 -85.25075531005859 7.137070655822754 -3.521853446960449
462 -82.33177185058594 8.131209373474121 -3.734186410903931
463 59.21057891845703 -4.112373828887939 -1.388420701026917
464 53.84790420532227 -5.024483203887939 -0.9043184518814087
465 58.06634521484375 -5.844360828399658 7.251222610473633
466 51.90064239501953 -4.675234794616699 5.802657604217529
467 -89.63072204589844 6.262747764587402 -0.3256620168685913
468 -88.98719024658203 6.004818439483643 -1.709030508995056
469 -53.66513824462891 0.3919613659381866 2.233863115310669
470 -70.94142913818359 6.077511787414551 -4.874624729156494
471 -77.11920928955078 9.050150871276855 -3.494953632354736
472 -72.81492614746094 8.281772613525391 -3.405152082443237
473 67.93809509277344 4.937424182891846 -5.971505165100098
474 67.84375 2.495663404464722 -5.304248809814453
475 -28.88325500488281 2.920434951782227 -3.196992158889771
476 -19.80753326416016 2.496105432510376 -4.195865154266357
477 48.0823974609375 -5.884054183959961 0.5813321471214294
478 42.61412811279297 -5.458211898803711 -0.4033493399620056
479 -83.45246124267578 -1.494943976402283 6.822750091552734
480 -80.85680389404297 10.25836277008057 -2.37235164642334
481 -82.53125762939453 10.6276216506958 -1.547848463058472
482 -79.65074920654297 -8.33415412902832 5.45171070098877
483 -56.88754272460938 2.830888986587524 0.9310631155967712
484 33.86289215087891 -1.746292114257812 -3.913761377334595
485 43.35861968994141 -0.1063738465309143 -2.470806121826172
486 26.01874732971191 0.9379199743270874 -2.780876159667969
487 -85.36515045166016 -6.388414859771729 4.441745281219482
488 -85.19708251953125 -6.061457633972168 2.110804080963135
489 -85.03818511962891 -7.051632404327393 4.162559509277344
490 -76.73163604736328 2.172418594360352 4.659229278564453
491 -78.00585174560547 2.785202980041504 4.41212272644043
492 -79.27244567871094 2.308664798736572 4.181093692779541
493 64.35717010498047 5.846101760864258 2.572965383529663
494 68.70602416992188 -5.940818309783936 5.64645528793335
495 69.50453948974609 -4.697537422180176 6.103230476379395
496 34.77828598022461 1.01140022277832 -2.216513156890869
497 43.53699493408203 0.9288715720176697 -1.946658849716187
498 69.14702606201172 -5.97531270980835 2.276136636734009
499 68.57820129394531 -6.472934722900391 1.865513324737549
500 -85.27677917480469 -3.773316144943237 3.565661668777466
501 68.24810028076172 1.909080982208252 3.43503475189209
502 65.96920013427734 -7.343219757080078 0.9307156801223755
503 62.09375762939453 -8.516971588134766 1.871607303619385
504 69.36906433105469 -6.170251369476318 3.432245254516602
505 47.85939407348633 -4.674942016601562 4.594611167907715
506 51.93671035766602 -5.561704158782959 5.086633682250977
507 53.05759429931641 2.424657106399536 -1.461102843284607
508 52.31014633178711 1.249091029167175 -1.950971841812134
509 48.77880096435547 1.85100269317627 -1.326672196388245
510 49.07565307617188 0.8986169099807739 -1.915912508964539
511 -82.68968200683594 -0.5763161778450012 -4.482610702514648
512 -81.27883911132812 -2.377685070037842 -4.61672830581665
513 -83.24885559082031 -1.024651408195496 -3.813074111938477
514 -88.23948669433594 9.000957489013672 4.702234745025635
515 -89.11280059814453 8.760542869567871 3.015534162521362
516 -88.60003662109375 8.157662391662598 4.536211490631104
517 47.98173141479492 2.38791298866272 3.664764881134033
518 48.18566131591797 1.442190766334534 4.69769287109375
519 64.33011627197266 0.06892581284046173 -3.598492622375488
520 -75.29909515380859 0.4746696650981903 6.240795612335205
521 64.24055480957031 -6.628146648406982 7.300743103027344
522 62.40485763549805 -6.945623874664307 7.101536273956299
523 63.03393173217773 -7.674651145935059 6.370783805847168
524 65.3341064453125 -6.554052352905273 -0.2754100859165192
525 65.97663116455078 -5.058859825134277 -1.272017478942871
526 43.03565216064453 1.486975073814392 -1.447229027748108
527 49.06093597412109 2.577905178070068 -0.4030565023422241
528 -73.61747741699219 10.69097328186035 -0.07888162881135941
529 -79.37445068359375 8.810867309570312 -3.673834562301636
530 73.92568206787109 2.315904378890991 -1.372145295143127
531 66.53575897216797 9.620010375976562 -3.879727363586426
532 -16.02604293823242 1.868635654449463 -5.255060195922852
533 -4.525557041168213 1.018787741661072 -5.221097469329834
534 -75.27587890625 5.081557273864746 -5.808377742767334
535 -87.43087005615234 5.173623085021973 -3.29267692565918
536 -86.99102783203125 5.935642719268799 -3.534681081771851
537 49.13853073120117 0.01170199830085039 -2.166259050369263
538 44.24554824829102 -1.202553749084473 -2.602240800857544
539 73.32748413085938 7.44269323348999 3.102776527404785
540 72.16054534912109 3.765228033065796 3.0863037109375
541 70.71588897705078 0.9163126945495605 1.378223896026611
542 60.45767211914062 -9.001913070678711 3.634029626846313
543 57.88230895996094 -8.385554313659668 2.766425848007202
544 -29.06964492797852 2.6000075340271 -5.061264991760254
545 -51.51968765258789 1.88082480430603 1.156205654144287
546 57.24055099487305 4.428460121154785 0.06287467479705811
547 59.39596939086914 4.960581302642822 -0.4980375170707703
548 -60.1588134765625 -5.371922016143799 0.7182603478431702
549 -55.06768798828125 -4.776308059692383 0.7462157011032104
550 -59.07406616210938 -4.717423915863037 1.769682168960571
551 65.72078704833984 -5.786498546600342 7.550328731536865
552 66.49476623535156 -6.694900512695312 6.400397777557373
553 62.20816421508789 -8.542914390563965 5.23478889465332
554 61.74893188476562 -8.978172302246094 2.793731927871704
555 64.0645751953125 -8.60175895690918 2.537029027938843
556 62.95583343505859 -8.972537040710449 3.435125350952148
557 17.68402099609375 -5.253774642944336 -2.350419521331787
558 25.58639335632324 -5.263957977294922 -0.2345536798238754
559 16.64313316345215 -5.112360000610352 -1.331911087036133
560 60.32727813720703 4.48232889175415 -2.230387926101685
561 58.57087326049805 3.510792970657349 -2.138418436050415
562 58.43036270141602 4.314329624176025 -1.159025430679321
563 70.70201873779297 7.003393650054932 4.128244876861572
564 71.69901275634766 4.644096851348877 3.675528049468994
565 73.31803894042969 5.60743522644043 3.174064874649048
566 -73.84326934814453 1.391761779785156 5.063514232635498
567 -40.52631759643555 3.421653032302856 -2.103429555892944
568 70.33653259277344 -3.573839664459229 5.711641788482666
569 28.02527236938477 -3.778294563293457 -4.109625816345215
570 -85.21321868896484 3.207992315292358 -4.581348896026611
571 -83.02719116210938 1.208881020545959 -5.109309196472168
572 74.79689788818359 9.711100578308105 -0.7661881446838379
573 -77.59988403320312 -8.182624816894531 6.119764804840088
574 -80.14662933349609 -1.379820585250854 -5.304614067077637
575 -80.08949279785156 -5.484200477600098 -4.478875637054443
576 57.53011703491211 3.953607797622681 3.324570655822754
577 42.95378494262695 -5.137331008911133 -1.130757570266724
578 55.16262054443359 -0.667280375957489 7.190883159637451
579 -77.12339782714844 8.074775695800781 6.349741458892822
580 38.2802619934082 1.490005970001221 1.345660328865051
581 42.19169616699219 1.690061807632446 2.175655841827393
582 -81.56273651123047 4.161028861999512 4.761550903320312
583 -82.61281585693359 5.137324810028076 5.802726268768311
584 -27.53485107421875 2.563615798950195 -1.830664873123169
585 65.98744964599609 -7.997035026550293 2.336696147918701
586 65.65602111816406 -8.327861785888672 3.37968373298645
587 11.88856315612793 -1.345727205276489 2.014301776885986
588 9.163948059082031 -0.5869208574295044 2.007292509078979
589 -83.42023468017578 -7.267838478088379 7.025123119354248
590 -83.89679718017578 -6.59284782409668 7.684278964996338
591 74.38729858398438 7.165650844573975 2.48214316368103
592 75.37172698974609 7.855228424072266 1.166614294052124
593 74.65171813964844 8.576149940490723 1.55237078666687
594 -84.392822265625 -7.235419750213623 0.8976466655731201
595 68.04644012451172 -3.356773376464844 -0.9356794357299805
596 60.14085388183594 3.266552209854126 -2.864676952362061
597 44.61375427246094 -3.200182199478149 4.801589488983154
598 18.35885429382324 0.08191074430942535 1.675735831260681
599 -59.6079216003418 -5.549483299255371 -0.3898836672306061
600 -64.20288848876953 -5.873023986816406 1.165580272674561
601 -26.16389656066895 -4.482272624969482 -3.340224027633667
602 -36.71866989135742 -4.513514041900635 -3.393601179122925
603 -75.7054443359375 -7.447599411010742 -3.264824151992798
604 -81.67996215820312 -8.135995864868164 5.440223217010498
605 -74.60167694091797 -8.116921424865723 4.383790969848633
606 -82.98028564453125 -4.311562061309814 9.567326545715332
607 -81.42804718017578 -4.876539707183838 10.23556518554688
608 -82.35428619384766 -7.368497371673584 7.779919624328613
609 -84.64430999755859 -3.427359342575073 6.726528167724609
610 -36.02742385864258 2.828388452529907 -4.977260589599609
611 -72.96685791015625 -7.506256580352783 5.021073341369629
612 -84.999755859375 -3.057053089141846 4.820999145507812
613 7.661418437957764 1.22717559337616 0.1553837507963181
614 -84.12770843505859 9.537321090698242 -2.177878618240356
615 59.94001007080078 5.197353839874268 0.5116590261459351
616 -78.53636932373047 12.10904979705811 1.282740116119385
617 -11.34140300750732 0.697972297668457 0.9993094801902771
618 38.52681732177734 1.750368595123291 0.1465056389570236
619 36.41285705566406 1.481179118156433 -1.206598043441772
620 40.57332992553711 -4.862605094909668 2.681416511535645
621 28.61929512023926 -4.578037738800049 1.505524635314941
622 -82.99967956542969 -6.61167049407959 8.524106025695801
623 -82.66024017333984 -6.01733922958374 9.234189033508301
624 -78.87035369873047 -2.006645679473877 9.965826034545898
625 62.5015983581543 5.921339988708496 -2.646110773086548
626 33.30839157104492 -3.535269975662231 -3.651848316192627
627 66.51631927490234 3.251909971237183 3.811474084854126
628 67.588134765625 5.52341365814209 3.824863195419312
629 -85.08245086669922 -2.371352434158325 1.898411750793457
630 -78.44345855712891 -6.239874362945557 -4.457273483276367
631 -77.83366394042969 -4.513028144836426 -5.33626651763916
632 71.26111602783203 8.253786087036133 -5.990984916687012
633 73.50039672851562 8.625591278076172 -4.966519832611084
634 -78.39286041259766 6.904798030853271 6.625626564025879
635 68.83979034423828 -2.476714849472046 0.9827753305435181
636 68.95437622070312 -2.156932353973389 0.2897424697875977
637 68.74395751953125 -1.903308629989624 1.704413890838623
638 -74.70185089111328 -2.18684983253479 8.981173515319824
639 -73.679443359375 -3.042754173278809 8.779986381530762
640 57.63069915771484 -8.404201507568359 3.57017183303833
641 -62.16564178466797 5.061281204223633 0.03593544289469719
642 -80.38361358642578 -6.585280418395996 9.392092704772949
643 -86.66797637939453 9.935470581054688 5.523403167724609
644 -87.880615234375 10.06134128570557 3.978226900100708
645 5.081843376159668 -4.999495506286621 -2.396138429641724
646 10.95764636993408 -4.841471672058105 -3.554142951965332
647 -45.77156448364258 -0.4781025946140289 2.277202606201172
648 -67.67026519775391 -5.417652130126953 -4.490840435028076
649 -85.08352661132812 -5.352967262268066 6.239028453826904
650 67.23825073242188 -1.381745100021362 5.218672275543213
651 68.30823516845703 -1.903838396072388 4.602836608886719
652 -65.83887481689453 6.734012603759766 -0.4447088241577148
653 -67.61817169189453 -6.497762203216553 1.883813738822937
654 -76.10666656494141 4.94124174118042 4.858332633972168
655 -79.37416076660156 5.46946907043457 5.969016551971436
656 70.34046936035156 -3.150961399078369 5.728984355926514
657 -71.1142578125 -5.423992156982422 -5.131573677062988
658 -84.46044921875 -6.041872501373291 7.42009973526001
659 56.00991821289062 3.37457013130188 -1.34123694896698
660 28.28426361083984 -2.04761266708374 2.942092418670654
661 -86.16056823730469 6.409987926483154 5.628543853759766
662 -77.65707397460938 -7.247552394866943 -3.674662828445435
663 44.88239669799805 -2.112167835235596 5.049096584320068
664 70.19025421142578 7.989984512329102 3.816227912902832
665 -78.55511474609375 -6.409284114837646 9.553715705871582
666 72.98468780517578 4.153575897216797 -5.257029056549072
667 68.91453552246094 11.41357231140137 -1.051963329315186
668 69.20867156982422 11.17501163482666 0.5993035435676575
669 70.97769165039062 11.3989200592041 0.2332039028406143
670 -81.42848205566406 3.324548244476318 4.061989307403564
671 -78.62979888916016 3.580039501190186 4.520184516906738
672 62.57873153686523 -4.07685661315918 8.468537330627441
673 62.3802490234375 -5.345993518829346 8.083576202392578
674 75.11618041992188 3.884958505630493 -2.341239452362061
675 75.43792724609375 5.885404586791992 -3.245151996612549
676 -35.85778427124023 -2.344817399978638 1.961081385612488
677 -25.38227462768555 -1.36881422996521 1.756252646446228
678 -84.91692352294922 10.81344127655029 -0.1693533062934875
679 64.96543884277344 -1.231911897659302 6.764628887176514
680 60.23697280883789 3.180817604064941 3.812443256378174
681 70.86659240722656 10.32299423217773 -4.392866134643555
682 -68.02174377441406 7.181884288787842 -3.171314001083374
683 37.30514526367188 -1.706262230873108 3.847318410873413
684 -66.93392944335938 -2.051469802856445 5.379823207855225
685 -74.80413818359375 11.08007717132568 1.508883357048035
686 -34.07901382446289 -2.512656927108765 -5.407756805419922
687 -66.01721954345703 -3.000380277633667 5.179282188415527
688 -84.49973297119141 2.755992412567139 3.018121004104614
689 -1.396745920181274 -1.103580355644226 1.747283101081848
690 -78.62125396728516 4.585446834564209 5.136850357055664
691 -54.23432159423828 -2.798388004302979 2.777910947799683
692 -57.02816772460938 -3.649478435516357 2.62524938583374
693 53.96939468383789 -6.73265552520752 4.429549217224121
694 -83.88546752929688 -2.360847234725952 -2.591226816177368
695 -82.43990325927734 -5.190906524658203 -3.333737850189209
696 -83.32855987548828 -5.262508392333984 -2.464315891265869
697 -72.93988037109375 -6.544746398925781 -4.50774621963501
698 32.96913146972656 1.458670854568481 -0.02459012158215046
699 -89.35050201416016 8.248119354248047 0.4178705513477325
700 -73.90007781982422 7.902764320373535 3.912239074707031
701 -84.10289764404297 -0.5090235471725464 3.068448781967163
702 -68.76390838623047 8.10338020324707 -1.215930819511414
703 -55.11872863769531 4.742400169372559 -2.061602115631104
704 -82.32500457763672 -2.647199869155884 -3.937811851501465
705 -87.09066772460938 8.861977577209473 5.791574954986572
706 70.84233093261719 11.07134246826172 1.092366099357605
707 -85.57290649414062 -0.0602133572101593 -0.8009207248687744
708 46.6617546081543 -5.327361583709717 3.402896642684937
709 50.38808059692383 -5.793520450592041 4.05189847946167
710 -19.997802734375 2.326828479766846 -4.793510913848877
711 68.81166839599609 -2.525129795074463 2.345517158508301
712 -88.20366668701172 7.485689163208008 4.782366275787354
713 -70.91271209716797 -2.344361066818237 7.18220043182373
714 -71.00448608398438 -3.627365589141846 7.48067045211792
715 -26.75447845458984 -0.592601478099823 1.721948623657227
716 61.33551788330078 -9.055028915405273 4.16105318069458
717 69.22390747070312 10.45046329498291 -4.217955589294434
718 67.65802764892578 10.58447551727295 -3.122158050537109
719 68.6343994140625 -0.8805147409439087 2.18651294708252
720 61.24464416503906 5.59860897064209 0.8146349787712097
721 61.50802230834961 5.961990833282471 -0.4226967394351959
722 -76.142333984375 -5.790519714355469 -5.015285968780518
723 49.61081314086914 -6.206274509429932 1.786071181297302
724 48.11381912231445 -5.840511322021484 2.741647005081177
725 -76.74643707275391 -2.189588308334351 9.686725616455078
726 56.19281387329102 3.962099552154541 -0.5305085778236389
727 60.96464920043945 5.509198665618896 -1.309456944465637
728 -73.79423522949219 3.639200448989868 -6.140037536621094
729 -78.6082763671875 -0.6693181991577148 8.984968185424805
730 75.34564208984375 8.67286205291748 0.414393424987793
731 63.20553588867188 3.212047100067139 3.678979873657227
732 63.96873092651367 4.292867183685303 3.240089654922485
733 68.53472900390625 -2.46540379524231 -1.006335973739624
734 69.13193511962891 -1.197128295898438 1.058425545692444
735 26.59600639343262 -2.975351572036743 2.495275974273682
736 18.20142936706543 -3.193798303604126 1.476864099502563
737 49.82611083984375 1.858481168746948 5.13441801071167
738 67.67482757568359 -7.180274486541748 2.092785596847534
739 -82.23231506347656 2.374770164489746 3.460835933685303
740 -37.96819305419922 -3.920592784881592 0.6846887469291687
741 71.33441925048828 2.941967487335205 -5.146031379699707
742 59.61876678466797 4.819308757781982 1.527435183525085
743 -79.19927215576172 0.9925647377967834 5.057678699493408
744 -78.37563323974609 1.529735684394836 4.755692005157471
745 72.41385650634766 1.286114096641541 -1.648920178413391
746 70.28225708007812 9.205284118652344 -5.508217334747314
747 -61.71459579467773 5.538196086883545 -0.8480563163757324
748 -84.29854583740234 -7.480049133300781 4.181699752807617
749 -81.35340118408203 2.27012038230896 -5.887051105499268
750 -79.25736999511719 0.6117565035820007 -6.009198188781738
751 -75.33009338378906 -4.131116390228271 -5.675907611846924
752 5.718030452728271 -0.0368901900947094 -5.516151905059814
753 -25.56240272521973 -4.297132968902588 -0.5364048480987549
754 -77.06088256835938 11.61704254150391 -0.3605149388313293
755 48.60956192016602 -2.461158990859985 -2.177897930145264
756 58.32683563232422 -8.498648643493652 4.231035709381104
757 69.18431854248047 2.702038049697876 -5.448715209960938
758 -85.29776000976562 9.484964370727539 6.548640727996826
759 -84.92799377441406 10.30792617797852 6.149441242218018
760 -64.59088134765625 5.259978294372559 -4.513825416564941
761 -75.75513458251953 1.339178800582886 5.241856098175049
762 75.45330047607422 4.178897380828857 -0.5127593278884888
763 67.28737640380859 10.76537609100342 -1.79761803150177
764 -72.33172607421875 0.7631649971008301 5.321045875549316
765 65.52418518066406 5.493614673614502 3.259299993515015
766 -75.49182891845703 0.3508896827697754 -6.238737106323242
767 -87.00702667236328 10.65362358093262 2.98491096496582
768 46.91143798828125 -3.975170850753784 -1.913458228111267
769 34.73231506347656 -3.990220069885254 2.826251983642578
770 -75.20069122314453 -7.280783653259277 7.271102905273438
771 53.16254425048828 4.14838171005249 1.611477375030518
772 61.38785934448242 4.241778373718262 -3.033246517181396
773 -85.82819366455078 2.957873582839966 -4.110687255859375
774 -85.16949462890625 -1.274333477020264 -0.2115852832794189
775 -68.83598327636719 -5.854757308959961 4.84414005279541
776 -82.56668090820312 3.753584146499634 -5.524834156036377
777 45.04546737670898 -0.6646826863288879 4.821823596954346
778 62.49751281738281 2.12294602394104 4.380677700042725
779 -74.8970947265625 5.410610675811768 4.626831531524658
780 59.69289398193359 -1.860408663749695 8.158114433288574
781 -86.22064208984375 10.82913589477539 4.607894420623779
782 -26.91012954711914 -4.61949348449707 -1.583837628364563
783 35.08300018310547 -2.958602666854858 3.43703293800354
784 -15.99835777282715 -0.982508659362793 1.735832929611206
785 8.890674591064453 0.3651895523071289 1.514904737472534
786 16.77801322937012 0.8473018407821655 0.6493008136749268
787 67.28020477294922 2.45978832244873 3.753859996795654
788 34.65503311157227 -2.925669193267822 -3.713920116424561
789 11.7290210723877 -3.645606279373169 0.6698470115661621
790 20.70907402038574 -4.466621398925781 0.4688014090061188
791 69.91039276123047 10.43206691741943 2.154231786727905
792 70.33175659179688 9.675749778747559 2.850727081298828
793 -7.255056381225586 -4.740002632141113 -2.966336965560913
794 42.91716003417969 -4.353123188018799 3.721359491348267
795 6.918610572814941 0.03910382091999054 1.817680478096008
796 17.81778526306152 -0.7302800416946411 2.14660382270813
797 -8.547346115112305 -4.397019386291504 -3.952235698699951
798 -62.53935241699219 -5.16456937789917 2.158098697662354
799 48.33172607421875 2.785593748092651 0.2442167103290558
800 73.61467742919922 3.457083463668823 -4.237873554229736
801 -78.25253295898438 -0.9423273801803589 -5.791286945343018
802 67.64604949951172 7.510975360870361 -5.856400012969971
803 -11.1511058807373 2.21392822265625 -2.656929731369019
804 -69.95121002197266 6.837003707885742 2.081758260726929
805 -2.174951791763306 -2.155612230300903 1.400699019432068
806 -12.34673023223877 -1.619654774665833 1.642161726951599
807 67.62298583984375 6.909872531890869 3.678104639053345
808 -83.0107421875 2.70018744468689 -5.411562919616699
809 41.16249847412109 -2.317503452301025 -2.943660974502563
810 -81.32205963134766 1.887986183166504 3.628137588500977
811 67.76345062255859 -7.155885696411133 3.955869436264038
812 -83.25360107421875 0.9988982081413269 2.873479127883911
813 -84.38776397705078 -1.529042720794678 4.016321659088135
814 60.40213012695312 -7.911227703094482 1.07080078125
815 11.12571239471436 -2.122252702713013 1.6831134557724
816 16.14616584777832 -4.57134485244751 -0.1460777074098587
817 70.3523023172329 6.095555560810327 -2.235223793182945
818 66.41792573254104 -3.638866974047663 1.205315982596397
819 -81.94618883449928 -4.620044056154773 0.4370734936848092
820 65.63619066376887 5.26810608082144 -0.52430718160353
821 -77.09207766664125 1.334748987232966 -2.053811535688121
822 -82.78900588084997 0.4975602358307666 -0.4692965292073216
823 -78.52019589176304 -3.383362725229216 7.321472023819176
824 62.53207096216808 3.148655512275009 -0.1699202974259805
825 -70.45148774913744 -3.188700988616009 -1.55384356362524
826 67.97599854821642 0.9596271083125113 0.400931678139511
827 -82.76177109479224 8.100670100967664 1.013940530521641
828 -76.37650512468785 7.872278280792562 1.029252107041404
829 66.94509135650375 7.380211619618764 0.5413211860964621
830 58.82750325263487 1.8516687198498 0.5638166499897332
831 68.71327355812008 7.627046520471522 -3.871657264132495
832 74.2016181119366 6.692732977258178 -0.2302396289070136
833 -73.75821130159453 -2.613474715838173 3.971234138494625
834 -66.38294372271831 -1.995963541138101 1.114129311255268
835 -80.67872783721069 4.086657823303457 1.035528081793615
836 64.61535852939723 -4.366683454072061 5.822946358141047
837 60.61704392821639 -2.308384709319468 2.522248226467422
838 72.464155580567 6.649897103738343 -4.069724204247334
839 71.66440802576639 9.008842145111323 0.3524275121645268
840 67.22510301705339 -1.357393412347371 0.6570082744652921
841 -83.3930681413274 8.61741836018455 5.232981289698279
842 -84.56196312477203 3.730391270304755 -0.9453806206490502
843 65.36026779508852 0.9081665953841004 2.292915342963923
844 -87.39471935112074 6.713774674719922 1.126159923754399
845 -79.94725673276251 0.3628260142877678 2.150085323177435
846 -82.49927447859326 -3.894919889382717 4.093954804659739
847 60.70155503847707 -5.806143662835623 4.343415045416458
848 -79.7707379572616 8.357683029967353 4.687828577280906
849 -78.74933914790435 -4.414592509316041 -1.88097680003218
850 70.83399690689176 9.103457623479331 -2.858389079551644
851 67.59345322028926 -4.835751378497524 3.515451033752491
852 -73.29306861356615 6.03353433522435 0.9352132792669385
853 53.45288954184406 -1.283945392003022 1.951002779453515
854 -82.33211157778672 -5.115744694421102 6.9399412935688
855 71.87051650883866 6.1966642663982 1.093441292019163
856 -82.97909979881062 -1.325026829657374 1.757187463819276
857 -85.72655779078138 8.599752509922093 3.903163947775265
858 45.33287098734869 -1.786507414101214 1.176067836481292
859 -76.83408032007902 3.317075202164624 2.483955972402532
860 72.84101546034084 4.659492964864186 -2.413824201316716
861 73.45684809668046 8.227900248526501 -2.432642108523205
862 -78.35411893151637 -1.23716341798833 4.248064728635541
863 70.18452621104251 3.45126066024344 0.3876800935568497
864 -79.68143106417524 9.784098222448508 1.684604169048543
865 -68.80476786434929 4.09842146019072 -0.5769167518841836
866 68.83926836462641 9.243118498561959 -0.1686892956112409
867 66.25642928540152 -1.95162161990899 3.44056323790999
868 39.35315431785231 -0.08448747542831038 -1.53165420331109
869 -70.65751527862213 7.183129154337136 -0.1336930360722995
870 49.30770750670215 2.678748113502009 3.322742293926655
871 27.60323363788339 -0.0909697139215087 1.568115765929797
872 -64.79586974102584 5.762674098696432 -1.26127474000817
873 46.69591393001168 1.430803515380452 -1.195566563569017
874 -56.89673280283196 -4.497914613547512 -1.133843490303394
875 44.86007624346665 -4.12781337040487 0.5078221860556837
876 -56.51092663632376 3.079133895198008 -2.251387110141365
877 69.19486662801437 -3.779453026819646 5.412985347532253
878 -83.81176961169039 -6.234595542650156 1.650538334440954
879 68.561088271188 -3.202209336470415 6.377978092523815
880 47.4705043052604 -0.9222113783656105 0.5318991010936628
881 -65.63033618746947 -2.357306567702992 4.210512311985255
882 -21.76347512536485 -1.462183413943186 -1.396866818468585
883 -77.20761728481948 -5.571159630251976 8.425708312888501
884 -63.88785749648857 -2.711617200800061 2.846910243388955
885 67.35304973310791 1.824199384308175 -2.099464457400685
886 36.98373730477785 0.4031134352153577 1.490769740633709
887 56.72126822803396 -2.076672923848675 4.880859151308187
888 -16.3007811105449 0.6238019860308066 0.2277200004640819
889 54.68529345486054 2.200937258427943 2.383313331993089
890 -44.09603537424265 2.866868062943901 -2.678134708786819
891 29.85804842613425 0.3511686822500737 -1.957313698819413
892 50.4617310518383 -3.991781854003515 3.131995955320115
893 0.891710760597296 -0.286939284963633 -2.012082550149164
894 34.27865635100186 -4.462287293866813 -2.367858029214303
895 -52.33033659319307 -2.704884890885099 1.323558896750323
896 16.78079184528601 -4.452975379054187 -2.638172174298346
897 -45.3662491131489 -3.647663001619108 -2.032890786387461
898 -39.33201344367657 -3.691128578545463 -2.278127386568948
899 8.25706858394085 -2.015700947202513 -2.227032159722762
900 -63.53980771768219 3.0332322792044 -2.316041304581495
901 17.13037519643963 -2.584517210943383 0.01285722399965866
902 -51.27878629681275 2.403451415920431 -3.686783608812841
903 1.433151684826878 -2.551924954119188 0.7447585523317493
904 -23.96092937923477 1.445590322457311 -4.202085501366415
905 -62.76896177420102 -2.695092973714305 -2.498862008590267
906 -7.526545196268768 -0.9557311513728157 -3.242254900353204
907 57.69366302261794 -0.1989272818682015 3.236726055150458
908 59.30062024174945 -6.498026891818931 3.191073592666853
909 40.97534445389018 0.9552819219291024 -0.2904908754798143
910 -54.16268756551518 -3.706891409001362 0.5302331577646616
911 27.63219342738487 -2.626219294813422 2.268772037752645
912 -62.68406023896556 -3.945659208922145 1.582363931553074
913 -41.78497251362493 -0.7268631943683849 -3.713189235509525
914 49.32068646740148 -1.238588268271422 2.567388164209046
915 69.31485252605574 -3.104882131719507 6.011946538777508
916 48.62097399206613 -5.374425530144308 0.1429214676150572
917 34.00926246199791 0.2670397531252418 -2.231482768429084
918 -64.92151585476832 -3.509549313009275 3.071511475150935
919 66.9754719125594 -2.661701675568952 6.207031745919086
920 69.38058809753811 -4.340528741377518 4.461307639994211
921 -68.05565206798447 6.440465580714346 -0.6836187706691799
922 -47.12113128689278 2.954046860747273 -2.834338037761565
923 50.58934984024771 2.082776674012634 -1.133173611051123
924 46.21243568284893 1.049328470332341 3.506644860526963
925 -46.37320771010668 -2.407393731135037 1.886058455596977
926 -54.95564647907091 3.782973968422306 -3.581467337947795
927 -44.42902315392725 2.436892313669487 -0.3776271687203829
928 20.41138971889199 -4.293149390187692 -1.786681596100916
929 43.89519132332011 -3.632902913995375 -0.4053182471196778
930 -8.963013179651073 -2.015637372899232 -2.623905862986979
931 13.36099545051146 -2.137238011870211 -4.563801134274906
932 7.257462717805598 -2.498060346765869 0.7594908242899817
933 -57.04580489420634 -2.537535583482623 2.614049975156545
934 -30.85837365227852 1.94861085124829 -4.014351684828414
935 19.34464220564993 0.8745904524444539 -2.809225510707669
936 69.4817187625316 2.906442961818441 -2.080065206352332
937 -67.62737860113489 -2.962485239684472 3.676763033271056
938 -65.74132817244902 -4.239298573659584 -2.095432633563211
939 35.68302584939308 -1.821167389311294 3.000618932858234
940 14.38704597680639 -0.5113510558682122 0.5580501759232105
941 -2.762792792279234 -0.8769147627239396 -2.1436055046491
942 50.42869815648547 -4.936429595645973 4.361301657766635
943 43.14437889994805 0.6935158248336453 0.3029748644858505
944 22.56356838403258 -1.936853933487666 0.8975106993080495
945 -44.39059313503376 -3.602116397693715 -3.392513102701466
946 52.63750322582698 2.005791874344397 0.4565216629346537
947 48.84360747858916 -3.821992793210697 3.024395514854321
948 16.02987865683533 0.7723117459431788 -3.442104885173107
949 -54.9237995182667 4.197468520678348 -1.276082647910109
950 -55.92344083147965 -3.62982304934488 1.810759652709927
951 -49.14544865075646 1.013112901331731 0.54541137356586
952 -42.94520697605853 -2.617701788055736 0.5944602459397214
953 10.96966395241615 -0.9789646988115543 0.5847646366909556
954 -0.9075141381935666 -0.5139113015880462 -4.919746333964631
955 -54.94621647067672 -4.71188928381499 -3.210786002186065
956 -15.73342028086651 -1.47955365469903 -4.218543499959114
957 -61.12341500501653 4.301484401810636 -4.236350859222343
958 -16.18781183430741 1.746911334202223 -3.835784916616656
959 -38.82225206025259 1.355909302911984 -0.8794155927404539
960 -17.28251492277865 -2.467509666656715 0.7122436105358911
961 41.13478873132075 -1.124290545574905 -1.507682975358166
962 30.60233418850163 -3.365953687115141 -2.617934579029249
963 23.27663836287454 -4.086232249478697 -0.8984095819265325
964 50.37544926245108 -5.862144437259383 1.059395411186417
965 51.69101913698469 2.798891465495965 3.643695405010198
966 -59.83351213377693 -2.909395375227108 2.381047615170945
967 -70.44404852090879 -3.256423284344955 4.720991530047646
968 -61.41246886014741 -0.9813868230071418 -5.41718846577753
969 50.94882700850558 -3.592138481581013 -0.6508134244105699
970 45.74729561181881 0.6939016048447735 -0.4831151607839507
971 37.47646352071585 -2.055714284240633 -2.020531513973334
972 -62.06581245202243 -2.687449216537761 3.061278402917461
973 -47.93223407957018 -1.912857211245958 1.205676649842214
974 -47.37847569917007 -0.7433214767632648 -5.317371414738834
975 -58.49087632961824 -5.060314138774376 -2.51328625650787
976 -41.57214015648648 1.915617236064842 -4.089950445803076
977 -52.02038552920492 3.723201797481388 -1.322057682146632
978 -8.442730731568588 1.307338142696403 -2.063491054565014
979 51.20103182308039 3.068814769424001 1.022225268458615
980 6.269377227209816 -1.440971907483343 -4.141372378993684
981 10.08822866331123 -3.535892292783506 -0.5569681272650902
982 28.05395061930877 -1.909071900211301 -2.715167856949174
983 24.9144133150382 -3.140857945346446 0.7026184356304013
984 36.50518057467279 -5.033657283926273 0.09326867308021775
985 -55.25304590993559 -2.514873250594918 2.450307613617961
986 25.68962574003145 -2.436087297818129 -1.105861188231093
987 -63.00826042638926 4.24400384679724 -3.598005975208093
988 67.37934990509693 -2.89817503076969 6.965021765343967
989 45.60032568476214 -2.208475153022602 2.897826261032671
990 -4.402620228001478 -2.697527708515911 -2.319446752979805
991 -57.78160747705668 -3.540237947810535 1.148793911483717
992 39.43247352970091 -2.585013884085444 2.858482158799165
993 56.87575528238457 -3.40242550796898 2.221487951129432
994 36.53609901189267 -0.3201284883510664 -2.173499424696907
995 -31.24469613636064 -2.99874151044628 -1.429238846182898
996 31.52423988084387 -2.631927078755449 2.437022991986498
997 22.2022706538083 -3.045647271249246 0.4572130147896001
998 23.98643637222683 -4.661169584440515 -1.427415774512805
999 42.21775149318042 -3.316365207959795 -1.992676464055694
1000 46.81837072695012 -5.190660188559438 1.111600729808646
1001 -29.66716946906916 1.704638496928492 -2.73591140811152
1002 49.81060913268686 1.81298096530789 2.255104841388539
1003 -59.64067912407474 3.627729472558806 -2.229507002757965
1004 22.94234763557442 -0.8781362869580349 -0.7002541455896287
1005 44.03233013405621 -1.68136587567038 3.934348596127424
1006 23.56703023779353 -3.628765249200109 -3.461447030035735
1007 -37.43095616946017 -1.16061106956727 0.07783072307213437
1008 -61.66231947888261 -5.308699686647891 -1.807935856545446
1009 -13.42961244113887 -0.7376498746997249 0.7790531113558617
1010 4.9880365318542 -1.683140814180286 1.044647463815165
1011 26.53997698205934 -0.9620415529116675 -4.012994696721112
1012 2.20174215990789 -3.857069861580057 -3.161201249418687
1013 47.02924823710643 -4.018845076126418 -0.2971219056915158
1014 -48.06702506240762 2.314697853784908 0.07814207136940524
1015 30.72401161758515 0.9017864916983708 -1.771380240422987
1016 -61.98183096216382 5.418993583353905 -1.799954145700549
1017 47.37448387813301 2.137215233894822 3.101258767850473
1018 20.27208659795397 -1.338768631133846 -0.1608016159853734
1019 -25.1017340075187 -0.7602362361014329 -0.5171513399513143
1020 -53.54155763942176 -0.2849107412908992 -5.321224885401606
1021 -11.16562930823058 1.318404843201348 -4.349211635652058
1022 29.979530861726 0.2152742306101817 0.6622936711310856
1023 31.94566973798605 -3.336285820223794 -3.030602508176591
1024 13.56857222204357 -4.178855185040266 -1.984009427275237
1025 45.53272003998594 -3.360982288867119 -1.356270653829866
1026 -26.68110223349769 -2.462525915278644 0.9980312457193727
1027 -33.16778342478447 0.987592138100017 -1.904586086013305
1028 20.9670959421935 -2.802801853973968 -4.094571242983519
1029 37.42020221681304 -3.183881149364005 -2.657276554403528
1030 17.54167015036583 -0.9673255091494981 1.331297800846897
1031 -33.60927292713269 -1.82613062359173 0.6712842868536023
1032 14.32080030590756 -1.854174334560519 -0.4461471997740959
1033 -13.96421890872248 0.6749113078345607 0.01517380560759037
1034 18.84781857324603 -2.019827084148902 -4.581378876423375
1035 34.52409944829203 -3.110216690011372 -3.252294874953503
1036 27.60096815350564 -3.846125281619096 -0.6191344907369487
1037 -7.230978263512215 -4.097737839512559 -3.497043145859291
1038 40.02946019847469 -3.973759092628418 -0.5537887246505695
1039 -32.77602852751634 1.564186658742143 -4.31515816809645
1040 -45.12449686769189 0.2846266466162626 -4.92106263871819
1041 -8.447041012401094 -0.2557640808229175 1.168970012140683
1042 9.794716311980816 -1.71623570547726 1.292353783406948
1043 47.81265131536583 -2.433963608115026 3.813456834671113
1044 -49.47634598970426 -3.870949166967771 -3.547129609992206
1045 -50.292590869338 3.104191871780882 -1.866785560076147
1046 36.17376716997791 1.236668340734653 0.6517505731545432
1047 30.37427304307942 -4.626764967212364 0.03925972550358774
1048 4.004034319020932 -1.283011321261871 -0.9724071375807588
1049 -24.96606378003213 -1.05207212140079 -2.990567074006467
1050 -4.15581704098402 -2.124464156099501 -4.267549807394851
1051 21.4681721437576 -0.8796675980098982 -4.601866893553122
1052 -11.05354897280516 -1.460164371827375 -3.405435385050414
1053 -36.59131694693865 -1.621811939723406 1.250321345617501
1054 -1.07075385308809 -2.206836744084239 -1.893515920602882
1055 -13.51885320181308 0.1509471372314306 1.260430525821532
1056 -46.67994285519155 0.4209777562049969 -5.555439330576563
1057 -50.0899138132539 3.139084394411524 -3.369984312629018
1058 -38.08688954511917 2.072126389776374 -3.671194124232478
1059 -51.7151237297501 -4.492224902387512 -2.152022865294692
1060 -29.13427713317492 -3.262302727999518 -4.100932509791627
1061 -13.33588680816088 1.609025606999586 -1.361189762220032
1062 -29.59002215055401 0.4896876200464492 -5.378729985065102
1063 33.41654414794139 1.227752298203366 -0.6274685794159662
1064 -11.86292291263272 -2.85671827253993 -3.233882531066034
1065 -3.132988192286136 -1.116198965019992 -4.845219316388294
1066 -1.36734236946611 -2.740520485042066 -0.442721764784758
1067 -48.53276678314058 -4.372139675771419 -2.348957445519804
$EndNodes
$Elements
3864
1 4 2 2 1 497 496 868 526
2 4 2 2 1 163 904 958 532
3 4 2 2 1 377 376 869 430
4 4 2 2 1 439 841 827 857
5 4 2 2 1 629 846 819 856
6 4 2 2 1 69 67 7 870
7 4 2 2 1 439 827 844 857
8 4 2 2 1 1022 4 871 5
9 4 2 2 1 482 862 823 82
10 4 2 2 1 846 82 862 482
11 4 2 2 1 797 1012 793 645
12 4 2 2 1 846 82 482 83
13 4 2 2 1 846 82 83 819
14 4 2 2 1 413 629 819 856
15 4 2 2 1 844 439 842 827
16 4 2 2 1 909 8 9 943
17 4 2 2 1 66 840 843 818
18 4 2 2 1 851 877 361 920
19 4 2 2 1 704 512 822 849
20 4 2 2 1 212 902 977 206
21 4 2 2 1 167 825 834 865
22 4 2 2 1 877 197 651 851
23 4 2 2 1 650 851 836 867
24 4 2 2 1 582 848 835 827
25 4 2 2 1 822 835 749 842
26 4 2 2 1 84 819 82 849
27 4 2 2 1 593 839 261 832
28 4 2 2 1 704 822 819 849
29 4 2 2 1 123 122 121 819
30 4 2 2 1 835 688 439 842
31 4 2 2 1 202 111 764 833
32 4 2 2 1 82 482 573 823
33 4 2 2 1 253 259 842 844
34 4 2 2 1 650 851 867 651
35 4 2 2 1 823 833 82 862
36 4 2 2 1 154 156 155 831
37 4 2 2 1 764 566 202 833
38 4 2 2 1 459 956 784 960
39 4 2 2 1 571 749 808 842
40 4 2 2 1 977 902 212 1045
41 4 2 2 1 125 447 172 822
42 4 2 2 1 572 839 861 832
43 4 2 2 1 650 851 651 197
44 4 2 2 1 844 842 439 438
45 4 2 2 1 512 574 822 849
46 4 2 2 1 936 817 820 863
47 4 2 2 1 156 251 155 831
48 4 2 2 1 650 851 197 836
49 4 2 2 1 84 83 82 819
50 4 2 2 1 1 2 843 867
51 4 2 2 1 244 243 287 820
52 4 2 2 1 846 82 819 862
53 4 2 2 1 413 819 414 856
54 4 2 2 1 458 838 675 861
55 4 2 2 1 121 819 122 849
56 4 2 2 1 174 835 842 688
57 4 2 2 1 793 1012 797 1037
58 4 2 2 1 821 749 574 822
59 4 2 2 1 664 839 855 866
60 4 2 2 1 749 822 821 835
61 4 2 2 1 605 823 833 82
62 4 2 2 1 572 839 832 261
63 4 2 2 1 458 675 409 861
64 4 2 2 1 901 1032 816 789
65 4 2 2 1 482 846 854 823
66 4 2 2 1 820 130 824 732
67 4 2 2 1 251 155 831 838
68 4 2 2 1 163 904 532 366
69 4 2 2 1 513 704 512 822
70 4 2 2 1 593 839 832 855
71 4 2 2 1 970 526 527 873
72 4 2 2 1 437 841 439 857
73 4 2 2 1 919 197 650 879
74 4 2 2 1 607 606 191 854
75 4 2 2 1 903 394 689 1010
76 4 2 2 1 251 817 838 831
77 4 2 2 1 571 822 749 842
78 4 2 2 1 172 822 447 842
79 4 2 2 1 792 791 839 866
80 4 2 2 1 629 311 846 856
81 4 2 2 1 438 439 688 842
82 4 2 2 1 827 343 848 864
83 4 2 2 1 583 827 841 848
84 4 2 2 1 10 116 557 928
85 4 2 2 1 83 819 157 846
86 4 2 2 1 813 701 372 856
87 4 2 2 1 860 861 675 838
88 4 2 2 1 694 819 704 822
89 4 2 2 1 874 352 449 910
90 4 2 2 1 202 490 294 859
91 4 2 2 1 819 849 845 862
92 4 2 2 1 519 843 840 826
93 4 2 2 1 977 902 545 206
94 4 2 2 1 572 839 261 262
95 4 2 2 1 793 1012 222 645
96 4 2 2 1 494 877 851 197
97 4 2 2 1 264 309 826 863
98 4 2 2 1 971 109 484 994
99 4 2 2 1 843 16 826 451
100 4 2 2 1 40 904 958 163
101 4 2 2 1 343 827 841 857
102 4 2 2 1 468 467 253 844
103 4 2 2 1 125 172 124 822
104 4 2 2 1 678 844 827 857
105 4 2 2 1 512 574 511 822
106 4 2 2 1 297 827 678 844
107 4 2 2 1 675 832 409 861
108 4 2 2 1 222 1012 793 1037
109 4 2 2 1 582 835 848 690
110 4 2 2 1 202 865 111 833
111 4 2 2 1 833 653 834 326
112 4 2 2 1 819 822 414 856
113 4 2 2 1 222 1012 223 645
114 4 2 2 1 261 572 730 832
115 4 2 2 1 365 528 233 828
116 4 2 2 1 285 478 875 477
117 4 2 2 1 718 866 60 831
118 4 2 2 1 1003 212 876 52
119 4 2 2 1 819 414 822 694
120 4 2 2 1 851 555 586 836
121 4 2 2 1 1046 580 886 618
122 4 2 2 1 718 850 293 866
123 4 2 2 1 157 819 878 846
124 4 2 2 1 628 829 855 863
125 4 2 2 1 512 511 513 822
126 4 2 2 1 316 315 314 832
127 4 2 2 1 623 606 607 854
128 4 2 2 1 125 707 447 822
129 4 2 2 1 531 383 717 831
130 4 2 2 1 165 666 61 838
131 4 2 2 1 270 595 818 840
132 4 2 2 1 666 63 61 838
133 4 2 2 1 343 827 857 435
134 4 2 2 1 424 877 47 851
135 4 2 2 1 227 623 607 854
136 4 2 2 1 351 122 123 819
137 4 2 2 1 287 119 120 829
138 4 2 2 1 671 739 670 835
139 4 2 2 1 320 321 744 845
140 4 2 2 1 835 688 739 670
141 4 2 2 1 316 348 315 832
142 4 2 2 1 851 555 836 502
143 4 2 2 1 718 831 850 866
144 4 2 2 1 821 574 749 750
145 4 2 2 1 629 311 500 846
146 4 2 2 1 308 309 745 863
147 4 2 2 1 79 778 731 843
148 4 2 2 1 90 823 89 833
149 4 2 2 1 255 447 707 822
150 4 2 2 1 833 326 775 611
151 4 2 2 1 492 810 739 835
152 4 2 2 1 572 839 262 861
153 4 2 2 1 3 836 433 867
154 4 2 2 1 88 331 713 833
155 4 2 2 1 243 59 288 829
156 4 2 2 1 833 326 611 605
157 4 2 2 1 862 520 363 823
158 4 2 2 1 739 812 174 822
159 4 2 2 1 822 845 819 849
160 4 2 2 1 189 188 187 822
161 4 2 2 1 678 827 435 857
162 4 2 2 1 141 270 595 818
163 4 2 2 1 792 70 791 866
164 4 2 2 1 827 848 343 841
165 4 2 2 1 545 902 977 1045
166 4 2 2 1 139 138 137 839
167 4 2 2 1 848 343 841 33
168 4 2 2 1 848 343 33 342
169 4 2 2 1 128 850 839 866
170 4 2 2 1 901 1032 117 816
171 4 2 2 1 298 297 299 844
172 4 2 2 1 817 838 831 850
173 4 2 2 1 604 846 748 854
174 4 2 2 1 594 157 878 489
175 4 2 2 1 128 129 839 850
176 4 2 2 1 122 819 351 849
177 4 2 2 1 473 817 251 831
178 4 2 2 1 351 123 158 819
179 4 2 2 1 807 628 829 855
180 4 2 2 1 824 742 615 830
181 4 2 2 1 175 890 274 959
182 4 2 2 1 593 839 855 139
183 4 2 2 1 230 840 66 818
184 4 2 2 1 744 761 364 862
185 4 2 2 1 462 835 827 842
186 4 2 2 1 839 850 129 861
187 4 2 2 1 664 866 829 70
188 4 2 2 1 776 808 749 842
189 4 2 2 1 718 717 293 850
190 4 2 2 1 244 721 59 824
191 4 2 2 1 158 157 83 819
192 4 2 2 1 988 879 919 219
193 4 2 2 1 494 877 197 495
194 4 2 2 1 833 653 326 605
195 4 2 2 1 482 862 846 823
196 4 2 2 1 425 860 832 675
197 4 2 2 1 860 861 838 817
198 4 2 2 1 138 792 137 839
199 4 2 2 1 225 624 192 823
200 4 2 2 1 848 343 342 864
201 4 2 2 1 936 826 863 820
202 4 2 2 1 244 59 243 820
203 4 2 2 1 821 202 865 852
204 4 2 2 1 632 838 450 850
205 4 2 2 1 591 592 314 832
206 4 2 2 1 821 822 574 849
207 4 2 2 1 473 817 831 820
208 4 2 2 1 455 749 750 821
209 4 2 2 1 408 832 572 861
210 4 2 2 1 813 311 701 856
211 4 2 2 1 851 555 502 585
212 4 2 2 1 718 831 717 850
213 4 2 2 1 322 857 844 678
214 4 2 2 1 494 877 495 361
215 4 2 2 1 628 820 829 863
216 4 2 2 1 749 821 455 835
217 4 2 2 1 591 593 592 832
218 4 2 2 1 261 730 593 832
219 4 2 2 1 545 902 235 206
220 4 2 2 1 813 372 846 856
221 4 2 2 1 452 840 48 867
222 4 2 2 1 283 282 458 861
223 4 2 2 1 3 2 1 867
224 4 2 2 1 409 425 426 832
225 4 2 2 1 235 902 545 1045
226 4 2 2 1 1039 934 200 1062
227 4 2 2 1 832 817 839 861
228 4 2 2 1 458 409 283 861
229 4 2 2 1 862 363 520 364
230 4 2 2 1 348 316 428 832
231 4 2 2 1 719 637 48 840
232 4 2 2 1 93 112 92 865
233 4 2 2 1 817 850 839 861
234 4 2 2 1 807 829 664 855
235 4 2 2 1 174 822 172 842
236 4 2 2 1 482 846 83 604
237 4 2 2 1 93 332 111 834
238 4 2 2 1 414 413 412 819
239 4 2 2 1 632 155 252 838
240 4 2 2 1 572 408 730 832
241 4 2 2 1 435 827 161 864
242 4 2 2 1 593 839 139 261
243 4 2 2 1 502 585 738 851
244 4 2 2 1 835 864 828 480
245 4 2 2 1 628 820 765 829
246 4 2 2 1 243 287 820 829
247 4 2 2 1 719 48 452 840
248 4 2 2 1 776 749 835 842
249 4 2 2 1 2 778 79 843
250 4 2 2 1 247 121 122 849
251 4 2 2 1 243 820 59 829
252 4 2 2 1 824 742 830 325
253 4 2 2 1 5 4 911 944
254 4 2 2 1 227 823 642 854
255 4 2 2 1 436 435 161 864
256 4 2 2 1 63 666 860 838
257 4 2 2 1 224 846 823 854
258 4 2 2 1 409 675 425 832
259 4 2 2 1 172 173 124 822
260 4 2 2 1 282 838 458 861
261 4 2 2 1 202 865 852 110
262 4 2 2 1 502 818 836 851
263 4 2 2 1 820 130 732 493
264 4 2 2 1 442 891 698 1022
265 4 2 2 1 236 28 1044 1020
266 4 2 2 1 228 227 226 823
267 4 2 2 1 202 865 110 111
268 4 2 2 1 315 832 348 855
269 4 2 2 1 125 774 707 822
270 4 2 2 1 118 664 807 829
271 4 2 2 1 451 452 399 843
272 4 2 2 1 342 435 436 864
273 4 2 2 1 846 845 819 856
274 4 2 2 1 78 832 860 855
275 4 2 2 1 835 864 480 827
276 4 2 2 1 293 850 128 866
277 4 2 2 1 699 440 299 844
278 4 2 2 1 670 582 671 835
279 4 2 2 1 593 832 591 855
280 4 2 2 1 428 425 762 832
281 4 2 2 1 409 832 408 861
282 4 2 2 1 117 1032 789 816
283 4 2 2 1 450 850 838 861
284 4 2 2 1 83 84 158 819
285 4 2 2 1 272 829 820 831
286 4 2 2 1 835 864 827 848
287 4 2 2 1 948 901 786 1032
288 4 2 2 1 746 383 384 831
289 4 2 2 1 813 846 311 856
290 4 2 2 1 260 262 261 839
291 4 2 2 1 664 839 866 792
292 4 2 2 1 746 450 681 850
293 4 2 2 1 583 827 848 582
294 4 2 2 1 262 839 129 861
295 4 2 2 1 487 846 649 854
296 4 2 2 1 409 426 408 832
297 4 2 2 1 384 154 746 831
298 4 2 2 1 452 416 843 867
299 4 2 2 1 84 351 819 849
300 4 2 2 1 458 62 675 838
301 4 2 2 1 462 827 614 842
302 4 2 2 1 774 822 125 856
303 4 2 2 1 821 845 822 849
304 4 2 2 1 351 158 84 819
305 4 2 2 1 348 428 762 832
306 4 2 2 1 843 732 824 731
307 4 2 2 1 131 244 130 824
308 4 2 2 1 224 445 823 846
309 4 2 2 1 846 157 489 878
310 4 2 2 1 343 435 342 864
311 4 2 2 1 319 812 845 856
312 4 2 2 1 817 855 829 863
313 4 2 2 1 624 725 334 823
314 4 2 2 1 817 839 850 866
315 4 2 2 1 40 904 163 162
316 4 2 2 1 200 934 1001 1062
317 4 2 2 1 309 264 745 863
318 4 2 2 1 188 187 822 842
319 4 2 2 1 606 190 191 854
320 4 2 2 1 717 831 746 850
321 4 2 2 1 255 707 187 822
322 4 2 2 1 190 823 191 854
323 4 2 2 1 407 408 572 861
324 4 2 2 1 132 731 778 824
325 4 2 2 1 412 413 488 819
326 4 2 2 1 63 860 666 800
327 4 2 2 1 1052 906 797 164
328 4 2 2 1 810 812 739 822
329 4 2 2 1 227 642 623 854
330 4 2 2 1 675 838 63 860
331 4 2 2 1 85 850 450 861
332 4 2 2 1 343 841 152 857
333 4 2 2 1 243 288 287 829
334 4 2 2 1 462 480 827 835
335 4 2 2 1 817 741 838 860
336 4 2 2 1 407 409 408 861
337 4 2 2 1 77 745 264 863
338 4 2 2 1 706 137 791 839
339 4 2 2 1 817 850 831 866
340 4 2 2 1 912 834 170 355
341 4 2 2 1 71 72 317 866
342 4 2 2 1 66 837 818 843
343 4 2 2 1 174 835 688 739
344 4 2 2 1 322 857 678 767
345 4 2 2 1 719 452 16 840
346 4 2 2 1 843 16 451 452
347 4 2 2 1 1025 1013 858 875
348 4 2 2 1 810 812 822 845
349 4 2 2 1 488 500 487 846
350 4 2 2 1 315 314 832 855
351 4 2 2 1 614 678 297 827
352 4 2 2 1 320 371 372 846
353 4 2 2 1 820 843 826 627
354 4 2 2 1 490 744 492 845
355 4 2 2 1 843 732 731 81
356 4 2 2 1 462 529 480 835
357 4 2 2 1 502 818 851 142
358 4 2 2 1 579 276 634 848
359 4 2 2 1 591 832 314 855
360 4 2 2 1 934 1001 904 475
361 4 2 2 1 492 810 835 845
362 4 2 2 1 934 475 1027 1001
363 4 2 2 1 22 841 446 848
364 4 2 2 1 494 836 197 851
365 4 2 2 1 190 192 191 823
366 4 2 2 1 875 1013 858 1000
367 4 2 2 1 62 63 675 838
368 4 2 2 1 845 849 833 862
369 4 2 2 1 875 1013 477 328
370 4 2 2 1 425 860 675 674
371 4 2 2 1 824 742 325 720
372 4 2 2 1 314 592 427 832
373 4 2 2 1 948 901 1032 117
374 4 2 2 1 654 276 828 848
375 4 2 2 1 452 48 416 867
376 4 2 2 1 125 822 124 856
377 4 2 2 1 129 850 85 861
378 4 2 2 1 520 364 761 862
379 4 2 2 1 821 202 852 859
380 4 2 2 1 936 308 860 863
381 4 2 2 1 632 450 746 850
382 4 2 2 1 308 863 530 860
383 4 2 2 1 372 373 813 846
384 4 2 2 1 248 818 840 230
385 4 2 2 1 161 435 678 827
386 4 2 2 1 477 1013 875 1000
387 4 2 2 1 287 288 119 829
388 4 2 2 1 654 828 690 848
389 4 2 2 1 343 827 435 864
390 4 2 2 1 855 866 839 817
391 4 2 2 1 174 835 739 822
392 4 2 2 1 62 61 63 838
393 4 2 2 1 835 864 848 828
394 4 2 2 1 821 202 859 833
395 4 2 2 1 778 837 824 843
396 4 2 2 1 72 119 317 829
397 4 2 2 1 224 479 846 854
398 4 2 2 1 138 839 139 855
399 4 2 2 1 718 60 866 763
400 4 2 2 1 936 860 741 817
401 4 2 2 1 50 1054 954 990
402 4 2 2 1 552 197 494 836
403 4 2 2 1 1052 906 930 797
404 4 2 2 1 734 637 719 840
405 4 2 2 1 828 835 690 848
406 4 2 2 1 690 671 582 835
407 4 2 2 1 129 669 128 839
408 4 2 2 1 447 822 255 842
409 4 2 2 1 838 850 817 861
410 4 2 2 1 860 861 817 832
411 4 2 2 1 609 649 846 854
412 4 2 2 1 17 734 719 826
413 4 2 2 1 823 846 445 862
414 4 2 2 1 821 202 833 865
415 4 2 2 1 442 871 1022 113
416 4 2 2 1 560 596 772 824
417 4 2 2 1 224 823 190 854
418 4 2 2 1 746 717 383 831
419 4 2 2 1 194 195 948 193
420 4 2 2 1 520 729 363 823
421 4 2 2 1 408 426 427 832
422 4 2 2 1 480 529 828 835
423 4 2 2 1 190 224 225 823
424 4 2 2 1 1021 1052 41 164
425 4 2 2 1 609 846 649 612
426 4 2 2 1 2 837 778 843
427 4 2 2 1 452 843 840 867
428 4 2 2 1 331 833 111 834
429 4 2 2 1 865 93 111 834
430 4 2 2 1 624 729 725 823
431 4 2 2 1 778 824 731 843
432 4 2 2 1 72 71 70 866
433 4 2 2 1 50 1054 990 43
434 4 2 2 1 174 835 822 842
435 4 2 2 1 128 293 127 850
436 4 2 2 1 155 251 252 838
437 4 2 2 1 482 846 604 854
438 4 2 2 1 295 296 654 859
439 4 2 2 1 437 583 439 841
440 4 2 2 1 633 450 838 861
441 4 2 2 1 666 838 741 860
442 4 2 2 1 50 1054 43 903
443 4 2 2 1 251 666 165 838
444 4 2 2 1 649 500 612 846
445 4 2 2 1 59 820 244 824
446 4 2 2 1 78 832 855 348
447 4 2 2 1 821 835 822 845
448 4 2 2 1 254 381 253 842
449 4 2 2 1 539 593 591 855
450 4 2 2 1 717 746 681 850
451 4 2 2 1 813 612 311 846
452 4 2 2 1 174 173 172 822
453 4 2 2 1 636 270 635 840
454 4 2 2 1 80 81 627 843
455 4 2 2 1 824 325 830 132
456 4 2 2 1 843 16 452 840
457 4 2 2 1 319 812 321 845
458 4 2 2 1 41 1052 1021 930
459 4 2 2 1 37 665 228 823
460 4 2 2 1 188 822 571 842
461 4 2 2 1 353 110 201 852
462 4 2 2 1 717 681 127 850
463 4 2 2 1 256 704 695 849
464 4 2 2 1 249 826 519 840
465 4 2 2 1 71 791 70 866
466 4 2 2 1 539 139 593 855
467 4 2 2 1 363 862 823 445
468 4 2 2 1 487 500 649 846
469 4 2 2 1 221 1052 41 930
470 4 2 2 1 166 1020 421 431
471 4 2 2 1 425 860 674 762
472 4 2 2 1 62 165 61 838
473 4 2 2 1 72 829 317 866
474 4 2 2 1 408 427 730 832
475 4 2 2 1 865 111 93 112
476 4 2 2 1 320 445 371 846
477 4 2 2 1 810 321 812 845
478 4 2 2 1 836 837 433 867
479 4 2 2 1 642 823 389 854
480 4 2 2 1 811 836 494 851
481 4 2 2 1 447 303 172 842
482 4 2 2 1 427 592 730 832
483 4 2 2 1 846 845 856 320
484 4 2 2 1 927 922 210 273
485 4 2 2 1 730 592 593 832
486 4 2 2 1 421 1020 166 974
487 4 2 2 1 137 706 260 839
488 4 2 2 1 821 865 833 825
489 4 2 2 1 855 866 817 829
490 4 2 2 1 128 127 129 850
491 4 2 2 1 3 836 650 919
492 4 2 2 1 371 373 372 846
493 4 2 2 1 669 128 839 866
494 4 2 2 1 399 452 416 843
495 4 2 2 1 837 843 2 867
496 4 2 2 1 60 829 272 831
497 4 2 2 1 792 791 137 839
498 4 2 2 1 572 262 86 861
499 4 2 2 1 87 282 283 861
500 4 2 2 1 192 190 225 823
501 4 2 2 1 1056 974 421 1040
502 4 2 2 1 759 152 841 857
503 4 2 2 1 734 719 826 840
504 4 2 2 1 421 1020 29 431
505 4 2 2 1 210 922 927 302
506 4 2 2 1 820 843 627 81
507 4 2 2 1 62 458 282 838
508 4 2 2 1 1056 974 1040 302
509 4 2 2 1 189 187 707 822
510 4 2 2 1 519 843 824 66
511 4 2 2 1 751 821 849 825
512 4 2 2 1 843 732 81 820
513 4 2 2 1 781 343 152 857
514 4 2 2 1 118 120 119 829
515 4 2 2 1 671 492 739 835
516 4 2 2 1 531 717 718 831
517 4 2 2 1 22 375 374 848
518 4 2 2 1 664 839 792 138
519 4 2 2 1 17 265 734 826
520 4 2 2 1 262 260 669 839
521 4 2 2 1 482 389 823 854
522 4 2 2 1 72 70 829 866
523 4 2 2 1 719 16 826 840
524 4 2 2 1 433 837 2 867
525 4 2 2 1 16 17 719 826
526 4 2 2 1 552 369 521 836
527 4 2 2 1 110 202 201 852
528 4 2 2 1 165 252 251 838
529 4 2 2 1 321 320 319 845
530 4 2 2 1 718 293 763 866
531 4 2 2 1 324 857 515 844
532 4 2 2 1 256 512 704 849
533 4 2 2 1 817 831 829 866
534 4 2 2 1 934 1027 475 404
535 4 2 2 1 248 818 230 525
536 4 2 2 1 399 416 1 843
537 4 2 2 1 477 1013 916 328
538 4 2 2 1 678 435 767 857
539 4 2 2 1 513 694 704 822
540 4 2 2 1 209 210 959 1007
541 4 2 2 1 295 294 296 859
542 4 2 2 1 668 791 71 866
543 4 2 2 1 914 947 858 755
544 4 2 2 1 843 732 820 824
545 4 2 2 1 111 834 833 865
546 4 2 2 1 320 445 846 862
547 4 2 2 1 684 332 881 834
548 4 2 2 1 353 201 354 852
549 4 2 2 1 822 845 812 856
550 4 2 2 1 129 262 669 839
551 4 2 2 1 377 804 852 865
552 4 2 2 1 32 848 342 864
553 4 2 2 1 829 831 60 866
554 4 2 2 1 758 759 153 841
555 4 2 2 1 409 407 283 861
556 4 2 2 1 857 515 844 516
557 4 2 2 1 266 616 754 864
558 4 2 2 1 673 672 836 847
559 4 2 2 1 916 1013 477 1000
560 4 2 2 1 384 382 802 831
561 4 2 2 1 669 706 668 866
562 4 2 2 1 847 818 837 836
563 4 2 2 1 801 750 574 821
564 4 2 2 1 85 129 127 850
565 4 2 2 1 384 383 382 831
566 4 2 2 1 669 839 706 866
567 4 2 2 1 566 764 520 833
568 4 2 2 1 86 129 85 861
569 4 2 2 1 86 262 129 861
570 4 2 2 1 574 801 821 849
571 4 2 2 1 734 636 637 840
572 4 2 2 1 85 127 450 850
573 4 2 2 1 833 834 825 865
574 4 2 2 1 282 633 838 861
575 4 2 2 1 666 251 741 838
576 4 2 2 1 42 1060 1049 601
577 4 2 2 1 22 374 841 848
578 4 2 2 1 614 481 678 827
579 4 2 2 1 202 294 295 859
580 4 2 2 1 642 389 608 854
581 4 2 2 1 819 845 822 856
582 4 2 2 1 59 721 58 824
583 4 2 2 1 1031 676 1007 57
584 4 2 2 1 520 761 833 862
585 4 2 2 1 606 143 190 854
586 4 2 2 1 718 60 531 831
587 4 2 2 1 461 462 614 842
588 4 2 2 1 843 16 840 826
589 4 2 2 1 454 455 821 835
590 4 2 2 1 776 835 453 842
591 4 2 2 1 47 96 424 851
592 4 2 2 1 962 891 107 1011
593 4 2 2 1 200 1001 42 1062
594 4 2 2 1 118 807 120 829
595 4 2 2 1 846 845 320 862
596 4 2 2 1 779 295 654 859
597 4 2 2 1 681 450 127 850
598 4 2 2 1 47 46 48 867
599 4 2 2 1 66 824 837 843
600 4 2 2 1 3 433 2 867
601 4 2 2 1 832 855 817 860
602 4 2 2 1 754 616 159 864
603 4 2 2 1 514 643 705 857
604 4 2 2 1 531 382 383 831
605 4 2 2 1 759 152 153 841
606 4 2 2 1 828 821 852 859
607 4 2 2 1 857 279 437 841
608 4 2 2 1 635 637 636 840
609 4 2 2 1 282 87 633 861
610 4 2 2 1 770 823 38 833
611 4 2 2 1 828 821 859 835
612 4 2 2 1 636 263 733 840
613 4 2 2 1 248 818 525 140
614 4 2 2 1 773 535 381 842
615 4 2 2 1 3 836 919 679
616 4 2 2 1 717 127 293 850
617 4 2 2 1 857 515 516 514
618 4 2 2 1 399 80 787 843
619 4 2 2 1 363 862 445 362
620 4 2 2 1 252 165 282 838
621 4 2 2 1 124 822 173 856
622 4 2 2 1 154 384 802 831
623 4 2 2 1 860 861 832 675
624 4 2 2 1 308 530 863 745
625 4 2 2 1 187 255 822 842
626 4 2 2 1 373 609 612 846
627 4 2 2 1 674 675 63 860
628 4 2 2 1 669 260 706 839
629 4 2 2 1 857 515 514 644
630 4 2 2 1 282 165 62 838
631 4 2 2 1 772 271 625 824
632 4 2 2 1 247 630 575 849
633 4 2 2 1 152 33 153 841
634 4 2 2 1 210 922 647 273
635 4 2 2 1 323 299 297 844
636 4 2 2 1 832 839 817 855
637 4 2 2 1 322 857 767 324
638 4 2 2 1 5 911 996 660
639 4 2 2 1 667 293 128 866
640 4 2 2 1 152 343 33 841
641 4 2 2 1 833 845 821 849
642 4 2 2 1 201 202 295 852
643 4 2 2 1 812 173 822 856
644 4 2 2 1 425 860 762 832
645 4 2 2 1 369 523 521 836
646 4 2 2 1 647 922 210 302
647 4 2 2 1 647 922 56 273
648 4 2 2 1 514 644 643 857
649 4 2 2 1 153 23 758 841
650 4 2 2 1 501 18 826 863
651 4 2 2 1 572 86 407 861
652 4 2 2 1 1022 982 891 962
653 4 2 2 1 541 826 18 863
654 4 2 2 1 56 922 647 302
655 4 2 2 1 462 453 835 842
656 4 2 2 1 303 174 172 842
657 4 2 2 1 552 521 551 836
658 4 2 2 1 566 520 761 833
659 4 2 2 1 37 883 665 823
660 4 2 2 1 605 823 82 573
661 4 2 2 1 416 48 46 867
662 4 2 2 1 358 541 540 863
663 4 2 2 1 311 124 701 856
664 4 2 2 1 295 779 852 859
665 4 2 2 1 869 377 430 852
666 4 2 2 1 547 824 615 830
667 4 2 2 1 946 508 507 853
668 4 2 2 1 479 609 846 854
669 4 2 2 1 76 358 855 863
670 4 2 2 1 173 174 812 822
671 4 2 2 1 246 833 849 82
672 4 2 2 1 741 251 817 838
673 4 2 2 1 230 818 66 837
674 4 2 2 1 266 754 828 864
675 4 2 2 1 583 841 374 848
676 4 2 2 1 779 654 828 859
677 4 2 2 1 591 314 565 855
678 4 2 2 1 712 281 661 857
679 4 2 2 1 257 833 834 825
680 4 2 2 1 812 319 173 856
681 4 2 2 1 79 1 2 843
682 4 2 2 1 817 860 855 863
683 4 2 2 1 573 482 389 823
684 4 2 2 1 781 435 343 857
685 4 2 2 1 669 667 128 866
686 4 2 2 1 479 143 609 854
687 4 2 2 1 389 604 608 854
688 4 2 2 1 818 843 837 867
689 4 2 2 1 804 353 852 865
690 4 2 2 1 246 84 82 849
691 4 2 2 1 778 132 824 830
692 4 2 2 1 299 323 699 844
693 4 2 2 1 700 852 828 398
694 4 2 2 1 633 252 282 838
695 4 2 2 1 516 269 515 844
696 4 2 2 1 405 551 521 836
697 4 2 2 1 778 830 824 837
698 4 2 2 1 604 748 589 854
699 4 2 2 1 828 821 835 454
700 4 2 2 1 824 742 720 615
701 4 2 2 1 661 437 306 857
702 4 2 2 1 96 711 95 851
703 4 2 2 1 58 625 820 824
704 4 2 2 1 818 837 836 867
705 4 2 2 1 248 818 140 840
706 4 2 2 1 42 1001 200 1027
707 4 2 2 1 492 845 835 859
708 4 2 2 1 56 922 235 273
709 4 2 2 1 609 373 479 846
710 4 2 2 1 225 224 363 823
711 4 2 2 1 311 126 124 856
712 4 2 2 1 320 362 445 862
713 4 2 2 1 298 536 461 842
714 4 2 2 1 363 862 362 364
715 4 2 2 1 266 828 13 864
716 4 2 2 1 625 271 820 824
717 4 2 2 1 609 144 649 854
718 4 2 2 1 828 848 238 864
719 4 2 2 1 224 445 363 823
720 4 2 2 1 143 144 609 854
721 4 2 2 1 669 668 667 866
722 4 2 2 1 373 612 813 846
723 4 2 2 1 915 879 198 220
724 4 2 2 1 502 818 142 524
725 4 2 2 1 102 467 440 844
726 4 2 2 1 516 712 844 857
727 4 2 2 1 499 142 738 851
728 4 2 2 1 454 828 529 835
729 4 2 2 1 586 368 811 836
730 4 2 2 1 235 922 56 302
731 4 2 2 1 835 690 859 828
732 4 2 2 1 370 369 368 836
733 4 2 2 1 24 23 22 841
734 4 2 2 1 759 841 758 857
735 4 2 2 1 621 986 1036 558
736 4 2 2 1 272 820 26 831
737 4 2 2 1 912 599 355 1008
738 4 2 2 1 982 891 962 1011
739 4 2 2 1 138 139 539 855
740 4 2 2 1 735 996 911 660
741 4 2 2 1 399 79 80 843
742 4 2 2 1 596 560 561 830
743 4 2 2 1 15 848 32 864
744 4 2 2 1 590 623 622 854
745 4 2 2 1 142 141 818 851
746 4 2 2 1 758 841 280 857
747 4 2 2 1 807 563 628 855
748 4 2 2 1 667 763 293 866
749 4 2 2 1 130 132 131 824
750 4 2 2 1 840 843 818 867
751 4 2 2 1 500 311 612 846
752 4 2 2 1 59 58 820 824
753 4 2 2 1 807 664 563 855
754 4 2 2 1 187 254 255 842
755 4 2 2 1 143 145 144 854
756 4 2 2 1 847 818 836 502
757 4 2 2 1 271 26 272 820
758 4 2 2 1 18 541 17 826
759 4 2 2 1 759 781 152 857
760 4 2 2 1 828 821 454 852
761 4 2 2 1 371 479 373 846
762 4 2 2 1 565 314 315 855
763 4 2 2 1 126 413 774 856
764 4 2 2 1 824 325 132 131
765 4 2 2 1 103 763 318 866
766 4 2 2 1 629 126 311 856
767 4 2 2 1 492 835 671 859
768 4 2 2 1 988 919 196 836
769 4 2 2 1 399 1 79 843
770 4 2 2 1 46 47 651 867
771 4 2 2 1 982 1022 621 962
772 4 2 2 1 202 295 852 859
773 4 2 2 1 574 631 801 849
774 4 2 2 1 276 779 654 828
775 4 2 2 1 482 604 389 854
776 4 2 2 1 110 852 353 865
777 4 2 2 1 235 922 902 273
778 4 2 2 1 521 673 405 836
779 4 2 2 1 902 922 235 302
780 4 2 2 1 531 60 272 831
781 4 2 2 1 89 764 88 833
782 4 2 2 1 836 851 818 867
783 4 2 2 1 1015 1063 891 496
784 4 2 2 1 825 833 821 849
785 4 2 2 1 580 868 961 971
786 4 2 2 1 554 716 556 847
787 4 2 2 1 907 837 853 830
788 4 2 2 1 835 859 690 671
789 4 2 2 1 119 288 317 829
790 4 2 2 1 666 310 800 860
791 4 2 2 1 71 317 318 866
792 4 2 2 1 492 671 491 859
793 4 2 2 1 857 437 279 661
794 4 2 2 1 699 324 267 844
795 4 2 2 1 525 524 142 818
796 4 2 2 1 743 744 364 862
797 4 2 2 1 435 781 767 857
798 4 2 2 1 473 251 156 831
799 4 2 2 1 63 800 674 860
800 4 2 2 1 700 852 398 277
801 4 2 2 1 469 910 292 449
802 4 2 2 1 415 3 1 867
803 4 2 2 1 280 841 279 857
804 4 2 2 1 267 515 269 844
805 4 2 2 1 24 22 374 841
806 4 2 2 1 596 824 560 830
807 4 2 2 1 398 828 430 852
808 4 2 2 1 824 325 131 720
809 4 2 2 1 988 220 879 219
810 4 2 2 1 779 828 852 859
811 4 2 2 1 964 724 723 892
812 4 2 2 1 630 722 631 849
813 4 2 2 1 32 15 31 848
814 4 2 2 1 317 103 318 866
815 4 2 2 1 414 822 774 856
816 4 2 2 1 764 89 520 833
817 4 2 2 1 738 142 502 851
818 4 2 2 1 257 833 825 245
819 4 2 2 1 320 743 362 862
820 4 2 2 1 671 296 491 859
821 4 2 2 1 161 159 436 864
822 4 2 2 1 317 829 103 866
823 4 2 2 1 774 414 707 822
824 4 2 2 1 296 294 491 859
825 4 2 2 1 66 824 830 837
826 4 2 2 1 808 776 570 842
827 4 2 2 1 315 358 540 855
828 4 2 2 1 711 818 851 867
829 4 2 2 1 521 523 522 836
830 4 2 2 1 141 142 499 851
831 4 2 2 1 673 836 522 847
832 4 2 2 1 86 85 87 861
833 4 2 2 1 970 581 858 7
834 4 2 2 1 552 368 369 836
835 4 2 2 1 688 174 303 842
836 4 2 2 1 759 758 643 857
837 4 2 2 1 533 1021 457 906
838 4 2 2 1 238 828 397 848
839 4 2 2 1 701 124 173 856
840 4 2 2 1 463 66 830 837
841 4 2 2 1 912 599 600 355
842 4 2 2 1 104 611 770 833
843 4 2 2 1 964 724 892 329
844 4 2 2 1 64 830 65 853
845 4 2 2 1 87 407 86 861
846 4 2 2 1 267 269 268 844
847 4 2 2 1 705 280 281 857
848 4 2 2 1 103 829 60 866
849 4 2 2 1 891 1063 917 496
850 4 2 2 1 410 1008 599 912
851 4 2 2 1 575 256 247 849
852 4 2 2 1 96 95 94 851
853 4 2 2 1 473 817 820 757
854 4 2 2 1 203 1060 995 686
855 4 2 2 1 492 744 321 845
856 4 2 2 1 763 103 60 866
857 4 2 2 1 47 851 651 867
858 4 2 2 1 451 18 16 826
859 4 2 2 1 485 109 961 868
860 4 2 2 1 449 292 874 910
861 4 2 2 1 494 877 361 851
862 4 2 2 1 581 7 67 858
863 4 2 2 1 14 15 32 864
864 4 2 2 1 42 1060 601 176
865 4 2 2 1 522 836 523 847
866 4 2 2 1 666 741 310 860
867 4 2 2 1 238 848 15 864
868 4 2 2 1 743 364 362 862
869 4 2 2 1 492 321 810 845
870 4 2 2 1 84 246 351 849
871 4 2 2 1 281 279 661 857
872 4 2 2 1 630 662 722 849
873 4 2 2 1 521 522 673 836
874 4 2 2 1 454 453 455 835
875 4 2 2 1 540 501 564 863
876 4 2 2 1 416 46 415 867
877 4 2 2 1 668 71 318 866
878 4 2 2 1 230 524 525 818
879 4 2 2 1 294 490 491 859
880 4 2 2 1 280 279 281 857
881 4 2 2 1 763 667 318 866
882 4 2 2 1 110 353 112 865
883 4 2 2 1 462 461 453 842
884 4 2 2 1 575 630 631 849
885 4 2 2 1 273 210 1014 951
886 4 2 2 1 456 237 579 848
887 4 2 2 1 781 759 643 857
888 4 2 2 1 13 828 238 864
889 4 2 2 1 283 407 87 861
890 4 2 2 1 46 651 650 867
891 4 2 2 1 590 145 623 854
892 4 2 2 1 725 729 90 823
893 4 2 2 1 324 857 767 644
894 4 2 2 1 393 215 213 830
895 4 2 2 1 246 833 82 245
896 4 2 2 1 542 716 554 847
897 4 2 2 1 78 832 348 762
898 4 2 2 1 188 570 773 842
899 4 2 2 1 900 93 865 431
900 4 2 2 1 324 857 644 515
901 4 2 2 1 189 694 513 822
902 4 2 2 1 917 1063 891 698
903 4 2 2 1 465 522 21 847
904 4 2 2 1 214 215 561 830
905 4 2 2 1 358 540 855 863
906 4 2 2 1 110 112 111 865
907 4 2 2 1 28 206 949 876
908 4 2 2 1 80 627 787 843
909 4 2 2 1 109 917 107 484
910 4 2 2 1 21 553 716 847
911 4 2 2 1 565 539 591 855
912 4 2 2 1 393 824 596 830
913 4 2 2 1 906 1021 335 337
914 4 2 2 1 644 781 643 857
915 4 2 2 1 25 271 772 824
916 4 2 2 1 434 830 778 837
917 4 2 2 1 531 26 382 831
918 4 2 2 1 672 400 405 836
919 4 2 2 1 835 845 821 859
920 4 2 2 1 237 456 422 848
921 4 2 2 1 20 21 756 847
922 4 2 2 1 658 144 145 854
923 4 2 2 1 905 912 1008 410
924 4 2 2 1 267 324 515 844
925 4 2 2 1 673 672 405 836
926 4 2 2 1 154 802 27 831
927 4 2 2 1 1046 580 618 698
928 4 2 2 1 433 679 432 836
929 4 2 2 1 471 828 454 852
930 4 2 2 1 611 605 770 833
931 4 2 2 1 674 800 308 860
932 4 2 2 1 917 1063 115 496
933 4 2 2 1 900 760 865 92
934 4 2 2 1 885 519 474 249
935 4 2 2 1 918 834 881 332
936 4 2 2 1 306 712 661 857
937 4 2 2 1 268 269 101 844
938 4 2 2 1 214 561 659 830
939 4 2 2 1 318 667 668 866
940 4 2 2 1 246 833 245 825
941 4 2 2 1 465 673 522 847
942 4 2 2 1 413 126 629 856
943 4 2 2 1 159 616 436 864
944 4 2 2 1 15 239 31 848
945 4 2 2 1 473 817 757 251
946 4 2 2 1 414 189 707 822
947 4 2 2 1 47 711 96 851
948 4 2 2 1 446 239 422 848
949 4 2 2 1 501 451 787 826
950 4 2 2 1 519 392 66 824
951 4 2 2 1 288 103 317 829
952 4 2 2 1 579 237 397 848
953 4 2 2 1 567 42 1027 584
954 4 2 2 1 32 342 14 864
955 4 2 2 1 456 579 634 848
956 4 2 2 1 714 684 967 713
957 4 2 2 1 454 471 529 828
958 4 2 2 1 688 303 438 842
959 4 2 2 1 385 36 907 35
960 4 2 2 1 413 414 774 856
961 4 2 2 1 627 826 787 843
962 4 2 2 1 449 874 411 955
963 4 2 2 1 322 857 324 844
964 4 2 2 1 608 604 589 854
965 4 2 2 1 907 36 385 275
966 4 2 2 1 1060 164 1049 601
967 4 2 2 1 658 649 144 854
968 4 2 2 1 885 826 249 250
969 4 2 2 1 306 844 712 857
970 4 2 2 1 699 323 324 844
971 4 2 2 1 501 18 451 826
972 4 2 2 1 971 289 886 242
973 4 2 2 1 874 910 292 549
974 4 2 2 1 140 595 733 840
975 4 2 2 1 1036 982 621 962
976 4 2 2 1 218 919 879 219
977 4 2 2 1 650 415 46 867
978 4 2 2 1 2 434 778 837
979 4 2 2 1 601 203 686 1060
980 4 2 2 1 905 912 410 834
981 4 2 2 1 621 442 982 1036
982 4 2 2 1 375 634 655 848
983 4 2 2 1 905 1008 170 448
984 4 2 2 1 315 540 565 855
985 4 2 2 1 115 1063 917 698
986 4 2 2 1 17 16 18 826
987 4 2 2 1 674 308 530 860
988 4 2 2 1 656 877 47 424
989 4 2 2 1 920 360 361 359
990 4 2 2 1 803 906 978 44
991 4 2 2 1 470 30 760 865
992 4 2 2 1 1030 598 786 940
993 4 2 2 1 847 818 502 524
994 4 2 2 1 2 433 434 837
995 4 2 2 1 154 27 156 831
996 4 2 2 1 234 865 869 852
997 4 2 2 1 853 907 36 35
998 4 2 2 1 433 836 432 837
999 4 2 2 1 888 41 40 1033
1000 4 2 2 1 325 576 387 830
1001 4 2 2 1 889 36 853 907
1002 4 2 2 1 825 246 849 603
1003 4 2 2 1 455 534 454 821
1004 4 2 2 1 978 906 803 335
1005 4 2 2 1 132 680 325 830
1006 4 2 2 1 414 694 189 822
1007 4 2 2 1 161 160 159 864
1008 4 2 2 1 540 564 855 863
1009 4 2 2 1 978 906 1041 44
1010 4 2 2 1 454 821 534 852
1011 4 2 2 1 1028 116 1034 117
1012 4 2 2 1 599 905 1008 410
1013 4 2 2 1 1041 906 978 335
1014 4 2 2 1 216 65 213 853
1015 4 2 2 1 531 272 26 831
1016 4 2 2 1 40 956 41 888
1017 4 2 2 1 53 900 760 987
1018 4 2 2 1 1041 906 805 44
1019 4 2 2 1 214 213 215 830
1020 4 2 2 1 1049 460 956 40
1021 4 2 2 1 378 921 872 865
1022 4 2 2 1 830 507 853 726
1023 4 2 2 1 444 1034 931 304
1024 4 2 2 1 101 712 306 844
1025 4 2 2 1 820 473 757 474
1026 4 2 2 1 324 323 322 844
1027 4 2 2 1 386 830 546 388
1028 4 2 2 1 460 956 40 888
1029 4 2 2 1 524 837 818 230
1030 4 2 2 1 750 766 455 821
1031 4 2 2 1 239 237 422 848
1032 4 2 2 1 472 828 471 852
1033 4 2 2 1 970 527 510 873
1034 4 2 2 1 680 576 325 830
1035 4 2 2 1 65 830 213 853
1036 4 2 2 1 437 374 583 841
1037 4 2 2 1 644 767 781 857
1038 4 2 2 1 800 310 308 860
1039 4 2 2 1 471 472 232 828
1040 4 2 2 1 136 211 922 890
1041 4 2 2 1 751 821 766 801
1042 4 2 2 1 956 882 1049 601
1043 4 2 2 1 899 223 932 1048
1044 4 2 2 1 600 653 326 834
1045 4 2 2 1 397 237 238 848
1046 4 2 2 1 658 145 590 854
1047 4 2 2 1 937 918 834 881
1048 4 2 2 1 605 245 82 833
1049 4 2 2 1 1034 931 49 117
1050 4 2 2 1 599 905 410 968
1051 4 2 2 1 631 751 801 849
1052 4 2 2 1 1048 932 785 795
1053 4 2 2 1 653 600 257 834
1054 4 2 2 1 600 355 257 834
1055 4 2 2 1 708 858 286 794
1056 4 2 2 1 524 837 230 231
1057 4 2 2 1 581 67 241 858
1058 4 2 2 1 138 539 563 855
1059 4 2 2 1 509 507 923 508
1060 4 2 2 1 66 824 392 830
1061 4 2 2 1 801 766 750 821
1062 4 2 2 1 67 924 241 858
1063 4 2 2 1 171 825 257 834
1064 4 2 2 1 795 785 1048 395
1065 4 2 2 1 138 563 664 855
1066 4 2 2 1 99 206 955 449
1067 4 2 2 1 620 241 794 858
1068 4 2 2 1 539 565 563 855
1069 4 2 2 1 650 3 415 867
1070 4 2 2 1 847 231 908 837
1071 4 2 2 1 726 946 507 853
1072 4 2 2 1 307 101 306 844
1073 4 2 2 1 64 406 464 853
1074 4 2 2 1 286 1047 558 620
1075 4 2 2 1 231 230 229 837
1076 4 2 2 1 327 326 105 918
1077 4 2 2 1 393 392 824 830
1078 4 2 2 1 1013 724 1000 916
1079 4 2 2 1 858 947 505 708
1080 4 2 2 1 918 687 106 339
1081 4 2 2 1 853 177 887 578
1082 4 2 2 1 49 1028 1034 117
1083 4 2 2 1 565 540 564 855
1084 4 2 2 1 975 905 448 1008
1085 4 2 2 1 918 937 687 881
1086 4 2 2 1 617 41 803 1061
1087 4 2 2 1 975 905 1008 599
1088 4 2 2 1 101 307 100 844
1089 4 2 2 1 433 432 434 837
1090 4 2 2 1 751 722 825 849
1091 4 2 2 1 459 956 460 888
1092 4 2 2 1 751 631 722 849
1093 4 2 2 1 564 563 565 855
1094 4 2 2 1 981 815 1042 932
1095 4 2 2 1 350 1038 999 1029
1096 4 2 2 1 788 1029 809 971
1097 4 2 2 1 971 618 886 580
1098 4 2 2 1 932 43 981 789
1099 4 2 2 1 1007 647 952 291
1100 4 2 2 1 846 489 157 748
1101 4 2 2 1 1029 1038 999 809
1102 4 2 2 1 473 156 27 831
1103 4 2 2 1 289 858 620 961
1104 4 2 2 1 805 906 1041 335
1105 4 2 2 1 943 8 9 970
1106 4 2 2 1 393 392 25 824
1107 4 2 2 1 953 932 1042 785
1108 4 2 2 1 957 876 1003 29
1109 4 2 2 1 938 171 834 825
1110 4 2 2 1 1029 1038 971 133
1111 4 2 2 1 134 876 52 957
1112 4 2 2 1 957 876 52 1003
1113 4 2 2 1 971 1038 1029 809
1114 4 2 2 1 992 971 1038 133
1115 4 2 2 1 206 207 949 876
1116 4 2 2 1 751 821 801 849
1117 4 2 2 1 769 939 996 783
1118 4 2 2 1 97 312 995 898
1119 4 2 2 1 788 1029 999 809
1120 4 2 2 1 939 971 994 886
1121 4 2 2 1 905 834 938 170
1122 4 2 2 1 542 554 380 847
1123 4 2 2 1 1048 394 395 893
1124 4 2 2 1 578 914 34 853
1125 4 2 2 1 971 1029 349 1035
1126 4 2 2 1 54 1003 957 52
1127 4 2 2 1 768 328 329 916
1128 4 2 2 1 894 769 12 133
1129 4 2 2 1 578 34 35 853
1130 4 2 2 1 36 35 34 853
1131 4 2 2 1 950 55 549 895
1132 4 2 2 1 210 952 1007 647
1133 4 2 2 1 210 952 647 313
1134 4 2 2 1 805 906 990 44
1135 4 2 2 1 963 983 114 944
1136 4 2 2 1 554 503 380 847
1137 4 2 2 1 1029 350 788 999
1138 4 2 2 1 1027 475 403 567
1139 4 2 2 1 289 909 961 580
1140 4 2 2 1 992 242 939 683
1141 4 2 2 1 960 956 1009 45
1142 4 2 2 1 449 411 874 292
1143 4 2 2 1 580 868 971 618
1144 4 2 2 1 340 338 972 339
1145 4 2 2 1 508 923 509 510
1146 4 2 2 1 1009 956 960 784
1147 4 2 2 1 336 1048 613 395
1148 4 2 2 1 952 925 57 291
1149 4 2 2 1 1009 956 1033 45
1150 4 2 2 1 981 789 43 816
1151 4 2 2 1 959 952 313 740
1152 4 2 2 1 961 992 971 809
1153 4 2 2 1 917 619 1035 994
1154 4 2 2 1 992 971 809 1038
1155 4 2 2 1 1033 956 1009 784
1156 4 2 2 1 1051 1004 108 935
1157 4 2 2 1 1033 956 41 45
1158 4 2 2 1 1051 963 49 1004
1159 4 2 2 1 959 952 740 1007
1160 4 2 2 1 952 647 56 925
1161 4 2 2 1 909 485 868 497
1162 4 2 2 1 289 961 909 485
1163 4 2 2 1 210 1007 209 647
1164 4 2 2 1 963 108 998 10
1165 4 2 2 1 41 956 1033 784
1166 4 2 2 1 386 830 388 387
1167 4 2 2 1 703 876 949 207
1168 4 2 2 1 957 1003 900 29
1169 4 2 2 1 868 485 109 497
1170 4 2 2 1 115 619 917 496
1171 4 2 2 1 313 959 898 312
1172 4 2 2 1 442 871 113 621
1173 4 2 2 1 969 768 329 916
1174 4 2 2 1 986 982 108 486
1175 4 2 2 1 981 816 223 559
1176 4 2 2 1 442 871 621 5
1177 4 2 2 1 961 909 485 868
1178 4 2 2 1 971 618 994 886
1179 4 2 2 1 313 897 56 647
1180 4 2 2 1 147 899 336 645
1181 4 2 2 1 647 895 951 973
1182 4 2 2 1 1051 963 1004 790
1183 4 2 2 1 900 1003 957 641
1184 4 2 2 1 1002 537 799 527
1185 4 2 2 1 900 1003 91 29
1186 4 2 2 1 971 868 994 618
1187 4 2 2 1 803 41 930 1061
1188 4 2 2 1 56 895 57 973
1189 4 2 2 1 91 1003 900 641
1190 4 2 2 1 1047 284 558 1036
1191 4 2 2 1 115 1063 619 496
1192 4 2 2 1 115 107 698 917
1193 4 2 2 1 928 1018 790 1051
1194 4 2 2 1 971 1035 484 788
1195 4 2 2 1 56 166 974 1040
1196 4 2 2 1 913 927 199 210
1197 4 2 2 1 210 312 959 313
1198 4 2 2 1 769 996 939 6
1199 4 2 2 1 313 210 897 647
1200 4 2 2 1 91 1003 483 29
1201 4 2 2 1 304 1018 1051 935
1202 4 2 2 1 483 1003 91 641
1203 4 2 2 1 1032 953 940 948
1204 4 2 2 1 928 1018 1051 304
1205 4 2 2 1 210 312 313 98
1206 4 2 2 1 483 876 411 29
1207 4 2 2 1 620 769 1047 621
1208 4 2 2 1 1047 769 620 984
1209 4 2 2 1 1011 1006 11 982
1210 4 2 2 1 995 97 898 686
1211 4 2 2 1 948 940 1032 786
1212 4 2 2 1 621 986 113 442
1213 4 2 2 1 411 876 483 955
1214 4 2 2 1 948 901 117 195
1215 4 2 2 1 897 1040 56 647
1216 4 2 2 1 1047 984 12 769
1217 4 2 2 1 56 57 925 973
1218 4 2 2 1 913 890 175 959
1219 4 2 2 1 411 876 236 29
1220 4 2 2 1 986 1036 558 284
1221 4 2 2 1 1047 12 984 341
1222 4 2 2 1 959 913 210 175
1223 4 2 2 1 1032 1030 149 150
1224 4 2 2 1 117 116 195 896
1225 4 2 2 1 986 982 486 442
1226 4 2 2 1 830 889 907 576
1227 4 2 2 1 907 889 830 853
1228 4 2 2 1 896 116 901 557
1229 4 2 2 1 236 876 411 955
1230 4 2 2 1 117 1032 148 789
1231 4 2 2 1 236 876 28 29
1232 4 2 2 1 1010 43 932 903
1233 4 2 2 1 1019 882 459 677
1234 4 2 2 1 1030 736 1032 786
1235 4 2 2 1 901 116 928 557
1236 4 2 2 1 891 486 982 442
1237 4 2 2 1 907 889 275 576
1238 4 2 2 1 330 993 231 464
1239 4 2 2 1 98 959 913 210
1240 4 2 2 1 896 901 116 195
1241 4 2 2 1 367 220 915 198
1242 4 2 2 1 889 36 907 275
1243 4 2 2 1 930 1009 1033 45
1244 4 2 2 1 1032 953 948 194
1245 4 2 2 1 954 337 893 147
1246 4 2 2 1 1018 901 928 790
1247 4 2 2 1 896 901 559 557
1248 4 2 2 1 557 901 559 928
1249 4 2 2 1 28 876 236 955
1250 4 2 2 1 930 1009 45 44
1251 4 2 2 1 109 496 917 994
1252 4 2 2 1 1009 617 803 1033
1253 4 2 2 1 478 875 929 285
1254 4 2 2 1 897 199 235 974
1255 4 2 2 1 929 858 999 286
1256 4 2 2 1 803 1009 44 806
1257 4 2 2 1 930 906 1021 803
1258 4 2 2 1 1009 617 1033 1055
1259 4 2 2 1 735 996 783 769
1260 4 2 2 1 176 601 1019 782
1261 4 2 2 1 735 783 996 660
1262 4 2 2 1 1032 194 948 193
1263 4 2 2 1 1032 940 953 587
1264 4 2 2 1 940 613 948 953
1265 4 2 2 1 953 194 613 948
1266 4 2 2 1 789 953 815 1032
1267 4 2 2 1 275 889 182 576
1268 4 2 2 1 930 1009 44 803
1269 4 2 2 1 995 200 203 686
1270 4 2 2 1 291 925 57 973
1271 4 2 2 1 889 36 275 182
1272 4 2 2 1 930 1009 803 1033
1273 4 2 2 1 995 200 686 1027
1274 4 2 2 1 930 906 803 44
1275 4 2 2 1 40 904 162 42
1276 4 2 2 1 1033 1055 617 396
1277 4 2 2 1 45 956 41 221
1278 4 2 2 1 1057 136 922 902
1279 4 2 2 1 1037 930 222 906
1280 4 2 2 1 41 888 956 784
1281 4 2 2 1 906 1021 457 164
1282 4 2 2 1 142 818 141 140
1283 4 2 2 1 1060 164 601 205
1284 4 2 2 1 1020 199 166 974
1285 4 2 2 1 134 135 902 136
1286 4 2 2 1 484 1023 788 1035
1287 4 2 2 1 976 1058 913 300
1288 4 2 2 1 963 114 983 621
1289 4 2 2 1 37 38 665 883
1290 4 2 2 1 1023 626 788 1035
1291 4 2 2 1 906 205 164 204
1292 4 2 2 1 218 3 919 219
1293 4 2 2 1 970 527 526 8
1294 4 2 2 1 814 993 908 231
1295 4 2 2 1 50 49 51 931
1296 4 2 2 1 621 1047 558 1036
1297 4 2 2 1 396 1041 1055 617
1298 4 2 2 1 205 1037 906 797
1299 4 2 2 1 990 1050 1065 50
1300 4 2 2 1 1041 784 806 689
1301 4 2 2 1 955 236 99 448
1302 4 2 2 1 913 1058 976 403
1303 4 2 2 1 975 955 874 356
1304 4 2 2 1 449 975 170 356
1305 4 2 2 1 352 599 874 356
1306 4 2 2 1 913 1058 97 300
1307 4 2 2 1 999 858 929 538
1308 4 2 2 1 1067 56 313 897
1309 4 2 2 1 952 56 57 925
1310 4 2 2 1 882 45 956 960
1311 4 2 2 1 995 312 313 898
1312 4 2 2 1 1060 164 205 203
1313 4 2 2 1 805 1041 806 689
1314 4 2 2 1 205 1037 797 1012
1315 4 2 2 1 906 797 164 205
1316 4 2 2 1 301 200 162 1062
1317 4 2 2 1 932 903 43 789
1318 4 2 2 1 40 888 617 460
1319 4 2 2 1 999 858 809 286
1320 4 2 2 1 469 545 210 951
1321 4 2 2 1 1031 677 181 1026
1322 4 2 2 1 898 686 97 300
1323 4 2 2 1 30 29 900 728
1324 4 2 2 1 613 803 41 195
1325 4 2 2 1 760 957 30 134
1326 4 2 2 1 52 926 134 135
1327 4 2 2 1 395 803 335 978
1328 4 2 2 1 1033 41 617 1061
1329 4 2 2 1 613 194 803 195
1330 4 2 2 1 1041 803 395 978
1331 4 2 2 1 976 136 211 610
1332 4 2 2 1 898 913 403 1058
1333 4 2 2 1 211 403 420 890
1334 4 2 2 1 207 208 876 206
1335 4 2 2 1 958 475 41 803
1336 4 2 2 1 234 682 73 921
1337 4 2 2 1 234 365 869 702
1338 4 2 2 1 997 944 983 963
1339 4 2 2 1 959 42 274 175
1340 4 2 2 1 207 949 977 206
1341 4 2 2 1 274 207 977 206
1342 4 2 2 1 1006 1011 569 49
1343 4 2 2 1 882 45 960 180
1344 4 2 2 1 753 313 740 995
1345 4 2 2 1 549 550 55 950
1346 4 2 2 1 532 1021 337 476
1347 4 2 2 1 692 57 55 895
1348 4 2 2 1 210 176 959 175
1349 4 2 2 1 332 684 881 338
1350 4 2 2 1 995 97 686 601
1351 4 2 2 1 809 858 999 538
1352 4 2 2 1 1021 958 335 476
1353 4 2 2 1 231 993 229 464
1354 4 2 2 1 1006 116 928 1028
1355 4 2 2 1 466 465 853 347
1356 4 2 2 1 5 660 996 683
1357 4 2 2 1 1028 116 117 1006
1358 4 2 2 1 708 709 947 505
1359 4 2 2 1 67 69 68 870
1360 4 2 2 1 689 805 1010 587
1361 4 2 2 1 360 920 423 359
1362 4 2 2 1 508 853 923 216
1363 4 2 2 1 558 928 557 559
1364 4 2 2 1 176 959 1027 209
1365 4 2 2 1 385 402 400 836
1366 4 2 2 1 403 959 1027 567
1367 4 2 2 1 177 179 178 887
1368 4 2 2 1 177 178 347 887
1369 4 2 2 1 34 663 914 578
1370 4 2 2 1 944 4 114 598
1371 4 2 2 1 993 847 908 837
1372 4 2 2 1 894 12 11 133
1373 4 2 2 1 799 726 979 527
1374 4 2 2 1 979 507 726 946
1375 4 2 2 1 97 1058 898 300
1376 4 2 2 1 185 908 993 847
1377 4 2 2 1 147 50 752 980
1378 4 2 2 1 147 752 50 954
1379 4 2 2 1 1022 4 5 6
1380 4 2 2 1 485 538 961 484
1381 4 2 2 1 109 485 961 484
1382 4 2 2 1 538 880 217 537
1383 4 2 2 1 757 885 249 250
1384 4 2 2 1 142 818 140 525
1385 4 2 2 1 496 497 868 109
1386 4 2 2 1 8 909 619 526
1387 4 2 2 1 1021 164 41 163
1388 4 2 2 1 961 858 809 538
1389 4 2 2 1 598 5 944 4
1390 4 2 2 1 898 913 1058 97
1391 4 2 2 1 587 394 1010 689
1392 4 2 2 1 948 613 786 195
1393 4 2 2 1 1006 1011 49 108
1394 4 2 2 1 923 853 527 216
1395 4 2 2 1 1048 785 613 395
1396 4 2 2 1 898 1058 740 300
1397 4 2 2 1 185 908 640 543
1398 4 2 2 1 740 1058 898 403
1399 4 2 2 1 336 893 337 147
1400 4 2 2 1 740 1058 1007 300
1401 4 2 2 1 304 752 931 146
1402 4 2 2 1 917 891 108 107
1403 4 2 2 1 403 959 898 740
1404 4 2 2 1 788 1029 971 1035
1405 4 2 2 1 109 108 107 917
1406 4 2 2 1 305 1011 1051 49
1407 4 2 2 1 788 1023 484 1011
1408 4 2 2 1 788 484 49 1011
1409 4 2 2 1 527 853 217 216
1410 4 2 2 1 305 51 49 931
1411 4 2 2 1 1007 1058 740 403
1412 4 2 2 1 980 931 1012 50
1413 4 2 2 1 1012 204 50 117
1414 4 2 2 1 610 1007 1039 1027
1415 4 2 2 1 330 329 328 916
1416 4 2 2 1 116 117 646 896
1417 4 2 2 1 12 11 10 962
1418 4 2 2 1 982 10 11 962
1419 4 2 2 1 557 1024 645 559
1420 4 2 2 1 621 736 735 997
1421 4 2 2 1 908 756 640 542
1422 4 2 2 1 231 993 837 229
1423 4 2 2 1 286 1047 620 984
1424 4 2 2 1 284 1047 341 1036
1425 4 2 2 1 928 998 557 10
1426 4 2 2 1 10 557 284 998
1427 4 2 2 1 789 736 790 901
1428 4 2 2 1 286 1047 984 284
1429 4 2 2 1 286 1047 284 558
1430 4 2 2 1 768 999 788 350
1431 4 2 2 1 726 979 946 889
1432 4 2 2 1 285 284 286 984
1433 4 2 2 1 186 724 709 892
1434 4 2 2 1 1000 285 477 723
1435 4 2 2 1 273 890 403 567
1436 4 2 2 1 814 993 231 330
1437 4 2 2 1 726 889 853 830
1438 4 2 2 1 621 559 963 558
1439 4 2 2 1 54 682 53 872
1440 4 2 2 1 618 442 619 1063
1441 4 2 2 1 726 889 546 771
1442 4 2 2 1 833 653 605 257
1443 4 2 2 1 959 1058 1007 403
1444 4 2 2 1 101 516 844 269
1445 4 2 2 1 101 844 516 712
1446 4 2 2 1 577 984 1038 133
1447 4 2 2 1 523 21 847 553
1448 4 2 2 1 847 21 523 522
1449 4 2 2 1 554 555 847 556
1450 4 2 2 1 554 847 555 503
1451 4 2 2 1 692 985 950 933
1452 4 2 2 1 290 933 292 985
1453 4 2 2 1 290 933 985 691
1454 4 2 2 1 1019 181 677 1026
1455 4 2 2 1 300 686 199 200
1456 4 2 2 1 769 992 984 133
1457 4 2 2 1 911 621 871 5
1458 4 2 2 1 5 871 911 4
1459 4 2 2 1 640 908 542 543
1460 4 2 2 1 546 889 726 830
1461 4 2 2 1 49 1028 305 1034
1462 4 2 2 1 286 1038 285 984
1463 4 2 2 1 908 756 185 640
1464 4 2 2 1 862 490 833 845
1465 4 2 2 1 862 490 845 744
1466 4 2 2 1 862 490 744 761
1467 4 2 2 1 862 490 761 833
1468 4 2 2 1 125 126 856 124
1469 4 2 2 1 856 126 125 774
1470 4 2 2 1 692 340 933 966
1471 4 2 2 1 305 931 49 1034
1472 4 2 2 1 546 889 386 771
1473 4 2 2 1 340 966 410 292
1474 4 2 2 1 1007 686 300 1039
1475 4 2 2 1 410 968 411 599
1476 4 2 2 1 93 968 431 411
1477 4 2 2 1 984 992 769 620
1478 4 2 2 1 984 992 1038 133
1479 4 2 2 1 1031 176 209 715
1480 4 2 2 1 506 853 19 20
1481 4 2 2 1 506 19 853 466
1482 4 2 2 1 132 434 830 778
1483 4 2 2 1 132 830 434 680
1484 4 2 2 1 934 904 1001 301
1485 4 2 2 1 1039 366 934 301
1486 4 2 2 1 1039 544 934 366
1487 4 2 2 1 820 817 831 829
1488 4 2 2 1 820 817 829 863
1489 4 2 2 1 244 720 824 131
1490 4 2 2 1 244 824 720 721
1491 4 2 2 1 765 732 820 81
1492 4 2 2 1 765 820 732 493
1493 4 2 2 1 744 320 862 743
1494 4 2 2 1 744 862 320 845
1495 4 2 2 1 234 865 852 472
1496 4 2 2 1 234 865 472 682
1497 4 2 2 1 93 968 411 410
1498 4 2 2 1 472 865 852 470
1499 4 2 2 1 614 480 827 462
1500 4 2 2 1 614 827 480 481
1501 4 2 2 1 566 490 833 761
1502 4 2 2 1 852 828 234 472
1503 4 2 2 1 232 234 828 472
1504 4 2 2 1 195 935 193 442
1505 4 2 2 1 621 986 442 1036
1506 4 2 2 1 386 889 546 830
1507 4 2 2 1 962 1011 107 484
1508 4 2 2 1 1038 992 984 620
1509 4 2 2 1 809 992 1038 620
1510 4 2 2 1 753 995 180 176
1511 4 2 2 1 115 107 917 484
1512 4 2 2 1 120 493 829 765
1513 4 2 2 1 120 829 493 287
1514 4 2 2 1 820 829 493 765
1515 4 2 2 1 820 493 829 287
1516 4 2 2 1 957 53 987 54
1517 4 2 2 1 957 987 900 54
1518 4 2 2 1 542 908 380 543
1519 4 2 2 1 900 760 987 30
1520 4 2 2 1 380 908 542 847
1521 4 2 2 1 553 836 370 847
1522 4 2 2 1 553 836 847 523
1523 4 2 2 1 553 836 523 369
1524 4 2 2 1 553 836 369 370
1525 4 2 2 1 320 856 372 319
1526 4 2 2 1 846 845 862 819
1527 4 2 2 1 320 856 319 845
1528 4 2 2 1 846 320 856 372
1529 4 2 2 1 520 823 833 89
1530 4 2 2 1 520 833 823 862
1531 4 2 2 1 202 490 833 566
1532 4 2 2 1 833 490 202 859
1533 4 2 2 1 786 1004 598 1018
1534 4 2 2 1 92 872 865 378
1535 4 2 2 1 134 876 957 28
1536 4 2 2 1 134 876 28 926
1537 4 2 2 1 835 688 670 439
1538 4 2 2 1 842 439 835 827
1539 4 2 2 1 582 439 835 670
1540 4 2 2 1 582 835 439 827
1541 4 2 2 1 664 866 70 792
1542 4 2 2 1 664 839 138 855
1543 4 2 2 1 921 377 869 865
1544 4 2 2 1 176 959 175 42
1545 4 2 2 1 342 616 864 436
1546 4 2 2 1 342 864 616 14
1547 4 2 2 1 492 490 859 491
1548 4 2 2 1 492 859 490 845
1549 4 2 2 1 297 844 842 827
1550 4 2 2 1 298 842 614 297
1551 4 2 2 1 842 614 297 827
1552 4 2 2 1 32 33 848 31
1553 4 2 2 1 32 848 33 342
1554 4 2 2 1 92 872 378 641
1555 4 2 2 1 1025 768 999 809
1556 4 2 2 1 830 507 726 659
1557 4 2 2 1 884 972 339 327
1558 4 2 2 1 641 872 378 652
1559 4 2 2 1 304 931 752 51
1560 4 2 2 1 66 840 249 519
1561 4 2 2 1 747 872 641 652
1562 4 2 2 1 519 843 66 840
1563 4 2 2 1 843 451 787 399
1564 4 2 2 1 843 787 451 826
1565 4 2 2 1 828 233 234 232
1566 4 2 2 1 828 234 233 365
1567 4 2 2 1 583 827 582 439
1568 4 2 2 1 583 827 439 841
1569 4 2 2 1 848 634 654 276
1570 4 2 2 1 939 886 619 6
1571 4 2 2 1 886 6 242 289
1572 4 2 2 1 886 6 289 115
1573 4 2 2 1 886 6 115 619
1574 4 2 2 1 121 256 849 247
1575 4 2 2 1 121 849 256 695
1576 4 2 2 1 946 923 853 979
1577 4 2 2 1 180 995 753 740
1578 4 2 2 1 1025 768 809 755
1579 4 2 2 1 253 255 842 259
1580 4 2 2 1 866 706 791 839
1581 4 2 2 1 866 791 706 668
1582 4 2 2 1 265 636 840 263
1583 4 2 2 1 840 636 265 734
1584 4 2 2 1 840 826 265 263
1585 4 2 2 1 265 826 840 734
1586 4 2 2 1 862 849 82 819
1587 4 2 2 1 862 82 849 833
1588 4 2 2 1 416 1 867 415
1589 4 2 2 1 867 1 416 843
1590 4 2 2 1 810 835 822 739
1591 4 2 2 1 822 835 810 845
1592 4 2 2 1 931 304 1034 305
1593 4 2 2 1 912 966 548 599
1594 4 2 2 1 564 787 863 501
1595 4 2 2 1 964 184 477 443
1596 4 2 2 1 250 826 936 885
1597 4 2 2 1 826 936 885 820
1598 4 2 2 1 250 936 826 357
1599 4 2 2 1 936 741 357 250
1600 4 2 2 1 893 1048 903 43
1601 4 2 2 1 903 1048 893 394
1602 4 2 2 1 1025 768 350 999
1603 4 2 2 1 638 823 725 90
1604 4 2 2 1 829 103 59 288
1605 4 2 2 1 829 59 103 60
1606 4 2 2 1 857 516 705 514
1607 4 2 2 1 946 923 979 507
1608 4 2 2 1 833 859 845 490
1609 4 2 2 1 845 859 833 821
1610 4 2 2 1 642 391 823 665
1611 4 2 2 1 642 823 391 389
1612 4 2 2 1 733 270 840 595
1613 4 2 2 1 840 270 733 636
1614 4 2 2 1 604 157 846 83
1615 4 2 2 1 846 157 604 748
1616 4 2 2 1 180 1031 181 1026
1617 4 2 2 1 176 1026 715 1031
1618 4 2 2 1 180 995 1031 176
1619 4 2 2 1 921 377 865 378
1620 4 2 2 1 865 378 377 804
1621 4 2 2 1 1031 995 180 740
1622 4 2 2 1 755 1025 1013 858
1623 4 2 2 1 1039 200 686 300
1624 4 2 2 1 798 966 550 548
1625 4 2 2 1 1027 1031 209 1007
1626 4 2 2 1 1033 1055 784 1009
1627 4 2 2 1 736 997 790 1018
1628 4 2 2 1 621 1047 620 558
1629 4 2 2 1 841 153 848 33
1630 4 2 2 1 841 848 153 446
1631 4 2 2 1 31 848 153 33
1632 4 2 2 1 615 388 830 742
1633 4 2 2 1 615 830 388 547
1634 4 2 2 1 560 830 562 561
1635 4 2 2 1 770 605 823 833
1636 4 2 2 1 770 823 605 390
1637 4 2 2 1 605 823 573 390
1638 4 2 2 1 995 1007 1031 1027
1639 4 2 2 1 642 622 854 608
1640 4 2 2 1 854 622 642 623
1641 4 2 2 1 713 639 833 714
1642 4 2 2 1 942 947 892 709
1643 4 2 2 1 903 1048 1010 43
1644 4 2 2 1 947 914 969 755
1645 4 2 2 1 724 329 916 969
1646 4 2 2 1 185 908 543 379
1647 4 2 2 1 1010 1048 903 394
1648 4 2 2 1 858 724 875 1000
1649 4 2 2 1 1013 724 916 755
1650 4 2 2 1 599 966 548 991
1651 4 2 2 1 995 1007 740 1031
1652 4 2 2 1 285 875 1000 477
1653 4 2 2 1 606 145 854 623
1654 4 2 2 1 854 145 606 143
1655 4 2 2 1 858 289 241 581
1656 4 2 2 1 418 889 387 417
1657 4 2 2 1 889 386 771 418
1658 4 2 2 1 596 215 830 561
1659 4 2 2 1 596 830 215 393
1660 4 2 2 1 347 346 853 466
1661 4 2 2 1 853 346 347 177
1662 4 2 2 1 3 650 836 867
1663 4 2 2 1 1027 1031 995 176
1664 4 2 2 1 219 919 679 3
1665 4 2 2 1 219 679 919 402
1666 4 2 2 1 700 852 277 278
1667 4 2 2 1 852 278 828 276
1668 4 2 2 1 895 291 292 290
1669 4 2 2 1 884 338 339 972
1670 4 2 2 1 884 332 918 338
1671 4 2 2 1 196 879 198 197
1672 4 2 2 1 991 966 548 550
1673 4 2 2 1 632 633 838 252
1674 4 2 2 1 632 838 633 450
1675 4 2 2 1 833 823 639 638
1676 4 2 2 1 23 446 841 153
1677 4 2 2 1 841 446 23 22
1678 4 2 2 1 121 412 819 696
1679 4 2 2 1 819 412 121 123
1680 4 2 2 1 192 334 823 624
1681 4 2 2 1 192 823 334 226
1682 4 2 2 1 936 308 863 309
1683 4 2 2 1 410 834 332 93
1684 4 2 2 1 884 332 338 410
1685 4 2 2 1 933 991 692 966
1686 4 2 2 1 847 19 21 465
1687 4 2 2 1 847 21 19 20
1688 4 2 2 1 967 687 106 937
1689 4 2 2 1 1014 210 927 175
1690 4 2 2 1 1014 210 175 545
1691 4 2 2 1 1014 274 977 206
1692 4 2 2 1 1014 274 206 175
1693 4 2 2 1 736 997 1018 150
1694 4 2 2 1 863 787 826 501
1695 4 2 2 1 995 200 1027 176
1696 4 2 2 1 995 1007 1027 686
1697 4 2 2 1 331 332 834 111
1698 4 2 2 1 834 332 331 684
1699 4 2 2 1 937 918 106 105
1700 4 2 2 1 795 1048 1010 394
1701 4 2 2 1 937 918 105 834
1702 4 2 2 1 692 966 991 550
1703 4 2 2 1 997 150 736 735
1704 4 2 2 1 863 77 826 264
1705 4 2 2 1 863 826 77 541
1706 4 2 2 1 17 77 826 541
1707 4 2 2 1 204 164 906 457
1708 4 2 2 1 625 820 272 58
1709 4 2 2 1 272 820 625 271
1710 4 2 2 1 698 107 891 917
1711 4 2 2 1 1049 200 203 42
1712 4 2 2 1 442 1015 619 1063
1713 4 2 2 1 907 830 680 434
1714 4 2 2 1 968 93 905 410
1715 4 2 2 1 178 837 179 847
1716 4 2 2 1 840 249 250 248
1717 4 2 2 1 840 250 249 826
1718 4 2 2 1 357 840 250 248
1719 4 2 2 1 357 250 840 826
1720 4 2 2 1 263 357 840 826
1721 4 2 2 1 804 112 865 378
1722 4 2 2 1 865 112 804 353
1723 4 2 2 1 230 840 248 249
1724 4 2 2 1 230 840 249 66
1725 4 2 2 1 742 387 830 325
1726 4 2 2 1 830 387 742 388
1727 4 2 2 1 846 500 819 488
1728 4 2 2 1 846 819 500 629
1729 4 2 2 1 413 819 500 488
1730 4 2 2 1 413 500 819 629
1731 4 2 2 1 860 78 863 530
1732 4 2 2 1 378 921 376 652
1733 4 2 2 1 921 652 872 74
1734 4 2 2 1 396 1033 888 617
1735 4 2 2 1 921 74 73 702
1736 4 2 2 1 841 24 280 279
1737 4 2 2 1 93 968 168 431
1738 4 2 2 1 10 108 982 1006
1739 4 2 2 1 10 982 108 284
1740 4 2 2 1 111 88 833 331
1741 4 2 2 1 111 833 88 764
1742 4 2 2 1 1049 200 42 162
1743 4 2 2 1 42 203 176 200
1744 4 2 2 1 196 405 836 551
1745 4 2 2 1 104 833 967 775
1746 4 2 2 1 104 833 775 611
1747 4 2 2 1 150 997 944 151
1748 4 2 2 1 864 754 160 159
1749 4 2 2 1 253 844 100 259
1750 4 2 2 1 22 422 848 446
1751 4 2 2 1 848 422 22 375
1752 4 2 2 1 344 648 825 657
1753 4 2 2 1 938 825 834 344
1754 4 2 2 1 427 316 832 428
1755 4 2 2 1 427 832 316 314
1756 4 2 2 1 619 1046 115 886
1757 4 2 2 1 879 401 196 198
1758 4 2 2 1 879 401 198 220
1759 4 2 2 1 42 1060 176 203
1760 4 2 2 1 721 615 824 720
1761 4 2 2 1 907 830 434 837
1762 4 2 2 1 907 680 275 434
1763 4 2 2 1 981 646 1024 645
1764 4 2 2 1 926 206 212 949
1765 4 2 2 1 38 883 823 770
1766 4 2 2 1 38 823 883 37
1767 4 2 2 1 154 632 831 155
1768 4 2 2 1 154 831 632 746
1769 4 2 2 1 850 632 831 746
1770 4 2 2 1 863 18 540 501
1771 4 2 2 1 863 540 18 541
1772 4 2 2 1 664 70 829 118
1773 4 2 2 1 664 866 855 829
1774 4 2 2 1 844 468 842 253
1775 4 2 2 1 844 842 468 298
1776 4 2 2 1 536 468 842 298
1777 4 2 2 1 374 279 841 437
1778 4 2 2 1 374 841 279 24
1779 4 2 2 1 173 372 856 319
1780 4 2 2 1 173 856 372 701
1781 4 2 2 1 571 570 842 808
1782 4 2 2 1 842 570 571 188
1783 4 2 2 1 560 625 824 772
1784 4 2 2 1 824 625 560 727
1785 4 2 2 1 828 480 471 529
1786 4 2 2 1 232 864 480 828
1787 4 2 2 1 232 864 828 754
1788 4 2 2 1 557 896 646 1024
1789 4 2 2 1 232 480 471 828
1790 4 2 2 1 232 864 754 160
1791 4 2 2 1 326 967 937 833
1792 4 2 2 1 418 979 965 69
1793 4 2 2 1 425 427 832 428
1794 4 2 2 1 832 427 425 426
1795 4 2 2 1 981 117 1024 646
1796 4 2 2 1 557 646 645 1024
1797 4 2 2 1 81 79 843 80
1798 4 2 2 1 843 79 81 731
1799 4 2 2 1 865 900 728 30
1800 4 2 2 1 374 655 848 375
1801 4 2 2 1 374 848 655 583
1802 4 2 2 1 842 254 188 187
1803 4 2 2 1 92 378 865 112
1804 4 2 2 1 266 14 864 13
1805 4 2 2 1 864 14 266 616
1806 4 2 2 1 392 213 830 393
1807 4 2 2 1 995 200 176 203
1808 4 2 2 1 58 820 829 59
1809 4 2 2 1 829 820 58 272
1810 4 2 2 1 829 60 58 59
1811 4 2 2 1 58 60 829 272
1812 4 2 2 1 896 117 646 1024
1813 4 2 2 1 820 130 493 287
1814 4 2 2 1 244 820 130 824
1815 4 2 2 1 244 130 820 287
1816 4 2 2 1 889 979 965 418
1817 4 2 2 1 499 851 504 498
1818 4 2 2 1 705 758 857 643
1819 4 2 2 1 857 758 705 280
1820 4 2 2 1 541 76 863 358
1821 4 2 2 1 541 863 76 77
1822 4 2 2 1 66 64 830 65
1823 4 2 2 1 830 64 66 463
1824 4 2 2 1 1023 626 1035 349
1825 4 2 2 1 349 1023 11 894
1826 4 2 2 1 123 594 157 878
1827 4 2 2 1 349 11 1023 626
1828 4 2 2 1 819 157 123 158
1829 4 2 2 1 979 870 69 1002
1830 4 2 2 1 833 104 38 770
1831 4 2 2 1 230 463 837 66
1832 4 2 2 1 230 837 463 229
1833 4 2 2 1 447 258 842 255
1834 4 2 2 1 447 842 258 303
1835 4 2 2 1 737 979 965 853
1836 4 2 2 1 569 1023 1011 11
1837 4 2 2 1 171 825 245 257
1838 4 2 2 1 999 929 1025 538
1839 4 2 2 1 853 979 1002 737
1840 4 2 2 1 828 278 848 276
1841 4 2 2 1 579 848 278 276
1842 4 2 2 1 42 1060 203 1049
1843 4 2 2 1 1013 724 755 858
1844 4 2 2 1 875 929 286 858
1845 4 2 2 1 858 505 914 989
1846 4 2 2 1 132 732 824 130
1847 4 2 2 1 132 824 732 731
1848 4 2 2 1 619 1046 1063 115
1849 4 2 2 1 1033 617 41 40
1850 4 2 2 1 738 504 851 811
1851 4 2 2 1 851 504 738 499
1852 4 2 2 1 87 450 861 85
1853 4 2 2 1 861 450 87 633
1854 4 2 2 1 196 401 836 405
1855 4 2 2 1 569 1023 11 626
1856 4 2 2 1 81 628 820 765
1857 4 2 2 1 81 820 628 627
1858 4 2 2 1 1045 273 212 977
1859 4 2 2 1 1022 115 107 698
1860 4 2 2 1 805 335 689 893
1861 4 2 2 1 1047 115 996 12
1862 4 2 2 1 944 911 114 4
1863 4 2 2 1 1022 4 6 114
1864 4 2 2 1 77 265 826 264
1865 4 2 2 1 826 265 77 17
1866 4 2 2 1 819 849 695 704
1867 4 2 2 1 819 694 695 696
1868 4 2 2 1 695 694 819 704
1869 4 2 2 1 996 12 115 769
1870 4 2 2 1 370 586 836 368
1871 4 2 2 1 954 337 147 533
1872 4 2 2 1 689 335 805 1041
1873 4 2 2 1 113 1022 698 115
1874 4 2 2 1 941 337 893 954
1875 4 2 2 1 581 909 9 943
1876 4 2 2 1 530 762 860 78
1877 4 2 2 1 530 860 762 674
1878 4 2 2 1 379 908 543 380
1879 4 2 2 1 114 1022 871 113
1880 4 2 2 1 1032 149 940 587
1881 4 2 2 1 807 765 829 628
1882 4 2 2 1 829 765 807 120
1883 4 2 2 1 309 263 826 357
1884 4 2 2 1 1032 149 587 150
1885 4 2 2 1 980 931 50 51
1886 4 2 2 1 689 335 394 893
1887 4 2 2 1 882 45 180 221
1888 4 2 2 1 769 996 1047 621
1889 4 2 2 1 858 943 581 970
1890 4 2 2 1 970 581 7 9
1891 4 2 2 1 858 943 970 497
1892 4 2 2 1 912 966 599 410
1893 4 2 2 1 912 972 798 966
1894 4 2 2 1 570 535 842 536
1895 4 2 2 1 570 842 535 773
1896 4 2 2 1 53 900 641 92
1897 4 2 2 1 940 613 953 785
1898 4 2 2 1 449 206 545 99
1899 4 2 2 1 545 206 449 483
1900 4 2 2 1 150 1018 149 944
1901 4 2 2 1 1059 469 910 352
1902 4 2 2 1 596 25 824 393
1903 4 2 2 1 596 824 25 772
1904 4 2 2 1 964 724 329 916
1905 4 2 2 1 484 1035 917 6
1906 4 2 2 1 394 335 689 1041
1907 4 2 2 1 580 868 618 909
1908 4 2 2 1 26 802 831 27
1909 4 2 2 1 26 831 802 382
1910 4 2 2 1 394 335 395 893
1911 4 2 2 1 917 619 994 496
1912 4 2 2 1 40 41 956 163
1913 4 2 2 1 1003 212 52 54
1914 4 2 2 1 703 54 1003 75
1915 4 2 2 1 618 994 886 619
1916 4 2 2 1 662 122 849 247
1917 4 2 2 1 619 1046 618 1063
1918 4 2 2 1 955 206 876 483
1919 4 2 2 1 618 868 994 619
1920 4 2 2 1 847 672 780 179
1921 4 2 2 1 780 837 836 847
1922 4 2 2 1 780 837 847 179
1923 4 2 2 1 938 825 344 648
1924 4 2 2 1 938 169 648 448
1925 4 2 2 1 938 169 448 170
1926 4 2 2 1 938 171 825 169
1927 4 2 2 1 223 147 336 645
1928 4 2 2 1 1048 147 336 223
1929 4 2 2 1 149 1018 150 1030
1930 4 2 2 1 115 917 619 6
1931 4 2 2 1 398 377 852 430
1932 4 2 2 1 360 877 920 361
1933 4 2 2 1 619 1046 886 618
1934 4 2 2 1 1039 544 404 934
1935 4 2 2 1 1038 620 984 286
1936 4 2 2 1 379 908 380 993
1937 4 2 2 1 395 335 394 1041
1938 4 2 2 1 360 656 877 568
1939 4 2 2 1 1041 44 805 806
1940 4 2 2 1 959 952 1007 210
1941 4 2 2 1 149 1018 796 944
1942 4 2 2 1 98 959 210 312
1943 4 2 2 1 796 1018 149 1030
1944 4 2 2 1 547 546 830 388
1945 4 2 2 1 830 546 547 562
1946 4 2 2 1 15 13 864 14
1947 4 2 2 1 864 13 15 238
1948 4 2 2 1 868 994 496 109
1949 4 2 2 1 769 971 349 994
1950 4 2 2 1 1035 894 769 484
1951 4 2 2 1 769 12 484 894
1952 4 2 2 1 957 641 1003 1016
1953 4 2 2 1 1016 1003 54 75
1954 4 2 2 1 905 912 834 170
1955 4 2 2 1 905 912 170 1008
1956 4 2 2 1 803 44 1041 806
1957 4 2 2 1 796 1018 598 944
1958 4 2 2 1 601 1019 782 882
1959 4 2 2 1 440 844 441 298
1960 4 2 2 1 178 673 847 672
1961 4 2 2 1 672 847 178 179
1962 4 2 2 1 496 868 619 994
1963 4 2 2 1 598 1018 796 1030
1964 4 2 2 1 601 1019 1049 42
1965 4 2 2 1 937 967 105 106
1966 4 2 2 1 104 967 105 775
1967 4 2 2 1 104 105 967 106
1968 4 2 2 1 115 917 6 484
1969 4 2 2 1 825 167 751 865
1970 4 2 2 1 1035 894 484 1023
1971 4 2 2 1 210 1040 927 199
1972 4 2 2 1 927 1040 210 302
1973 4 2 2 1 917 619 6 1035
1974 4 2 2 1 1049 1019 601 882
1975 4 2 2 1 786 1004 113 114
1976 4 2 2 1 786 113 1004 195
1977 4 2 2 1 986 114 113 1004
1978 4 2 2 1 183 68 870 517
1979 4 2 2 1 183 870 68 965
1980 4 2 2 1 1049 1019 162 42
1981 4 2 2 1 69 68 870 965
1982 4 2 2 1 900 93 431 91
1983 4 2 2 1 927 1040 890 199
1984 4 2 2 1 776 455 835 749
1985 4 2 2 1 776 835 455 453
1986 4 2 2 1 58 727 824 721
1987 4 2 2 1 824 727 58 625
1988 4 2 2 1 939 886 6 242
1989 4 2 2 1 939 971 886 242
1990 4 2 2 1 6 939 242 5
1991 4 2 2 1 962 115 107 1022
1992 4 2 2 1 997 150 735 151
1993 4 2 2 1 977 703 212 949
1994 4 2 2 1 971 939 992 242
1995 4 2 2 1 225 729 823 363
1996 4 2 2 1 823 729 225 624
1997 4 2 2 1 240 989 1005 858
1998 4 2 2 1 505 989 794 597
1999 4 2 2 1 794 989 505 858
2000 4 2 2 1 902 206 28 235
2001 4 2 2 1 926 206 949 28
2002 4 2 2 1 902 134 926 135
2003 4 2 2 1 902 28 926 134
2004 4 2 2 1 1018 935 928 195
2005 4 2 2 1 235 28 902 302
2006 4 2 2 1 735 996 621 911
2007 4 2 2 1 735 621 996 769
2008 4 2 2 1 5 621 996 911
2009 4 2 2 1 517 924 67 1017
2010 4 2 2 1 517 924 1017 518
2011 4 2 2 1 794 989 1005 597
2012 4 2 2 1 905 344 167 345
2013 4 2 2 1 905 865 834 93
2014 4 2 2 1 890 1040 927 302
2015 4 2 2 1 441 844 440 467
2016 4 2 2 1 1005 989 794 858
2017 4 2 2 1 441 844 468 298
2018 4 2 2 1 1040 976 136 890
2019 4 2 2 1 136 1040 890 302
2020 4 2 2 1 928 935 1018 304
2021 4 2 2 1 1048 147 223 43
2022 4 2 2 1 1005 989 663 597
2023 4 2 2 1 928 935 1034 195
2024 4 2 2 1 989 777 1005 663
2025 4 2 2 1 186 892 184 723
2026 4 2 2 1 184 892 186 853
2027 4 2 2 1 951 895 647 469
2028 4 2 2 1 184 892 964 723
2029 4 2 2 1 964 892 184 853
2030 4 2 2 1 964 724 916 723
2031 4 2 2 1 329 892 964 853
2032 4 2 2 1 589 622 854 590
2033 4 2 2 1 589 854 622 608
2034 4 2 2 1 151 149 944 150
2035 4 2 2 1 151 944 149 796
2036 4 2 2 1 1030 736 786 1018
2037 4 2 2 1 834 410 905 93
2038 4 2 2 1 968 905 93 168
2039 4 2 2 1 538 1025 755 858
2040 4 2 2 1 1040 976 300 136
2041 4 2 2 1 999 1025 929 350
2042 4 2 2 1 538 1025 809 755
2043 4 2 2 1 897 210 1040 647
2044 4 2 2 1 897 1040 166 56
2045 4 2 2 1 620 241 858 289
2046 4 2 2 1 914 892 969 853
2047 4 2 2 1 205 1012 117 204
2048 4 2 2 1 28 236 99 955
2049 4 2 2 1 1034 935 928 304
2050 4 2 2 1 892 969 853 329
2051 4 2 2 1 888 1033 40 617
2052 4 2 2 1 300 1040 136 302
2053 4 2 2 1 980 899 931 752
2054 4 2 2 1 899 931 752 146
2055 4 2 2 1 1034 935 444 195
2056 4 2 2 1 528 852 430 828
2057 4 2 2 1 528 852 828 365
2058 4 2 2 1 528 852 365 429
2059 4 2 2 1 101 102 844 100
2060 4 2 2 1 101 844 102 268
2061 4 2 2 1 988 401 196 879
2062 4 2 2 1 134 876 926 52
2063 4 2 2 1 1018 786 901 736
2064 4 2 2 1 395 803 617 613
2065 4 2 2 1 976 136 890 211
2066 4 2 2 1 483 91 29 431
2067 4 2 2 1 400 385 836 780
2068 4 2 2 1 385 402 836 432
2069 4 2 2 1 837 385 836 432
2070 4 2 2 1 444 935 1034 304
2071 4 2 2 1 468 844 441 467
2072 4 2 2 1 6 939 769 619
2073 4 2 2 1 980 899 752 147
2074 4 2 2 1 302 1020 28 29
2075 4 2 2 1 737 1002 914 518
2076 4 2 2 1 117 1012 205 646
2077 4 2 2 1 1038 620 286 809
2078 4 2 2 1 588 149 940 796
2079 4 2 2 1 588 940 149 587
2080 4 2 2 1 28 1020 302 235
2081 4 2 2 1 29 91 900 431
2082 4 2 2 1 620 858 809 961
2083 4 2 2 1 914 1002 880 518
2084 4 2 2 1 455 728 821 766
2085 4 2 2 1 455 821 728 534
2086 4 2 2 1 900 93 91 92
2087 4 2 2 1 973 895 57 291
2088 4 2 2 1 1040 302 421 1056
2089 4 2 2 1 913 927 210 175
2090 4 2 2 1 1018 901 786 195
2091 4 2 2 1 786 736 1032 901
2092 4 2 2 1 875 286 929 285
2093 4 2 2 1 300 421 200 166
2094 4 2 2 1 200 301 1039 1062
2095 4 2 2 1 330 853 329 964
2096 4 2 2 1 1032 194 193 789
2097 4 2 2 1 880 1002 914 537
2098 4 2 2 1 799 1002 880 537
2099 4 2 2 1 236 874 955 411
2100 4 2 2 1 858 724 286 875
2101 4 2 2 1 858 286 724 708
2102 4 2 2 1 724 286 875 285
2103 4 2 2 1 28 1020 236 29
2104 4 2 2 1 235 236 1044 1020
2105 4 2 2 1 975 874 955 236
2106 4 2 2 1 39 37 823 38
2107 4 2 2 1 823 37 39 333
2108 4 2 2 1 92 91 900 641
2109 4 2 2 1 117 195 1034 444
2110 4 2 2 1 975 874 236 411
2111 4 2 2 1 236 1020 345 29
2112 4 2 2 1 906 335 1021 803
2113 4 2 2 1 205 1012 797 646
2114 4 2 2 1 1021 335 958 803
2115 4 2 2 1 1019 181 1026 180
2116 4 2 2 1 882 181 180 960
2117 4 2 2 1 803 41 958 1021
2118 4 2 2 1 975 874 599 356
2119 4 2 2 1 990 906 222 930
2120 4 2 2 1 108 10 284 998
2121 4 2 2 1 28 957 30 29
2122 4 2 2 1 998 986 558 284
2123 4 2 2 1 1019 782 753 176
2124 4 2 2 1 944 997 150 1018
2125 4 2 2 1 345 1020 236 235
2126 4 2 2 1 1001 904 475 584
2127 4 2 2 1 1001 904 584 42
2128 4 2 2 1 621 963 986 558
2129 4 2 2 1 941 906 335 337
2130 4 2 2 1 1064 221 1052 956
2131 4 2 2 1 1037 930 906 797
2132 4 2 2 1 769 971 994 939
2133 4 2 2 1 913 312 959 98
2134 4 2 2 1 217 64 853 406
2135 4 2 2 1 505 794 858 708
2136 4 2 2 1 996 115 1022 6
2137 4 2 2 1 990 906 930 44
2138 4 2 2 1 45 990 44 43
2139 4 2 2 1 45 44 990 930
2140 4 2 2 1 634 422 848 375
2141 4 2 2 1 634 848 422 456
2142 4 2 2 1 938 825 648 169
2143 4 2 2 1 28 957 134 30
2144 4 2 2 1 479 190 854 224
2145 4 2 2 1 479 854 190 143
2146 4 2 2 1 716 756 847 542
2147 4 2 2 1 847 756 716 21
2148 4 2 2 1 217 65 853 64
2149 4 2 2 1 853 65 217 216
2150 4 2 2 1 119 70 829 72
2151 4 2 2 1 119 829 70 118
2152 4 2 2 1 996 115 6 769
2153 4 2 2 1 1064 221 956 782
2154 4 2 2 1 769 994 1035 619
2155 4 2 2 1 957 53 760 987
2156 4 2 2 1 184 380 993 379
2157 4 2 2 1 677 1031 209 715
2158 4 2 2 1 1053 209 1007 291
2159 4 2 2 1 204 200 50 686
2160 4 2 2 1 204 200 686 203
2161 4 2 2 1 167 825 657 344
2162 4 2 2 1 722 657 825 697
2163 4 2 2 1 722 825 657 751
2164 4 2 2 1 697 849 825 722
2165 4 2 2 1 697 849 722 662
2166 4 2 2 1 697 849 662 603
2167 4 2 2 1 697 849 603 825
2168 4 2 2 1 603 351 849 662
2169 4 2 2 1 603 849 351 246
2170 4 2 2 1 1045 212 273 420
2171 4 2 2 1 212 206 977 949
2172 4 2 2 1 599 874 975 411
2173 4 2 2 1 902 1045 235 273
2174 4 2 2 1 327 966 692 550
2175 4 2 2 1 798 966 327 550
2176 4 2 2 1 327 966 972 339
2177 4 2 2 1 327 966 339 692
2178 4 2 2 1 991 549 950 550
2179 4 2 2 1 991 549 550 548
2180 4 2 2 1 1047 115 12 341
2181 4 2 2 1 599 966 991 411
2182 4 2 2 1 971 769 992 939
2183 4 2 2 1 599 966 411 410
2184 4 2 2 1 771 979 418 7
2185 4 2 2 1 946 923 507 508
2186 4 2 2 1 979 889 726 771
2187 4 2 2 1 996 1022 5 6
2188 4 2 2 1 5 1022 996 621
2189 4 2 2 1 853 726 946 889
2190 4 2 2 1 882 45 221 956
2191 4 2 2 1 149 1030 940 796
2192 4 2 2 1 939 994 769 619
2193 4 2 2 1 53 900 92 760
2194 4 2 2 1 598 785 940 796
2195 4 2 2 1 645 981 223 559
2196 4 2 2 1 1049 200 162 164
2197 4 2 2 1 1020 302 235 974
2198 4 2 2 1 235 1045 951 273
2199 4 2 2 1 769 971 133 349
2200 4 2 2 1 226 823 37 228
2201 4 2 2 1 1020 199 167 166
2202 4 2 2 1 162 1001 904 301
2203 4 2 2 1 176 1019 42 460
2204 4 2 2 1 951 1045 235 545
2205 4 2 2 1 1014 274 273 977
2206 4 2 2 1 597 505 1043 346
2207 4 2 2 1 1043 505 597 989
2208 4 2 2 1 886 994 939 619
2209 4 2 2 1 1020 345 29 968
2210 4 2 2 1 168 1020 968 167
2211 4 2 2 1 1020 199 974 235
2212 4 2 2 1 1020 166 167 168
2213 4 2 2 1 976 890 403 211
2214 4 2 2 1 273 274 890 567
2215 4 2 2 1 1040 976 890 199
2216 4 2 2 1 976 959 890 913
2217 4 2 2 1 1043 505 914 346
2218 4 2 2 1 472 760 865 470
2219 4 2 2 1 472 865 760 53
2220 4 2 2 1 534 30 865 728
2221 4 2 2 1 865 30 534 470
2222 4 2 2 1 534 852 865 470
2223 4 2 2 1 914 505 1043 989
2224 4 2 2 1 389 390 823 391
2225 4 2 2 1 389 823 390 573
2226 4 2 2 1 914 947 346 505
2227 4 2 2 1 536 453 842 776
2228 4 2 2 1 323 678 844 297
2229 4 2 2 1 844 678 323 322
2230 4 2 2 1 462 454 835 453
2231 4 2 2 1 462 835 454 529
2232 4 2 2 1 274 207 273 977
2233 4 2 2 1 827 864 160 161
2234 4 2 2 1 827 678 160 481
2235 4 2 2 1 160 678 827 161
2236 4 2 2 1 1027 584 1001 475
2237 4 2 2 1 1004 997 944 1018
2238 4 2 2 1 42 1001 1027 584
2239 4 2 2 1 92 872 641 53
2240 4 2 2 1 914 947 505 858
2241 4 2 2 1 760 53 865 92
2242 4 2 2 1 92 872 53 865
2243 4 2 2 1 1049 956 601 164
2244 4 2 2 1 188 381 842 773
2245 4 2 2 1 188 842 381 254
2246 4 2 2 1 102 253 844 100
2247 4 2 2 1 844 253 102 467
2248 4 2 2 1 729 89 823 520
2249 4 2 2 1 729 823 89 90
2250 4 2 2 1 277 353 852 804
2251 4 2 2 1 852 353 277 354
2252 4 2 2 1 857 437 844 439
2253 4 2 2 1 857 844 437 306
2254 4 2 2 1 438 844 437 439
2255 4 2 2 1 438 437 844 306
2256 4 2 2 1 281 516 857 712
2257 4 2 2 1 857 516 281 705
2258 4 2 2 1 153 239 848 31
2259 4 2 2 1 848 239 153 446
2260 4 2 2 1 239 238 848 15
2261 4 2 2 1 848 238 239 237
2262 4 2 2 1 371 224 846 445
2263 4 2 2 1 371 846 224 479
2264 4 2 2 1 334 823 639 333
2265 4 2 2 1 227 665 823 228
2266 4 2 2 1 227 823 665 642
2267 4 2 2 1 833 653 257 834
2268 4 2 2 1 257 833 245 605
2269 4 2 2 1 93 483 431 91
2270 4 2 2 1 93 431 483 411
2271 4 2 2 1 29 483 431 411
2272 4 2 2 1 833 333 639 823
2273 4 2 2 1 833 333 823 39
2274 4 2 2 1 833 333 39 714
2275 4 2 2 1 647 895 291 292
2276 4 2 2 1 951 1045 1014 273
2277 4 2 2 1 1005 242 992 683
2278 4 2 2 1 1005 777 683 663
2279 4 2 2 1 41 956 163 164
2280 4 2 2 1 977 703 273 212
2281 4 2 2 1 329 969 853 464
2282 4 2 2 1 969 217 853 406
2283 4 2 2 1 955 206 28 876
2284 4 2 2 1 1014 1045 951 545
2285 4 2 2 1 99 955 206 28
2286 4 2 2 1 1014 1045 977 273
2287 4 2 2 1 977 1045 1014 545
2288 4 2 2 1 738 586 851 585
2289 4 2 2 1 738 851 586 811
2290 4 2 2 1 851 555 585 586
2291 4 2 2 1 836 586 851 811
2292 4 2 2 1 716 370 847 553
2293 4 2 2 1 847 370 716 556
2294 4 2 2 1 368 494 836 552
2295 4 2 2 1 836 494 368 811
2296 4 2 2 1 586 556 836 555
2297 4 2 2 1 586 836 556 370
2298 4 2 2 1 847 836 556 555
2299 4 2 2 1 847 556 836 370
2300 4 2 2 1 942 505 466 346
2301 4 2 2 1 466 505 942 506
2302 4 2 2 1 892 466 346 942
2303 4 2 2 1 892 466 942 506
2304 4 2 2 1 197 551 836 552
2305 4 2 2 1 836 551 197 196
2306 4 2 2 1 981 816 1024 117
2307 4 2 2 1 737 853 36 34
2308 4 2 2 1 459 784 956 888
2309 4 2 2 1 1024 816 981 559
2310 4 2 2 1 358 348 855 315
2311 4 2 2 1 358 855 348 76
2312 4 2 2 1 1024 816 896 117
2313 4 2 2 1 727 562 824 547
2314 4 2 2 1 727 824 562 560
2315 4 2 2 1 830 824 562 547
2316 4 2 2 1 830 562 824 560
2317 4 2 2 1 979 870 1002 737
2318 4 2 2 1 870 1002 737 518
2319 4 2 2 1 870 1002 7 69
2320 4 2 2 1 261 137 839 139
2321 4 2 2 1 261 839 137 260
2322 4 2 2 1 954 337 533 941
2323 4 2 2 1 893 954 147 50
2324 4 2 2 1 460 1019 882 459
2325 4 2 2 1 677 459 1019 715
2326 4 2 2 1 176 1019 459 715
2327 4 2 2 1 936 826 357 309
2328 4 2 2 1 900 760 30 865
2329 4 2 2 1 760 957 987 30
2330 4 2 2 1 216 510 923 508
2331 4 2 2 1 7 1002 870 518
2332 4 2 2 1 195 1004 442 113
2333 4 2 2 1 442 1004 195 935
2334 4 2 2 1 442 1004 986 113
2335 4 2 2 1 444 935 148 948
2336 4 2 2 1 411 955 483 449
2337 4 2 2 1 1006 928 116 10
2338 4 2 2 1 1004 486 935 442
2339 4 2 2 1 176 459 1019 460
2340 4 2 2 1 963 1028 1006 928
2341 4 2 2 1 960 806 181 44
2342 4 2 2 1 896 816 1024 559
2343 4 2 2 1 350 1038 1029 133
2344 4 2 2 1 797 1012 645 646
2345 4 2 2 1 896 816 901 117
2346 4 2 2 1 621 986 963 114
2347 4 2 2 1 928 1006 963 10
2348 4 2 2 1 784 677 960 181
2349 4 2 2 1 1004 486 108 935
2350 4 2 2 1 598 785 786 940
2351 4 2 2 1 1032 1030 786 940
2352 4 2 2 1 901 816 896 559
2353 4 2 2 1 1042 795 932 1010
2354 4 2 2 1 485 970 538 537
2355 4 2 2 1 538 970 485 858
2356 4 2 2 1 424 94 851 96
2357 4 2 2 1 424 851 94 423
2358 4 2 2 1 1011 11 1006 569
2359 4 2 2 1 11 982 1006 10
2360 4 2 2 1 963 1028 928 1051
2361 4 2 2 1 1048 1010 932 795
2362 4 2 2 1 601 176 995 782
2363 4 2 2 1 45 960 44 1009
2364 4 2 2 1 963 1006 108 10
2365 4 2 2 1 502 836 847 555
2366 4 2 2 1 847 503 502 555
2367 4 2 2 1 502 503 847 231
2368 4 2 2 1 932 1010 903 815
2369 4 2 2 1 563 863 564 787
2370 4 2 2 1 863 820 627 628
2371 4 2 2 1 655 654 848 634
2372 4 2 2 1 655 848 654 690
2373 4 2 2 1 538 970 880 537
2374 4 2 2 1 579 700 848 397
2375 4 2 2 1 579 848 700 278
2376 4 2 2 1 828 848 700 397
2377 4 2 2 1 828 700 848 278
2378 4 2 2 1 690 583 848 582
2379 4 2 2 1 690 848 583 655
2380 4 2 2 1 1004 997 1018 790
2381 4 2 2 1 65 392 830 66
2382 4 2 2 1 830 392 65 213
2383 4 2 2 1 48 840 711 867
2384 4 2 2 1 47 711 867 48
2385 4 2 2 1 47 867 711 851
2386 4 2 2 1 48 711 840 637
2387 4 2 2 1 108 1006 963 49
2388 4 2 2 1 601 164 797 205
2389 4 2 2 1 962 115 1022 341
2390 4 2 2 1 880 970 538 858
2391 4 2 2 1 395 1048 893 336
2392 4 2 2 1 711 840 637 635
2393 4 2 2 1 818 635 840 711
2394 4 2 2 1 711 818 867 840
2395 4 2 2 1 818 635 711 95
2396 4 2 2 1 711 818 95 851
2397 4 2 2 1 818 635 95 270
2398 4 2 2 1 394 1010 795 588
2399 4 2 2 1 957 53 52 760
2400 4 2 2 1 976 959 913 403
2401 4 2 2 1 1018 901 790 736
2402 4 2 2 1 890 403 959 976
2403 4 2 2 1 1030 736 1018 150
2404 4 2 2 1 333 226 823 37
2405 4 2 2 1 333 823 226 334
2406 4 2 2 1 535 468 842 536
2407 4 2 2 1 381 468 842 535
2408 4 2 2 1 381 842 468 253
2409 4 2 2 1 658 487 649 854
2410 4 2 2 1 846 489 748 854
2411 4 2 2 1 846 489 854 487
2412 4 2 2 1 846 489 487 488
2413 4 2 2 1 976 913 890 199
2414 4 2 2 1 890 959 403 567
2415 4 2 2 1 913 976 300 199
2416 4 2 2 1 721 547 824 615
2417 4 2 2 1 721 824 547 727
2418 4 2 2 1 671 859 690 296
2419 4 2 2 1 880 970 799 537
2420 4 2 2 1 654 690 859 296
2421 4 2 2 1 654 859 690 828
2422 4 2 2 1 880 7 1002 799
2423 4 2 2 1 892 466 853 346
2424 4 2 2 1 880 7 970 858
2425 4 2 2 1 942 892 506 709
2426 4 2 2 1 280 23 841 758
2427 4 2 2 1 280 841 23 24
2428 4 2 2 1 1048 147 43 893
2429 4 2 2 1 656 360 877 424
2430 4 2 2 1 443 380 993 184
2431 4 2 2 1 264 263 826 309
2432 4 2 2 1 826 263 264 265
2433 4 2 2 1 889 386 418 387
2434 4 2 2 1 903 893 689 394
2435 4 2 2 1 903 893 43 50
2436 4 2 2 1 162 1001 301 1062
2437 4 2 2 1 858 924 7 67
2438 4 2 2 1 880 924 858 914
2439 4 2 2 1 1017 7 924 67
2440 4 2 2 1 880 924 914 518
2441 4 2 2 1 571 574 822 511
2442 4 2 2 1 571 822 574 749
2443 4 2 2 1 920 361 851 359
2444 4 2 2 1 892 466 506 853
2445 4 2 2 1 811 361 851 494
2446 4 2 2 1 537 527 970 799
2447 4 2 2 1 527 216 537 510
2448 4 2 2 1 537 216 527 217
2449 4 2 2 1 1048 394 795 395
2450 4 2 2 1 921 74 702 652
2451 4 2 2 1 934 904 301 366
2452 4 2 2 1 506 892 693 709
2453 4 2 2 1 1041 784 689 394
2454 4 2 2 1 1005 241 858 794
2455 4 2 2 1 1005 241 794 992
2456 4 2 2 1 1048 147 893 336
2457 4 2 2 1 1048 43 932 1010
2458 4 2 2 1 443 853 993 330
2459 4 2 2 1 443 853 330 964
2460 4 2 2 1 1041 396 394 395
2461 4 2 2 1 804 398 852 277
2462 4 2 2 1 852 398 804 377
2463 4 2 2 1 43 893 147 50
2464 4 2 2 1 990 1066 43 1054
2465 4 2 2 1 737 914 853 34
2466 4 2 2 1 914 34 518 777
2467 4 2 2 1 941 893 337 335
2468 4 2 2 1 1066 43 1054 903
2469 4 2 2 1 889 36 182 853
2470 4 2 2 1 517 870 518 1017
2471 4 2 2 1 349 1035 894 994
2472 4 2 2 1 905 865 93 168
2473 4 2 2 1 93 168 865 431
2474 4 2 2 1 905 865 168 167
2475 4 2 2 1 990 1066 1054 805
2476 4 2 2 1 766 865 751 168
2477 4 2 2 1 1017 870 518 7
2478 4 2 2 1 865 766 431 168
2479 4 2 2 1 285 478 999 929
2480 4 2 2 1 50 1054 903 954
2481 4 2 2 1 533 906 990 941
2482 4 2 2 1 350 1038 133 577
2483 4 2 2 1 41 958 163 40
2484 4 2 2 1 518 7 880 1017
2485 4 2 2 1 223 1048 645 336
2486 4 2 2 1 517 924 518 241
2487 4 2 2 1 497 970 485 510
2488 4 2 2 1 956 960 459 882
2489 4 2 2 1 485 970 497 858
2490 4 2 2 1 517 924 241 67
2491 4 2 2 1 872 747 1016 75
2492 4 2 2 1 44 960 45 180
2493 4 2 2 1 1016 872 641 747
2494 4 2 2 1 693 892 506 853
2495 4 2 2 1 958 163 1021 41
2496 4 2 2 1 485 970 537 510
2497 4 2 2 1 1016 641 872 53
2498 4 2 2 1 747 1003 1016 75
2499 4 2 2 1 246 833 825 849
2500 4 2 2 1 693 892 186 709
2501 4 2 2 1 825 246 171 245
2502 4 2 2 1 641 1003 1016 747
2503 4 2 2 1 1004 486 986 108
2504 4 2 2 1 171 246 825 603
2505 4 2 2 1 641 1003 747 208
2506 4 2 2 1 638 334 823 639
2507 4 2 2 1 638 823 334 725
2508 4 2 2 1 683 992 663 783
2509 4 2 2 1 683 663 992 1005
2510 4 2 2 1 992 597 783 769
2511 4 2 2 1 992 597 769 794
2512 4 2 2 1 186 892 693 853
2513 4 2 2 1 1047 115 1022 996
2514 4 2 2 1 979 69 7 1002
2515 4 2 2 1 923 1002 979 527
2516 4 2 2 1 537 970 527 510
2517 4 2 2 1 979 69 418 7
2518 4 2 2 1 151 911 983 944
2519 4 2 2 1 769 1047 996 12
2520 4 2 2 1 117 1006 11 569
2521 4 2 2 1 1047 115 341 1022
2522 4 2 2 1 1022 1047 996 621
2523 4 2 2 1 911 735 660 151
2524 4 2 2 1 330 380 993 443
2525 4 2 2 1 988 401 402 836
2526 4 2 2 1 475 904 404 476
2527 4 2 2 1 1022 1047 962 341
2528 4 2 2 1 1004 486 442 986
2529 4 2 2 1 986 1036 284 982
2530 4 2 2 1 962 1047 1022 621
2531 4 2 2 1 56 895 549 55
2532 4 2 2 1 837 993 847 853
2533 4 2 2 1 823 191 226 192
2534 4 2 2 1 981 931 645 899
2535 4 2 2 1 988 919 836 402
2536 4 2 2 1 962 1047 1036 341
2537 4 2 2 1 986 982 284 108
2538 4 2 2 1 226 607 823 227
2539 4 2 2 1 226 823 607 191
2540 4 2 2 1 854 823 607 227
2541 4 2 2 1 854 607 823 191
2542 4 2 2 1 988 919 402 219
2543 4 2 2 1 466 853 465 19
2544 4 2 2 1 822 511 188 571
2545 4 2 2 1 513 822 188 189
2546 4 2 2 1 513 188 822 511
2547 4 2 2 1 1028 928 1034 116
2548 4 2 2 1 234 865 682 921
2549 4 2 2 1 869 377 852 865
2550 4 2 2 1 205 1037 1012 204
2551 4 2 2 1 837 993 463 229
2552 4 2 2 1 1036 1047 962 621
2553 4 2 2 1 909 289 581 580
2554 4 2 2 1 164 1049 163 162
2555 4 2 2 1 715 1031 1026 677
2556 4 2 2 1 904 544 710 366
2557 4 2 2 1 365 852 234 869
2558 4 2 2 1 365 852 869 429
2559 4 2 2 1 849 574 256 512
2560 4 2 2 1 575 849 574 256
2561 4 2 2 1 575 574 849 631
2562 4 2 2 1 948 935 148 193
2563 4 2 2 1 444 935 948 195
2564 4 2 2 1 710 544 904 476
2565 4 2 2 1 692 985 933 691
2566 4 2 2 1 691 895 985 290
2567 4 2 2 1 201 852 779 354
2568 4 2 2 1 201 779 852 295
2569 4 2 2 1 397 828 398 700
2570 4 2 2 1 398 238 828 397
2571 4 2 2 1 752 50 51 980
2572 4 2 2 1 1015 496 486 619
2573 4 2 2 1 176 200 1027 42
2574 4 2 2 1 1049 956 163 40
2575 4 2 2 1 163 1049 40 162
2576 4 2 2 1 842 297 298 844
2577 4 2 2 1 676 1007 57 291
2578 4 2 2 1 1049 956 164 163
2579 4 2 2 1 853 214 830 213
2580 4 2 2 1 508 214 507 853
2581 4 2 2 1 853 508 213 216
2582 4 2 2 1 463 993 464 229
2583 4 2 2 1 253 842 255 254
2584 4 2 2 1 938 171 169 170
2585 4 2 2 1 170 834 257 355
2586 4 2 2 1 40 1049 460 162
2587 4 2 2 1 203 97 686 235
2588 4 2 2 1 820 885 757 936
2589 4 2 2 1 936 826 309 863
2590 4 2 2 1 950 895 292 985
2591 4 2 2 1 686 97 199 235
2592 4 2 2 1 49 1028 1051 305
2593 4 2 2 1 460 1049 1019 162
2594 4 2 2 1 1015 496 619 1063
2595 4 2 2 1 57 1007 952 291
2596 4 2 2 1 300 199 97 913
2597 4 2 2 1 737 914 34 518
2598 4 2 2 1 290 933 340 292
2599 4 2 2 1 217 914 1002 537
2600 4 2 2 1 300 97 199 686
2601 4 2 2 1 956 1049 882 460
2602 4 2 2 1 440 844 298 299
2603 4 2 2 1 963 1028 1051 49
2604 4 2 2 1 1051 1028 304 305
2605 4 2 2 1 292 895 910 469
2606 4 2 2 1 853 847 465 19
2607 4 2 2 1 740 1031 57 180
2608 4 2 2 1 910 895 292 549
2609 4 2 2 1 910 895 352 469
2610 4 2 2 1 1014 210 273 927
2611 4 2 2 1 658 487 854 489
2612 4 2 2 1 57 1031 740 1007
2613 4 2 2 1 57 1031 181 180
2614 4 2 2 1 852 278 276 277
2615 4 2 2 1 852 277 276 354
2616 4 2 2 1 700 852 278 828
2617 4 2 2 1 276 828 852 779
2618 4 2 2 1 747 872 652 74
2619 4 2 2 1 647 895 292 469
2620 4 2 2 1 304 1028 1051 928
2621 4 2 2 1 352 895 910 549
2622 4 2 2 1 304 1028 1034 305
2623 4 2 2 1 1034 1028 304 928
2624 4 2 2 1 12 962 894 11
2625 4 2 2 1 913 312 98 97
2626 4 2 2 1 913 312 97 898
2627 4 2 2 1 898 913 959 403
2628 4 2 2 1 1031 676 57 181
2629 4 2 2 1 56 647 951 973
2630 4 2 2 1 56 895 352 549
2631 4 2 2 1 210 545 1014 951
2632 4 2 2 1 440 268 844 267
2633 4 2 2 1 844 268 440 102
2634 4 2 2 1 78 863 77 76
2635 4 2 2 1 77 530 863 78
2636 4 2 2 1 863 530 77 745
2637 4 2 2 1 78 832 762 860
2638 4 2 2 1 348 855 78 76
2639 4 2 2 1 863 855 78 860
2640 4 2 2 1 863 78 855 76
2641 4 2 2 1 290 933 691 340
2642 4 2 2 1 75 872 747 74
2643 4 2 2 1 395 617 1041 396
2644 4 2 2 1 184 993 186 185
2645 4 2 2 1 894 962 12 484
2646 4 2 2 1 894 962 1023 11
2647 4 2 2 1 1023 962 894 484
2648 4 2 2 1 851 423 141 94
2649 4 2 2 1 498 141 851 423
2650 4 2 2 1 498 851 141 499
2651 4 2 2 1 908 231 847 503
2652 4 2 2 1 823 770 391 390
2653 4 2 2 1 632 831 838 850
2654 4 2 2 1 632 838 831 155
2655 4 2 2 1 1023 962 1011 11
2656 4 2 2 1 890 302 922 136
2657 4 2 2 1 545 1014 206 175
2658 4 2 2 1 545 1014 977 206
2659 4 2 2 1 589 489 854 748
2660 4 2 2 1 489 590 854 658
2661 4 2 2 1 489 854 590 589
2662 4 2 2 1 890 922 927 273
2663 4 2 2 1 478 984 341 285
2664 4 2 2 1 931 981 646 117
2665 4 2 2 1 970 527 8 799
2666 4 2 2 1 233 828 754 232
2667 4 2 2 1 828 266 233 754
2668 4 2 2 1 27 820 831 26
2669 4 2 2 1 27 820 26 25
2670 4 2 2 1 148 981 117 789
2671 4 2 2 1 157 819 123 878
2672 4 2 2 1 193 981 148 789
2673 4 2 2 1 981 899 194 193
2674 4 2 2 1 194 981 193 789
2675 4 2 2 1 953 899 194 981
2676 4 2 2 1 25 820 26 271
2677 4 2 2 1 851 498 359 504
2678 4 2 2 1 423 359 851 498
2679 4 2 2 1 423 851 359 920
2680 4 2 2 1 357 140 840 248
2681 4 2 2 1 840 733 357 263
2682 4 2 2 1 755 768 916 1013
2683 4 2 2 1 768 328 916 1013
2684 4 2 2 1 755 1013 1025 768
2685 4 2 2 1 695 819 121 849
2686 4 2 2 1 121 819 695 696
2687 4 2 2 1 1025 1013 875 328
2688 4 2 2 1 1011 962 1023 484
2689 4 2 2 1 1012 931 646 117
2690 4 2 2 1 1027 209 1031 176
2691 4 2 2 1 1012 645 931 980
2692 4 2 2 1 960 806 784 181
2693 4 2 2 1 1039 1027 200 934
2694 4 2 2 1 1027 1007 1058 610
2695 4 2 2 1 610 1027 1039 404
2696 4 2 2 1 186 993 184 853
2697 4 2 2 1 1012 931 645 646
2698 4 2 2 1 495 877 198 367
2699 4 2 2 1 833 713 638 639
2700 4 2 2 1 88 638 833 713
2701 4 2 2 1 88 833 90 89
2702 4 2 2 1 485 943 858 497
2703 4 2 2 1 961 858 538 485
2704 4 2 2 1 485 943 497 909
2705 4 2 2 1 1027 1058 1007 209
2706 4 2 2 1 497 909 943 526
2707 4 2 2 1 1058 1027 610 404
2708 4 2 2 1 909 497 868 526
2709 4 2 2 1 186 993 693 185
2710 4 2 2 1 645 1012 147 980
2711 4 2 2 1 723 964 184 477
2712 4 2 2 1 959 1058 403 1027
2713 4 2 2 1 693 993 186 853
2714 4 2 2 1 693 993 847 185
2715 4 2 2 1 485 943 909 289
2716 4 2 2 1 961 858 485 289
2717 4 2 2 1 847 993 693 853
2718 4 2 2 1 341 984 478 12
2719 4 2 2 1 1037 930 797 793
2720 4 2 2 1 912 966 798 548
2721 4 2 2 1 877 197 495 198
2722 4 2 2 1 548 912 599 600
2723 4 2 2 1 198 877 915 367
2724 4 2 2 1 903 954 893 50
2725 4 2 2 1 403 1027 1058 404
2726 4 2 2 1 912 972 884 798
2727 4 2 2 1 285 284 984 341
2728 4 2 2 1 803 1041 44 978
2729 4 2 2 1 798 912 548 600
2730 4 2 2 1 645 147 1012 223
2731 4 2 2 1 1041 803 806 617
2732 4 2 2 1 888 1033 784 41
2733 4 2 2 1 181 960 44 180
2734 4 2 2 1 849 122 662 351
2735 4 2 2 1 430 13 685 828
2736 4 2 2 1 238 828 430 398
2737 4 2 2 1 430 13 828 238
2738 4 2 2 1 569 1023 626 788
2739 4 2 2 1 266 828 233 528
2740 4 2 2 1 266 828 685 13
2741 4 2 2 1 788 1011 49 569
2742 4 2 2 1 569 1023 788 1011
2743 4 2 2 1 114 621 986 113
2744 4 2 2 1 983 911 114 944
2745 4 2 2 1 1041 978 395 335
2746 4 2 2 1 1041 803 617 395
2747 4 2 2 1 361 504 851 359
2748 4 2 2 1 851 504 361 811
2749 4 2 2 1 784 1033 888 396
2750 4 2 2 1 912 972 410 884
2751 4 2 2 1 563 863 787 627
2752 4 2 2 1 884 912 798 600
2753 4 2 2 1 1010 903 815 805
2754 4 2 2 1 587 588 1010 394
2755 4 2 2 1 1033 930 45 41
2756 4 2 2 1 971 992 769 133
2757 4 2 2 1 1067 99 1059 1044
2758 4 2 2 1 769 484 12 115
2759 4 2 2 1 1067 99 1044 98
2760 4 2 2 1 115 12 962 484
2761 4 2 2 1 1010 805 815 587
2762 4 2 2 1 884 912 834 410
2763 4 2 2 1 1044 1059 545 99
2764 4 2 2 1 834 912 884 600
2765 4 2 2 1 545 1059 1044 352
2766 4 2 2 1 1033 803 930 1061
2767 4 2 2 1 444 935 304 108
2768 4 2 2 1 464 64 993 463
2769 4 2 2 1 1042 795 1010 588
2770 4 2 2 1 1059 469 352 545
2771 4 2 2 1 959 1058 1027 209
2772 4 2 2 1 49 1004 963 108
2773 4 2 2 1 1046 580 698 115
2774 4 2 2 1 1046 580 115 886
2775 4 2 2 1 350 1038 577 999
2776 4 2 2 1 403 1007 959 740
2777 4 2 2 1 478 999 929 577
2778 4 2 2 1 993 64 464 853
2779 4 2 2 1 993 64 837 463
2780 4 2 2 1 1007 686 1039 1027
2781 4 2 2 1 905 865 167 834
2782 4 2 2 1 1008 170 975 356
2783 4 2 2 1 1008 170 356 355
2784 4 2 2 1 1008 170 355 912
2785 4 2 2 1 610 1039 1007 300
2786 4 2 2 1 449 411 469 483
2787 4 2 2 1 837 64 993 853
2788 4 2 2 1 995 1007 686 740
2789 4 2 2 1 1007 686 740 300
2790 4 2 2 1 837 64 830 463
2791 4 2 2 1 830 64 837 853
2792 4 2 2 1 853 887 907 578
2793 4 2 2 1 449 411 292 469
2794 4 2 2 1 968 167 905 168
2795 4 2 2 1 930 1021 41 803
2796 4 2 2 1 905 834 344 938
2797 4 2 2 1 1051 1004 935 1018
2798 4 2 2 1 907 887 853 837
2799 4 2 2 1 536 842 570 776
2800 4 2 2 1 897 1040 210 199
2801 4 2 2 1 1052 906 164 1021
2802 4 2 2 1 999 1038 286 809
2803 4 2 2 1 1052 906 1021 930
2804 4 2 2 1 974 1040 166 421
2805 4 2 2 1 780 836 837 385
2806 4 2 2 1 1004 935 1018 195
2807 4 2 2 1 677 960 882 459
2808 4 2 2 1 929 1025 538 858
2809 4 2 2 1 907 887 780 578
2810 4 2 2 1 879 877 651 915
2811 4 2 2 1 56 166 897 974
2812 4 2 2 1 929 328 1025 875
2813 4 2 2 1 875 1025 929 858
2814 4 2 2 1 998 986 284 108
2815 4 2 2 1 963 986 108 1004
2816 4 2 2 1 929 328 350 1025
2817 4 2 2 1 780 887 907 837
2818 4 2 2 1 858 620 286 794
2819 4 2 2 1 286 929 285 999
2820 4 2 2 1 780 887 179 578
2821 4 2 2 1 865 821 751 825
2822 4 2 2 1 195 928 901 116
2823 4 2 2 1 179 887 780 837
2824 4 2 2 1 837 887 847 178
2825 4 2 2 1 234 921 73 702
2826 4 2 2 1 1025 1013 328 768
2827 4 2 2 1 613 932 785 1048
2828 4 2 2 1 328 1025 768 350
2829 4 2 2 1 847 887 837 853
2830 4 2 2 1 199 1040 300 166
2831 4 2 2 1 340 292 933 966
2832 4 2 2 1 953 899 981 932
2833 4 2 2 1 899 223 1048 645
2834 4 2 2 1 117 1034 195 116
2835 4 2 2 1 51 304 931 305
2836 4 2 2 1 1044 98 97 945
2837 4 2 2 1 932 899 1048 613
2838 4 2 2 1 899 223 645 981
2839 4 2 2 1 1033 784 1055 396
2840 4 2 2 1 960 806 1009 784
2841 4 2 2 1 789 953 1032 194
2842 4 2 2 1 1048 899 336 613
2843 4 2 2 1 847 887 465 178
2844 4 2 2 1 300 686 740 898
2845 4 2 2 1 28 876 957 29
2846 4 2 2 1 1032 193 948 148
2847 4 2 2 1 948 117 148 444
2848 4 2 2 1 1032 193 148 789
2849 4 2 2 1 876 926 949 28
2850 4 2 2 1 336 899 1048 645
2851 4 2 2 1 1019 162 42 460
2852 4 2 2 1 465 887 847 853
2853 4 2 2 1 906 1021 337 533
2854 4 2 2 1 305 1011 484 304
2855 4 2 2 1 906 941 805 990
2856 4 2 2 1 647 302 210 1040
2857 4 2 2 1 465 887 347 178
2858 4 2 2 1 647 302 1040 56
2859 4 2 2 1 906 222 457 533
2860 4 2 2 1 300 421 166 1040
2861 4 2 2 1 1032 953 815 587
2862 4 2 2 1 347 887 465 853
2863 4 2 2 1 176 1019 601 42
2864 4 2 2 1 483 1003 208 876
2865 4 2 2 1 56 302 974 235
2866 4 2 2 1 587 1032 150 815
2867 4 2 2 1 208 876 1003 207
2868 4 2 2 1 162 42 1062 200
2869 4 2 2 1 335 941 893 805
2870 4 2 2 1 41 956 1052 221
2871 4 2 2 1 1032 1030 940 149
2872 4 2 2 1 975 905 599 968
2873 4 2 2 1 982 5 442 621
2874 4 2 2 1 960 806 44 1009
2875 4 2 2 1 825 697 169 171
2876 4 2 2 1 648 825 697 169
2877 4 2 2 1 648 697 825 657
2878 4 2 2 1 893 941 903 805
2879 4 2 2 1 1040 976 199 300
2880 4 2 2 1 150 1032 736 815
2881 4 2 2 1 97 913 945 98
2882 4 2 2 1 962 982 1011 11
2883 4 2 2 1 982 621 1022 5
2884 4 2 2 1 974 302 56 1040
2885 4 2 2 1 945 913 97 199
2886 4 2 2 1 503 908 231 814
2887 4 2 2 1 865 751 168 167
2888 4 2 2 1 167 825 344 834
2889 4 2 2 1 39 833 967 38
2890 4 2 2 1 39 833 38 823
2891 4 2 2 1 115 962 12 341
2892 4 2 2 1 945 913 897 98
2893 4 2 2 1 599 1008 356 355
2894 4 2 2 1 411 968 975 599
2895 4 2 2 1 599 1008 975 356
2896 4 2 2 1 1004 997 790 963
2897 4 2 2 1 448 905 344 938
2898 4 2 2 1 825 751 167 657
2899 4 2 2 1 865 766 821 728
2900 4 2 2 1 897 913 945 199
2901 4 2 2 1 998 986 108 963
2902 4 2 2 1 601 203 1060 205
2903 4 2 2 1 656 915 877 367
2904 4 2 2 1 865 751 821 766
2905 4 2 2 1 983 997 735 151
2906 4 2 2 1 53 682 865 872
2907 4 2 2 1 472 865 53 682
2908 4 2 2 1 865 534 821 852
2909 4 2 2 1 821 534 865 728
2910 4 2 2 1 897 913 210 98
2911 4 2 2 1 210 913 897 199
2912 4 2 2 1 913 312 898 959
2913 4 2 2 1 40 42 162 460
2914 4 2 2 1 1030 598 940 796
2915 4 2 2 1 842 453 536 461
2916 4 2 2 1 470 852 454 534
2917 4 2 2 1 470 471 852 472
2918 4 2 2 1 852 471 470 454
2919 4 2 2 1 160 827 480 864
2920 4 2 2 1 480 827 160 481
2921 4 2 2 1 913 927 175 890
2922 4 2 2 1 483 1003 876 29
2923 4 2 2 1 236 975 29 345
2924 4 2 2 1 844 842 258 259
2925 4 2 2 1 258 100 844 259
2926 4 2 2 1 842 303 844 258
2927 4 2 2 1 842 844 303 438
2928 4 2 2 1 100 844 303 258
2929 4 2 2 1 844 303 306 307
2930 4 2 2 1 882 181 960 677
2931 4 2 2 1 1019 181 180 882
2932 4 2 2 1 969 217 406 755
2933 4 2 2 1 892 969 329 724
2934 4 2 2 1 882 180 1019 753
2935 4 2 2 1 329 969 464 768
2936 4 2 2 1 236 975 411 29
2937 4 2 2 1 411 975 968 29
2938 4 2 2 1 98 1044 897 945
2939 4 2 2 1 25 824 820 271
2940 4 2 2 1 473 824 820 25
2941 4 2 2 1 905 448 170 938
2942 4 2 2 1 473 824 25 392
2943 4 2 2 1 936 860 817 863
2944 4 2 2 1 741 817 251 757
2945 4 2 2 1 936 308 309 310
2946 4 2 2 1 936 308 310 860
2947 4 2 2 1 1006 116 117 11
2948 4 2 2 1 1006 116 11 10
2949 4 2 2 1 1019 782 882 753
2950 4 2 2 1 905 975 345 968
2951 4 2 2 1 903 941 893 954
2952 4 2 2 1 537 1002 217 527
2953 4 2 2 1 847 818 524 837
2954 4 2 2 1 524 502 847 231
2955 4 2 2 1 1002 914 853 737
2956 4 2 2 1 524 837 231 847
2957 4 2 2 1 855 563 863 564
2958 4 2 2 1 855 863 563 628
2959 4 2 2 1 766 728 865 431
2960 4 2 2 1 627 563 863 628
2961 4 2 2 1 627 863 826 820
2962 4 2 2 1 826 863 627 787
2963 4 2 2 1 756 847 693 20
2964 4 2 2 1 847 185 756 693
2965 4 2 2 1 903 941 1054 805
2966 4 2 2 1 847 20 19 853
2967 4 2 2 1 217 1002 853 527
2968 4 2 2 1 868 496 619 526
2969 4 2 2 1 868 994 109 971
2970 4 2 2 1 909 868 619 526
2971 4 2 2 1 1002 853 914 217
2972 4 2 2 1 151 983 911 735
2973 4 2 2 1 983 911 621 114
2974 4 2 2 1 545 483 449 469
2975 4 2 2 1 853 1002 923 527
2976 4 2 2 1 869 376 429 430
2977 4 2 2 1 983 997 621 735
2978 4 2 2 1 429 869 430 852
2979 4 2 2 1 853 1002 979 923
2980 4 2 2 1 67 870 1017 7
2981 4 2 2 1 49 1028 117 1006
2982 4 2 2 1 117 49 1006 569
2983 4 2 2 1 662 849 630 247
2984 4 2 2 1 1022 4 114 871
2985 4 2 2 1 114 1022 113 115
2986 4 2 2 1 871 114 113 621
2987 4 2 2 1 114 1022 115 6
2988 4 2 2 1 5 911 660 151
2989 4 2 2 1 871 114 911 4
2990 4 2 2 1 73 75 872 54
2991 4 2 2 1 73 75 74 872
2992 4 2 2 1 54 682 872 73
2993 4 2 2 1 872 921 74 73
2994 4 2 2 1 872 921 73 682
2995 4 2 2 1 1010 588 587 1042
2996 4 2 2 1 432 679 402 836
2997 4 2 2 1 533 1021 337 532
2998 4 2 2 1 526 509 873 497
2999 4 2 2 1 527 509 873 526
3000 4 2 2 1 509 510 923 873
3001 4 2 2 1 1053 1031 1007 209
3002 4 2 2 1 510 497 873 509
3003 4 2 2 1 549 910 352 874
3004 4 2 2 1 49 1004 108 1051
3005 4 2 2 1 292 874 549 950
3006 4 2 2 1 1004 997 963 944
3007 4 2 2 1 352 599 549 874
3008 4 2 2 1 991 874 950 549
3009 4 2 2 1 875 478 328 477
3010 4 2 2 1 478 328 929 875
3011 4 2 2 1 1054 941 903 954
3012 4 2 2 1 478 929 328 577
3013 4 2 2 1 963 114 1004 944
3014 4 2 2 1 1054 941 990 805
3015 4 2 2 1 963 986 1004 114
3016 4 2 2 1 1003 212 54 703
3017 4 2 2 1 289 992 241 242
3018 4 2 2 1 620 241 289 992
3019 4 2 2 1 1003 212 703 876
3020 4 2 2 1 300 136 976 610
3021 4 2 2 1 877 651 47 851
3022 4 2 2 1 656 651 47 877
3023 4 2 2 1 361 568 360 877
3024 4 2 2 1 361 568 877 367
3025 4 2 2 1 878 819 488 846
3026 4 2 2 1 594 878 488 489
3027 4 2 2 1 846 878 489 488
3028 4 2 2 1 357 733 840 140
3029 4 2 2 1 412 594 878 488
3030 4 2 2 1 878 819 412 488
3031 4 2 2 1 819 694 412 414
3032 4 2 2 1 242 241 1005 992
3033 4 2 2 1 819 412 694 696
3034 4 2 2 1 788 1029 626 350
3035 4 2 2 1 163 1021 533 532
3036 4 2 2 1 626 1029 788 1035
3037 4 2 2 1 967 104 106 38
3038 4 2 2 1 626 1029 349 350
3039 4 2 2 1 638 823 90 833
3040 4 2 2 1 967 687 714 106
3041 4 2 2 1 967 833 104 38
3042 4 2 2 1 88 833 638 90
3043 4 2 2 1 98 897 1067 313
3044 4 2 2 1 1005 241 240 858
3045 4 2 2 1 284 10 982 962
3046 4 2 2 1 98 897 1044 1067
3047 4 2 2 1 352 98 1067 313
3048 4 2 2 1 349 1029 626 1035
3049 4 2 2 1 219 988 220 402
3050 4 2 2 1 988 879 196 919
3051 4 2 2 1 914 880 217 755
3052 4 2 2 1 880 538 755 858
3053 4 2 2 1 538 755 217 880
3054 4 2 2 1 880 924 518 1017
3055 4 2 2 1 880 7 924 1017
3056 4 2 2 1 284 982 1036 962
3057 4 2 2 1 613 194 335 803
3058 4 2 2 1 140 818 595 840
3059 4 2 2 1 141 140 818 595
3060 4 2 2 1 918 687 937 106
3061 4 2 2 1 687 881 937 684
3062 4 2 2 1 992 597 794 1005
3063 4 2 2 1 603 825 171 697
3064 4 2 2 1 990 941 1054 954
3065 4 2 2 1 349 1029 133 350
3066 4 2 2 1 460 1019 1049 882
3067 4 2 2 1 242 1005 241 240
3068 4 2 2 1 969 947 755 724
3069 4 2 2 1 782 221 956 753
3070 4 2 2 1 677 960 459 784
3071 4 2 2 1 1005 242 683 777
3072 4 2 2 1 1005 240 242 777
3073 4 2 2 1 971 349 1029 133
3074 4 2 2 1 240 989 858 914
3075 4 2 2 1 991 292 950 874
3076 4 2 2 1 440 267 844 699
3077 4 2 2 1 883 391 665 823
3078 4 2 2 1 883 38 665 391
3079 4 2 2 1 391 770 883 38
3080 4 2 2 1 391 770 823 883
3081 4 2 2 1 986 1036 982 442
3082 4 2 2 1 991 292 874 411
3083 4 2 2 1 50 1065 204 1050
3084 4 2 2 1 991 292 966 933
3085 4 2 2 1 844 306 303 438
3086 4 2 2 1 991 966 292 411
3087 4 2 2 1 303 307 844 100
3088 4 2 2 1 786 1004 1018 195
3089 4 2 2 1 914 892 947 969
3090 4 2 2 1 177 597 1043 346
3091 4 2 2 1 204 200 164 50
3092 4 2 2 1 991 292 933 950
3093 4 2 2 1 1057 273 1045 902
3094 4 2 2 1 659 561 562 830
3095 4 2 2 1 562 830 726 659
3096 4 2 2 1 449 352 1059 910
3097 4 2 2 1 352 99 1067 98
3098 4 2 2 1 562 726 830 546
3099 4 2 2 1 786 598 1004 114
3100 4 2 2 1 508 214 853 213
3101 4 2 2 1 703 1003 876 207
3102 4 2 2 1 892 947 969 724
3103 4 2 2 1 942 892 947 346
3104 4 2 2 1 972 798 966 327
3105 4 2 2 1 709 947 892 724
3106 4 2 2 1 885 519 249 826
3107 4 2 2 1 757 474 249 885
3108 4 2 2 1 980 1012 147 50
3109 4 2 2 1 147 1012 43 50
3110 4 2 2 1 992 289 971 242
3111 4 2 2 1 212 902 1057 1045
3112 4 2 2 1 945 1044 897 235
3113 4 2 2 1 289 886 115 580
3114 4 2 2 1 54 53 900 1016
3115 4 2 2 1 887 837 179 178
3116 4 2 2 1 177 179 887 578
3117 4 2 2 1 853 887 177 347
3118 4 2 2 1 747 207 1003 75
3119 4 2 2 1 54 900 53 987
3120 4 2 2 1 43 1012 147 223
3121 4 2 2 1 888 396 617 460
3122 4 2 2 1 888 460 459 396
3123 4 2 2 1 747 1003 207 208
3124 4 2 2 1 703 1003 207 75
3125 4 2 2 1 897 1044 56 235
3126 4 2 2 1 400 401 836 402
3127 4 2 2 1 979 889 771 418
3128 4 2 2 1 889 830 386 387
3129 4 2 2 1 830 889 576 387
3130 4 2 2 1 836 401 400 405
3131 4 2 2 1 979 799 7 771
3132 4 2 2 1 232 864 160 480
3133 4 2 2 1 957 900 987 30
3134 4 2 2 1 890 302 927 922
3135 4 2 2 1 890 403 420 273
3136 4 2 2 1 204 200 203 164
3137 4 2 2 1 108 891 982 1011
3138 4 2 2 1 108 982 891 486
3139 4 2 2 1 891 496 917 108
3140 4 2 2 1 891 496 486 1015
3141 4 2 2 1 891 1015 486 442
3142 4 2 2 1 473 824 392 474
3143 4 2 2 1 473 824 474 820
3144 4 2 2 1 43 1012 990 50
3145 4 2 2 1 824 474 519 392
3146 4 2 2 1 1067 56 897 1044
3147 4 2 2 1 186 724 892 723
3148 4 2 2 1 56 1044 951 235
3149 4 2 2 1 53 900 1016 641
3150 4 2 2 1 951 1044 56 352
3151 4 2 2 1 457 50 1065 204
3152 4 2 2 1 164 205 203 204
3153 4 2 2 1 170 257 834 171
3154 4 2 2 1 335 336 395 893
3155 4 2 2 1 882 460 459 956
3156 4 2 2 1 327 918 798 326
3157 4 2 2 1 336 335 337 893
3158 4 2 2 1 798 918 327 884
3159 4 2 2 1 349 769 894 133
3160 4 2 2 1 349 894 11 133
3161 4 2 2 1 951 1044 545 235
3162 4 2 2 1 484 769 6 115
3163 4 2 2 1 545 1044 951 352
3164 4 2 2 1 1035 894 1023 349
3165 4 2 2 1 950 985 292 933
3166 4 2 2 1 57 895 691 291
3167 4 2 2 1 692 57 895 691
3168 4 2 2 1 895 291 290 691
3169 4 2 2 1 950 292 895 549
3170 4 2 2 1 985 895 292 290
3171 4 2 2 1 990 1012 43 223
3172 4 2 2 1 979 1002 799 527
3173 4 2 2 1 979 799 1002 7
3174 4 2 2 1 880 1002 7 518
3175 4 2 2 1 387 889 576 417
3176 4 2 2 1 557 896 1024 559
3177 4 2 2 1 30 957 900 29
3178 4 2 2 1 116 896 646 557
3179 4 2 2 1 990 1012 222 50
3180 4 2 2 1 896 901 195 117
3181 4 2 2 1 222 1012 990 223
3182 4 2 2 1 313 897 210 98
3183 4 2 2 1 990 1050 457 1065
3184 4 2 2 1 576 889 182 417
3185 4 2 2 1 1016 957 900 54
3186 4 2 2 1 1027 584 475 567
3187 4 2 2 1 1065 990 50 954
3188 4 2 2 1 313 959 740 898
3189 4 2 2 1 313 740 995 898
3190 4 2 2 1 842 255 258 259
3191 4 2 2 1 182 889 419 417
3192 4 2 2 1 1003 957 1016 54
3193 4 2 2 1 965 889 182 853
3194 4 2 2 1 931 981 117 148
3195 4 2 2 1 981 148 899 193
3196 4 2 2 1 899 146 147 148
3197 4 2 2 1 966 411 410 292
3198 4 2 2 1 852 354 276 779
3199 4 2 2 1 656 915 367 218
3200 4 2 2 1 900 93 92 865
3201 4 2 2 1 419 889 418 417
3202 4 2 2 1 957 641 1016 900
3203 4 2 2 1 900 29 431 728
3204 4 2 2 1 865 431 728 900
3205 4 2 2 1 990 1050 222 457
3206 4 2 2 1 901 790 816 559
3207 4 2 2 1 457 990 1065 954
3208 4 2 2 1 789 901 790 816
3209 4 2 2 1 889 965 979 853
3210 4 2 2 1 1032 736 815 789
3211 4 2 2 1 1032 736 789 901
3212 4 2 2 1 902 302 136 922
3213 4 2 2 1 134 902 302 136
3214 4 2 2 1 457 990 533 222
3215 4 2 2 1 902 28 134 302
3216 4 2 2 1 961 992 809 620
3217 4 2 2 1 620 241 992 794
3218 4 2 2 1 953 932 785 613
3219 4 2 2 1 298 614 842 461
3220 4 2 2 1 789 953 194 981
3221 4 2 2 1 981 953 1042 815
3222 4 2 2 1 1030 736 150 1032
3223 4 2 2 1 789 953 981 815
3224 4 2 2 1 656 915 218 651
3225 4 2 2 1 798 918 600 326
3226 4 2 2 1 953 899 932 613
3227 4 2 2 1 1039 366 301 300
3228 4 2 2 1 200 1039 301 300
3229 4 2 2 1 1013 724 858 1000
3230 4 2 2 1 724 916 723 1000
3231 4 2 2 1 815 805 903 789
3232 4 2 2 1 786 1030 1018 598
3233 4 2 2 1 689 903 1010 805
3234 4 2 2 1 273 951 235 56
3235 4 2 2 1 533 990 457 954
3236 4 2 2 1 176 1026 1031 180
3237 4 2 2 1 205 1037 204 906
3238 4 2 2 1 656 915 651 877
3239 4 2 2 1 789 981 117 816
3240 4 2 2 1 981 815 932 789
3241 4 2 2 1 843 824 826 519
3242 4 2 2 1 148 899 193 336
3243 4 2 2 1 285 875 724 1000
3244 4 2 2 1 826 824 843 820
3245 4 2 2 1 826 824 885 519
3246 4 2 2 1 195 1034 928 116
3247 4 2 2 1 724 285 1000 723
3248 4 2 2 1 908 756 542 847
3249 4 2 2 1 908 756 847 185
3250 4 2 2 1 686 898 995 740
3251 4 2 2 1 885 824 826 820
3252 4 2 2 1 995 97 601 602
3253 4 2 2 1 400 780 836 672
3254 4 2 2 1 780 847 836 672
3255 4 2 2 1 885 824 474 519
3256 4 2 2 1 304 1011 484 107
3257 4 2 2 1 305 1011 49 484
3258 4 2 2 1 304 1011 107 108
3259 4 2 2 1 474 824 885 820
3260 4 2 2 1 1051 963 790 928
3261 4 2 2 1 1006 1011 108 982
3262 4 2 2 1 1051 1011 108 49
3263 4 2 2 1 951 895 469 352
3264 4 2 2 1 600 918 798 884
3265 4 2 2 1 999 286 1038 285
3266 4 2 2 1 1012 1037 50 204
3267 4 2 2 1 1056 974 302 1020
3268 4 2 2 1 618 8 9 909
3269 4 2 2 1 8 618 619 909
3270 4 2 2 1 9 909 580 618
3271 4 2 2 1 469 951 352 545
3272 4 2 2 1 984 1047 341 284
3273 4 2 2 1 618 868 619 909
3274 4 2 2 1 872 54 1016 53
3275 4 2 2 1 872 1016 54 75
3276 4 2 2 1 891 1022 962 107
3277 4 2 2 1 874 449 352 356
3278 4 2 2 1 50 1037 1012 222
3279 4 2 2 1 538 1025 999 809
3280 4 2 2 1 1059 469 545 449
3281 4 2 2 1 1059 469 449 910
3282 4 2 2 1 891 1022 107 698
3283 4 2 2 1 1022 982 5 442
3284 4 2 2 1 768 809 788 999
3285 4 2 2 1 891 442 1063 1015
3286 4 2 2 1 983 911 735 621
3287 4 2 2 1 911 621 114 871
3288 4 2 2 1 600 834 912 355
3289 4 2 2 1 442 871 5 1022
3290 4 2 2 1 50 1037 1050 204
3291 4 2 2 1 984 769 133 12
3292 4 2 2 1 113 1022 442 698
3293 4 2 2 1 1050 1037 50 222
3294 4 2 2 1 385 907 780 35
3295 4 2 2 1 1037 930 793 222
3296 4 2 2 1 780 907 385 837
3297 4 2 2 1 780 907 578 35
3298 4 2 2 1 1050 1037 457 204
3299 4 2 2 1 799 970 7 8
3300 4 2 2 1 880 970 7 799
3301 4 2 2 1 7 970 9 8
3302 4 2 2 1 970 581 9 943
3303 4 2 2 1 663 34 914 777
3304 4 2 2 1 577 984 133 12
3305 4 2 2 1 184 993 185 379
3306 4 2 2 1 963 558 928 998
3307 4 2 2 1 457 1037 1050 222
3308 4 2 2 1 879 220 915 218
3309 4 2 2 1 367 220 218 915
3310 4 2 2 1 193 899 194 336
3311 4 2 2 1 1000 916 723 477
3312 4 2 2 1 578 907 853 35
3313 4 2 2 1 457 1037 906 204
3314 4 2 2 1 330 916 328 477
3315 4 2 2 1 652 921 376 702
3316 4 2 2 1 330 853 993 464
3317 4 2 2 1 378 921 652 872
3318 4 2 2 1 576 907 830 680
3319 4 2 2 1 752 931 980 51
3320 4 2 2 1 576 907 680 275
3321 4 2 2 1 1021 457 164 163
3322 4 2 2 1 185 908 379 993
3323 4 2 2 1 484 109 917 994
3324 4 2 2 1 876 212 949 926
3325 4 2 2 1 906 1037 457 222
3326 4 2 2 1 109 108 917 496
3327 4 2 2 1 891 496 108 486
3328 4 2 2 1 918 106 105 327
3329 4 2 2 1 327 918 339 884
3330 4 2 2 1 918 106 327 339
3331 4 2 2 1 884 338 918 339
3332 4 2 2 1 919 197 879 196
3333 4 2 2 1 919 197 196 836
3334 4 2 2 1 879 650 919 218
3335 4 2 2 1 218 3 650 919
3336 4 2 2 1 1038 285 984 478
3337 4 2 2 1 914 880 755 858
3338 4 2 2 1 50 954 457 1065
3339 4 2 2 1 869 365 429 702
3340 4 2 2 1 528 852 429 430
3341 4 2 2 1 365 852 828 234
3342 4 2 2 1 326 967 105 937
3343 4 2 2 1 869 702 429 376
3344 4 2 2 1 998 986 963 558
3345 4 2 2 1 360 424 423 920
3346 4 2 2 1 998 557 284 558
3347 4 2 2 1 423 851 920 424
3348 4 2 2 1 928 558 557 998
3349 4 2 2 1 376 921 869 702
3350 4 2 2 1 240 914 518 777
3351 4 2 2 1 914 924 240 518
3352 4 2 2 1 876 212 703 949
3353 4 2 2 1 240 989 914 777
3354 4 2 2 1 872 921 682 865
3355 4 2 2 1 448 449 955 975
3356 4 2 2 1 1008 170 448 975
3357 4 2 2 1 449 448 170 975
3358 4 2 2 1 922 211 420 890
3359 4 2 2 1 1057 273 902 922
3360 4 2 2 1 963 997 790 621
3361 4 2 2 1 1057 136 902 135
3362 4 2 2 1 922 890 420 273
3363 4 2 2 1 326 937 105 834
3364 4 2 2 1 509 507 527 923
3365 4 2 2 1 527 509 923 873
3366 4 2 2 1 921 377 378 376
3367 4 2 2 1 869 921 234 702
3368 4 2 2 1 216 510 527 923
3369 4 2 2 1 989 777 663 914
3370 4 2 2 1 979 870 737 965
3371 4 2 2 1 924 240 241 858
3372 4 2 2 1 924 518 241 240
3373 4 2 2 1 880 924 7 858
3374 4 2 2 1 914 924 858 240
3375 4 2 2 1 234 921 869 865
3376 4 2 2 1 483 1003 641 208
3377 4 2 2 1 955 206 483 449
3378 4 2 2 1 876 208 483 206
3379 4 2 2 1 647 925 952 291
3380 4 2 2 1 952 56 647 313
3381 4 2 2 1 419 965 182 183
3382 4 2 2 1 965 889 418 419
3383 4 2 2 1 876 52 212 926
3384 4 2 2 1 448 955 236 975
3385 4 2 2 1 52 212 926 135
3386 4 2 2 1 902 926 212 135
3387 4 2 2 1 326 967 775 105
3388 4 2 2 1 236 345 448 975
3389 4 2 2 1 926 206 28 902
3390 4 2 2 1 769 349 894 994
3391 4 2 2 1 182 965 36 183
3392 4 2 2 1 1035 769 619 6
3393 4 2 2 1 905 345 975 448
3394 4 2 2 1 36 965 182 853
3395 4 2 2 1 36 965 737 183
3396 4 2 2 1 1035 769 6 484
3397 4 2 2 1 980 899 147 645
3398 4 2 2 1 981 645 931 646
3399 4 2 2 1 752 899 146 147
3400 4 2 2 1 980 899 645 931
3401 4 2 2 1 1021 457 163 533
3402 4 2 2 1 621 736 997 790
3403 4 2 2 1 336 613 335 395
3404 4 2 2 1 737 965 36 853
3405 4 2 2 1 285 1038 999 478
3406 4 2 2 1 533 990 906 222
3407 4 2 2 1 948 613 195 194
3408 4 2 2 1 175 890 927 274
3409 4 2 2 1 1014 274 175 927
3410 4 2 2 1 1014 274 927 273
3411 4 2 2 1 141 818 94 270
3412 4 2 2 1 927 890 273 274
3413 4 2 2 1 94 818 141 851
3414 4 2 2 1 94 818 95 270
3415 4 2 2 1 95 818 94 851
3416 4 2 2 1 928 901 559 790
3417 4 2 2 1 558 963 928 559
3418 4 2 2 1 963 998 928 10
3419 4 2 2 1 833 937 326 834
3420 4 2 2 1 929 328 577 350
3421 4 2 2 1 302 1020 421 1056
3422 4 2 2 1 999 929 577 350
3423 4 2 2 1 954 990 941 533
3424 4 2 2 1 221 930 41 45
3425 4 2 2 1 818 635 270 840
3426 4 2 2 1 221 930 1064 1052
3427 4 2 2 1 899 336 613 194
3428 4 2 2 1 990 221 930 222
3429 4 2 2 1 990 221 222 223
3430 4 2 2 1 906 805 941 335
3431 4 2 2 1 97 995 312 602
3432 4 2 2 1 677 1019 1026 715
3433 4 2 2 1 939 683 996 783
3434 4 2 2 1 331 937 833 834
3435 4 2 2 1 996 660 783 683
3436 4 2 2 1 352 99 1059 1067
3437 4 2 2 1 995 312 782 313
3438 4 2 2 1 995 312 601 782
3439 4 2 2 1 931 981 148 899
3440 4 2 2 1 352 99 449 1059
3441 4 2 2 1 50 49 931 117
3442 4 2 2 1 753 995 176 782
3443 4 2 2 1 50 931 1012 117
3444 4 2 2 1 176 1026 1019 715
3445 4 2 2 1 1039 200 1027 686
3446 4 2 2 1 1019 181 882 677
3447 4 2 2 1 815 903 932 789
3448 4 2 2 1 1027 475 404 403
3449 4 2 2 1 176 1026 180 1019
3450 4 2 2 1 1048 932 43 223
3451 4 2 2 1 1060 176 203 995
3452 4 2 2 1 431 1020 29 968
3453 4 2 2 1 176 1019 180 753
3454 4 2 2 1 431 1020 968 168
3455 4 2 2 1 753 313 995 782
3456 4 2 2 1 506 853 20 693
3457 4 2 2 1 847 693 20 853
3458 4 2 2 1 352 98 356 449
3459 4 2 2 1 814 993 330 380
3460 4 2 2 1 814 993 380 908
3461 4 2 2 1 380 908 847 503
3462 4 2 2 1 879 877 197 651
3463 4 2 2 1 475 335 958 476
3464 4 2 2 1 300 199 166 200
3465 4 2 2 1 503 380 908 814
3466 4 2 2 1 340 691 692 933
3467 4 2 2 1 240 989 777 1005
3468 4 2 2 1 1027 934 1039 404
3469 4 2 2 1 879 877 198 197
3470 4 2 2 1 1039 366 300 610
3471 4 2 2 1 1039 544 366 610
3472 4 2 2 1 404 904 475 934
3473 4 2 2 1 1039 544 610 404
3474 4 2 2 1 935 486 193 442
3475 4 2 2 1 879 877 915 198
3476 4 2 2 1 935 486 108 148
3477 4 2 2 1 935 486 148 193
3478 4 2 2 1 915 879 218 651
3479 4 2 2 1 757 741 936 250
3480 4 2 2 1 885 757 936 250
3481 4 2 2 1 936 817 741 757
3482 4 2 2 1 309 936 310 357
3483 4 2 2 1 820 757 885 474
3484 4 2 2 1 988 401 879 220
3485 4 2 2 1 879 220 218 219
3486 4 2 2 1 1067 56 352 313
3487 4 2 2 1 312 602 995 601
3488 4 2 2 1 1051 1004 1018 790
3489 4 2 2 1 1040 421 302 300
3490 4 2 2 1 178 673 465 847
3491 4 2 2 1 967 687 937 684
3492 4 2 2 1 937 684 881 834
3493 4 2 2 1 326 967 833 775
3494 4 2 2 1 937 331 967 684
3495 4 2 2 1 687 881 684 338
3496 4 2 2 1 1067 56 1044 352
3497 4 2 2 1 988 401 220 402
3498 4 2 2 1 1044 1059 1067 352
3499 4 2 2 1 27 820 25 473
3500 4 2 2 1 27 820 473 831
3501 4 2 2 1 1044 98 99 97
3502 4 2 2 1 412 594 123 878
3503 4 2 2 1 28 236 1044 99
3504 4 2 2 1 123 819 412 878
3505 4 2 2 1 236 99 97 1044
3506 4 2 2 1 805 43 789 44
3507 4 2 2 1 784 888 459 396
3508 4 2 2 1 1027 934 1001 200
3509 4 2 2 1 545 1044 99 206
3510 4 2 2 1 430 685 528 828
3511 4 2 2 1 266 828 528 685
3512 4 2 2 1 28 99 1044 206
3513 4 2 2 1 1042 785 588 953
3514 4 2 2 1 410 834 884 332
3515 4 2 2 1 938 171 170 834
3516 4 2 2 1 344 938 648 448
3517 4 2 2 1 1042 795 588 785
3518 4 2 2 1 1042 795 785 932
3519 4 2 2 1 799 726 771 979
3520 4 2 2 1 6 939 5 996
3521 4 2 2 1 891 1011 108 107
3522 4 2 2 1 805 43 903 789
3523 4 2 2 1 939 992 683 783
3524 4 2 2 1 588 940 785 796
3525 4 2 2 1 588 953 940 587
3526 4 2 2 1 940 613 785 786
3527 4 2 2 1 1042 953 588 587
3528 4 2 2 1 533 906 941 337
3529 4 2 2 1 884 834 918 332
3530 4 2 2 1 958 335 475 803
3531 4 2 2 1 918 834 884 600
3532 4 2 2 1 994 971 349 1035
3533 4 2 2 1 1021 958 476 532
3534 4 2 2 1 326 834 918 600
3535 4 2 2 1 1004 1018 944 598
3536 4 2 2 1 714 967 833 713
3537 4 2 2 1 805 1066 1054 903
3538 4 2 2 1 114 1004 944 598
3539 4 2 2 1 1035 994 484 917
3540 4 2 2 1 971 484 1035 994
3541 4 2 2 1 505 346 942 947
3542 4 2 2 1 942 505 709 506
3543 4 2 2 1 990 1066 44 43
3544 4 2 2 1 50 457 954 752
3545 4 2 2 1 1053 1031 209 677
3546 4 2 2 1 613 194 336 335
3547 4 2 2 1 1052 164 797 956
3548 4 2 2 1 805 893 689 903
3549 4 2 2 1 148 931 899 146
3550 4 2 2 1 830 507 659 214
3551 4 2 2 1 830 507 214 853
3552 4 2 2 1 988 401 836 196
3553 4 2 2 1 656 367 877 568
3554 4 2 2 1 1049 200 164 203
3555 4 2 2 1 958 1021 163 532
3556 4 2 2 1 510 527 923 873
3557 4 2 2 1 148 931 444 117
3558 4 2 2 1 909 8 943 526
3559 4 2 2 1 526 8 943 970
3560 4 2 2 1 943 289 581 909
3561 4 2 2 1 485 943 289 858
3562 4 2 2 1 581 909 580 9
3563 4 2 2 1 41 1052 956 164
3564 4 2 2 1 457 50 164 51
3565 4 2 2 1 1065 457 204 1050
3566 4 2 2 1 404 544 904 934
3567 4 2 2 1 444 931 148 146
3568 4 2 2 1 442 1015 486 619
3569 4 2 2 1 944 911 5 151
3570 4 2 2 1 1021 335 337 476
3571 4 2 2 1 944 796 151 5
3572 4 2 2 1 1031 676 181 677
3573 4 2 2 1 833 967 331 713
3574 4 2 2 1 897 1040 199 166
3575 4 2 2 1 199 974 897 166
3576 4 2 2 1 904 544 404 476
3577 4 2 2 1 937 833 967 331
3578 4 2 2 1 444 1034 117 931
3579 4 2 2 1 945 199 97 235
3580 4 2 2 1 457 50 204 164
3581 4 2 2 1 360 920 877 424
3582 4 2 2 1 304 931 444 146
3583 4 2 2 1 934 544 904 366
3584 4 2 2 1 443 853 964 184
3585 4 2 2 1 879 650 218 651
3586 4 2 2 1 919 197 836 650
3587 4 2 2 1 197 650 879 651
3588 4 2 2 1 914 892 853 346
3589 4 2 2 1 990 1050 50 222
3590 4 2 2 1 921 377 376 869
3591 4 2 2 1 1038 999 478 577
3592 4 2 2 1 331 967 684 713
3593 4 2 2 1 914 892 346 947
3594 4 2 2 1 937 331 684 834
3595 4 2 2 1 352 98 313 356
3596 4 2 2 1 946 923 508 853
3597 4 2 2 1 793 1064 782 222
3598 4 2 2 1 979 507 923 527
3599 4 2 2 1 352 99 98 449
3600 4 2 2 1 979 507 527 726
3601 4 2 2 1 858 724 755 947
3602 4 2 2 1 858 724 947 708
3603 4 2 2 1 708 709 724 947
3604 4 2 2 1 1064 793 930 222
3605 4 2 2 1 1064 930 793 1052
3606 4 2 2 1 443 853 184 993
3607 4 2 2 1 338 687 918 339
3608 4 2 2 1 332 881 918 338
3609 4 2 2 1 914 537 217 880
3610 4 2 2 1 834 918 105 326
3611 4 2 2 1 687 881 338 918
3612 4 2 2 1 395 803 613 335
3613 4 2 2 1 944 796 5 598
3614 4 2 2 1 195 935 948 193
3615 4 2 2 1 444 935 108 148
3616 4 2 2 1 195 117 948 444
3617 4 2 2 1 948 901 195 786
3618 4 2 2 1 926 206 902 212
3619 4 2 2 1 977 703 949 207
3620 4 2 2 1 545 1059 449 99
3621 4 2 2 1 977 703 207 273
3622 4 2 2 1 177 346 914 853
3623 4 2 2 1 578 177 914 853
3624 4 2 2 1 914 663 177 578
3625 4 2 2 1 939 769 992 783
3626 4 2 2 1 914 346 177 1043
3627 4 2 2 1 610 976 300 1058
3628 4 2 2 1 692 55 950 895
3629 4 2 2 1 950 550 55 692
3630 4 2 2 1 692 985 691 895
3631 4 2 2 1 991 549 548 599
3632 4 2 2 1 991 874 549 599
3633 4 2 2 1 577 984 12 478
3634 4 2 2 1 933 991 950 692
3635 4 2 2 1 692 985 895 950
3636 4 2 2 1 69 965 418 68
3637 4 2 2 1 56 273 951 647
3638 4 2 2 1 951 273 210 647
3639 4 2 2 1 469 951 210 647
3640 4 2 2 1 951 895 352 56
3641 4 2 2 1 1007 647 291 209
3642 4 2 2 1 952 56 313 740
3643 4 2 2 1 1007 610 300 1058
3644 4 2 2 1 57 1007 740 952
3645 4 2 2 1 952 56 740 57
3646 4 2 2 1 793 1064 956 782
3647 4 2 2 1 953 899 613 194
3648 4 2 2 1 940 613 786 948
3649 4 2 2 1 588 785 940 953
3650 4 2 2 1 793 1064 1052 956
3651 4 2 2 1 418 965 419 68
3652 4 2 2 1 212 1057 902 135
3653 4 2 2 1 1063 1046 618 698
3654 4 2 2 1 965 889 419 182
3655 4 2 2 1 419 965 183 68
3656 4 2 2 1 1063 1046 698 115
3657 4 2 2 1 1057 135 212 211
3658 4 2 2 1 1057 136 135 211
3659 4 2 2 1 752 457 954 147
3660 4 2 2 1 457 752 50 51
3661 4 2 2 1 992 597 663 783
3662 4 2 2 1 891 1063 442 698
3663 4 2 2 1 618 442 1063 698
3664 4 2 2 1 533 147 954 457
3665 4 2 2 1 162 1001 42 904
3666 4 2 2 1 874 955 449 356
3667 4 2 2 1 449 955 99 448
3668 4 2 2 1 975 449 955 356
3669 4 2 2 1 301 200 421 162
3670 4 2 2 1 211 404 1058 610
3671 4 2 2 1 610 211 976 1058
3672 4 2 2 1 420 1057 211 922
3673 4 2 2 1 1057 136 211 922
3674 4 2 2 1 301 200 300 421
3675 4 2 2 1 1057 273 420 1045
3676 4 2 2 1 162 1001 1062 42
3677 4 2 2 1 28 1044 235 206
3678 4 2 2 1 601 797 956 793
3679 4 2 2 1 882 956 782 601
3680 4 2 2 1 956 782 601 793
3681 4 2 2 1 601 797 164 956
3682 4 2 2 1 992 597 1005 663
3683 4 2 2 1 545 235 1044 206
3684 4 2 2 1 794 769 992 620
3685 4 2 2 1 420 1057 212 211
3686 4 2 2 1 1057 273 922 420
3687 4 2 2 1 991 950 692 550
3688 4 2 2 1 420 1057 1045 212
3689 4 2 2 1 760 52 957 134
3690 4 2 2 1 957 53 54 52
3691 4 2 2 1 236 1044 97 235
3692 4 2 2 1 28 235 1044 1020
3693 4 2 2 1 1058 211 976 403
3694 4 2 2 1 211 404 403 1058
3695 4 2 2 1 302 421 1020 29
3696 4 2 2 1 1056 974 1020 421
3697 4 2 2 1 958 40 41 42
3698 4 2 2 1 904 958 710 476
3699 4 2 2 1 421 302 301 29
3700 4 2 2 1 958 475 476 904
3701 4 2 2 1 532 710 958 476
3702 4 2 2 1 959 1058 209 1007
3703 4 2 2 1 1062 934 1001 301
3704 4 2 2 1 1041 784 1055 806
3705 4 2 2 1 784 1009 1055 806
3706 4 2 2 1 567 42 274 959
3707 4 2 2 1 1027 959 42 567
3708 4 2 2 1 274 567 959 890
3709 4 2 2 1 97 1044 945 235
3710 4 2 2 1 913 927 890 199
3711 4 2 2 1 221 180 882 753
3712 4 2 2 1 991 411 874 599
3713 4 2 2 1 1055 1041 806 617
3714 4 2 2 1 223 981 43 816
3715 4 2 2 1 981 1024 559 645
3716 4 2 2 1 959 952 210 313
3717 4 2 2 1 932 43 223 981
3718 4 2 2 1 899 223 981 932
3719 4 2 2 1 961 109 971 868
3720 4 2 2 1 961 538 809 484
3721 4 2 2 1 109 961 971 484
3722 4 2 2 1 961 992 620 289
3723 4 2 2 1 961 971 289 580
3724 4 2 2 1 620 809 858 286
3725 4 2 2 1 961 992 289 971
3726 4 2 2 1 284 962 1036 341
3727 4 2 2 1 12 962 10 341
3728 4 2 2 1 284 10 962 341
3729 4 2 2 1 962 115 484 107
3730 4 2 2 1 1039 934 1062 301
3731 4 2 2 1 1022 982 442 891
3732 4 2 2 1 597 663 1043 989
3733 4 2 2 1 577 984 478 1038
3734 4 2 2 1 663 989 914 1043
3735 4 2 2 1 1009 617 1055 806
3736 4 2 2 1 967 687 684 714
3737 4 2 2 1 997 944 151 983
3738 4 2 2 1 1009 617 806 803
3739 4 2 2 1 983 997 963 621
3740 4 2 2 1 621 559 790 963
3741 4 2 2 1 963 790 928 559
3742 4 2 2 1 963 1028 49 1006
3743 4 2 2 1 42 958 584 41
3744 4 2 2 1 584 958 42 904
3745 4 2 2 1 176 959 42 1027
3746 4 2 2 1 336 899 147 148
3747 4 2 2 1 330 964 477 443
3748 4 2 2 1 330 853 464 329
3749 4 2 2 1 914 1043 177 663
3750 4 2 2 1 964 329 330 916
3751 4 2 2 1 477 723 964 916
3752 4 2 2 1 3 836 679 433
3753 4 2 2 1 919 679 836 402
3754 4 2 2 1 210 176 209 959
3755 4 2 2 1 177 597 663 1043
3756 4 2 2 1 617 41 613 803
3757 4 2 2 1 815 953 1042 587
3758 4 2 2 1 870 737 965 183
3759 4 2 2 1 870 737 183 518
3760 4 2 2 1 953 932 981 1042
3761 4 2 2 1 1010 1042 587 815
3762 4 2 2 1 939 683 242 5
3763 4 2 2 1 939 683 5 996
3764 4 2 2 1 932 1010 815 1042
3765 4 2 2 1 432 434 907 275
3766 4 2 2 1 617 1061 803 1033
3767 4 2 2 1 966 340 972 339
3768 4 2 2 1 966 340 339 692
3769 4 2 2 1 39 967 714 106
3770 4 2 2 1 39 967 106 38
3771 4 2 2 1 990 221 45 930
3772 4 2 2 1 833 333 714 639
3773 4 2 2 1 39 833 714 967
3774 4 2 2 1 990 1066 805 44
3775 4 2 2 1 1020 345 968 167
3776 4 2 2 1 345 167 905 968
3777 4 2 2 1 617 41 40 613
3778 4 2 2 1 1020 345 167 235
3779 4 2 2 1 975 968 29 345
3780 4 2 2 1 968 411 29 431
3781 4 2 2 1 969 406 768 755
3782 4 2 2 1 969 914 853 217
3783 4 2 2 1 969 406 853 464
3784 4 2 2 1 969 406 464 768
3785 4 2 2 1 936 817 757 820
3786 4 2 2 1 805 43 44 1066
3787 4 2 2 1 432 434 837 907
3788 4 2 2 1 936 860 310 741
3789 4 2 2 1 936 741 310 357
3790 4 2 2 1 385 432 907 275
3791 4 2 2 1 385 432 837 907
3792 4 2 2 1 904 163 301 366
3793 4 2 2 1 1041 784 394 396
3794 4 2 2 1 1060 176 995 601
3795 4 2 2 1 45 223 990 43
3796 4 2 2 1 904 532 366 710
3797 4 2 2 1 40 904 42 958
3798 4 2 2 1 990 221 223 45
3799 4 2 2 1 517 870 67 68
3800 4 2 2 1 905 344 834 167
3801 4 2 2 1 805 43 1066 903
3802 4 2 2 1 448 344 905 345
3803 4 2 2 1 584 958 475 41
3804 4 2 2 1 979 870 965 69
3805 4 2 2 1 904 163 162 301
3806 4 2 2 1 475 958 584 904
3807 4 2 2 1 709 505 942 947
3808 4 2 2 1 330 477 964 916
3809 4 2 2 1 882 782 956 753
3810 4 2 2 1 526 873 970 497
3811 4 2 2 1 858 943 289 581
3812 4 2 2 1 904 532 710 958
3813 4 2 2 1 676 1053 291 677
3814 4 2 2 1 510 497 970 873
3815 4 2 2 1 526 970 943 497
3816 4 2 2 1 809 971 484 788
3817 4 2 2 1 580 868 909 961
3818 4 2 2 1 1053 1031 676 1007
3819 4 2 2 1 676 1053 1007 291
3820 4 2 2 1 793 797 1052 930
3821 4 2 2 1 793 797 956 1052
3822 4 2 2 1 971 289 580 886
3823 4 2 2 1 221 1064 930 222
3824 4 2 2 1 601 203 97 686
3825 4 2 2 1 971 961 809 484
3826 4 2 2 1 183 870 518 517
3827 4 2 2 1 517 870 1017 67
3828 4 2 2 1 1041 784 396 1055
3829 4 2 2 1 948 1032 148 117
3830 4 2 2 1 1053 1031 677 676
3831 4 2 2 1 1064 221 782 222
3832 4 2 2 1 421 302 300 301
3833 4 2 2 1 304 1011 108 1051
3834 4 2 2 1 1060 164 203 1049
3835 4 2 2 1 877 367 495 361
3836 4 2 2 1 920 877 424 851
3837 4 2 2 1 340 338 410 972
3838 4 2 2 1 972 798 327 884
3839 4 2 2 1 884 338 972 410
3840 4 2 2 1 912 972 966 410
3841 4 2 2 1 966 340 410 972
3842 4 2 2 1 601 203 205 97
3843 4 2 2 1 755 768 969 916
3844 4 2 2 1 724 969 916 755
3845 4 2 2 1 1018 901 195 928
3846 4 2 2 1 1053 209 291 677
3847 4 2 2 1 969 914 217 755
3848 4 2 2 1 305 1011 304 1051
3849 4 2 2 1 56 973 925 647
3850 4 2 2 1 291 925 973 647
3851 4 2 2 1 56 895 55 57
3852 4 2 2 1 647 895 973 291
3853 4 2 2 1 974 897 56 235
3854 4 2 2 1 1060 601 995 686
3855 4 2 2 1 1020 199 235 167
3856 4 2 2 1 1020 166 168 431
3857 4 2 2 1 304 935 1051 108
3858 4 2 2 1 897 235 199 945
3859 4 2 2 1 231 993 908 837
3860 4 2 2 1 895 56 951 973
3861 4 2 2 1 41 1033 930 1061
3862 4 2 2 1 979 853 946 889
3863 4 2 2 1 1035 769 894 994
3864 4 2 2 1 221 882 956 753
$EndElements
