$MeshFormat
2.2 0 8
$EndMeshFormat
$Nodes
1066
1 -6.582666397094727 7.420800685882568 -3.736573696136475
2 -7.844820499420166 8.029627799987793 -4.446585178375244
3 -8.704758644104004 6.988180637359619 -4.120521545410156
4 -11.82597064971924 4.374009132385254 -2.996787786483765
5 -10.99754428863525 5.541700839996338 -3.754081964492798
6 -12.43380165100098 4.515341281890869 -4.450071811676025
7 -13.47128772735596 6.131371974945068 15.46636390686035
8 -12.11448764801025 7.549462795257568 13.93395328521729
9 -13.40225315093994 5.778229713439941 13.03133678436279
10 -12.1679048538208 13.50859546661377 -10.31783771514893
11 -14.19910526275635 10.37592697143555 -10.10545253753662
12 -11.47433185577393 12.9283447265625 -8.838993072509766
13 6.598268508911133 2.058276176452637 12.69073486328125
14 5.743241786956787 3.146485567092896 11.27103519439697
15 2.650247573852539 1.585101008415222 15.0995626449585
16 -11.67061519622803 0.2417015731334686 -17.8657341003418
17 -5.680645942687988 -0.7545621991157532 -18.37502861022949
18 -6.534822940826416 -1.45853328704834 -16.07655143737793
19 -4.841168880462646 -16.88142395019531 12.69555282592773
20 -4.916319847106934 -16.78602027893066 14.76426219940186
21 -6.673406600952148 -16.82290458679199 12.23871898651123
22 -9.145841598510742 10.96078681945801 15.16245079040527
23 -10.43240261077881 10.22723007202148 15.01936340332031
24 -9.783447265625 10.49277305603027 16.34003448486328
25 -6.148042678833008 -3.689125776290894 20.12503814697266
26 -7.131206035614014 -0.4634386599063873 22.12466049194336
27 -8.690433502197266 -1.11300790309906 20.50827217102051
28 -10.53078746795654 6.474562168121338 -4.779918193817139
29 -9.664956092834473 6.227434635162354 -3.504185199737549
30 13.11429023742676 4.505181312561035 7.630959987640381
31 12.31899738311768 4.100399017333984 9.556594848632812
32 13.69467830657959 4.166402339935303 10.66647434234619
33 -2.509620666503906 -15.80176639556885 10.33024597167969
34 -1.431969523429871 -15.46611022949219 10.66204166412354
35 -1.406302690505981 -16.00149154663086 12.5913667678833
36 2.391783237457275 18.24516677856445 -15.92994785308838
37 3.780801296234131 18.18647575378418 -14.8720235824585
38 3.188121318817139 17.57975578308105 -17.72373962402344
39 -0.8194428086280823 -13.77280235290527 0.8713614940643311
40 -3.465956449508667 -13.15758419036865 0.7175771594047546
41 -2.912422657012939 -12.14909648895264 -2.598081588745117
42 5.260932445526123 1.690301060676575 -20.05223846435547
43 4.393020153045654 3.445111036300659 -22.07144546508789
44 6.524332523345947 1.560988783836365 -19.21297454833984
45 0.3309311866760254 -12.0055627822876 -9.380285263061523
46 1.934816360473633 -12.36528491973877 -10.08268070220947
47 3.090083360671997 -13.4840145111084 -8.212912559509277
48 9.952230453491211 1.315142154693604 -6.76654577255249
49 9.479496955871582 1.63188910484314 -8.60417366027832
50 12.23147487640381 2.686552286148071 -6.912721633911133
51 10.6482048034668 6.953558921813965 -12.77125072479248
52 11.92122459411621 6.721404552459717 -8.542462348937988
53 12.46272087097168 4.765664100646973 -8.595283508300781
54 5.589640140533447 15.20690441131592 -19.69791412353516
55 6.994536399841309 15.05839061737061 -17.8357105255127
56 6.933187484741211 13.88890838623047 -19.84784126281738
57 -2.95188307762146 6.044157028198242 -0.6191842555999756
58 2.640507459640503 5.918502330780029 -0.8927479982376099
59 -0.3421935737133026 6.113587856292725 -1.346500039100647
60 7.530574321746826 8.883750915527344 -2.46410608291626
61 10.83141136169434 7.674719333648682 -4.580078601837158
62 6.587987899780273 11.38118362426758 -5.302282333374023
63 9.544819831848145 -3.243183135986328 23.83798789978027
64 7.339969158172607 -4.692362308502197 23.98600959777832
65 10.70341491699219 -3.722763538360596 23.56523132324219
66 -0.1306518912315369 -14.45268058776855 19.07705879211426
67 -1.139891147613525 -13.57964420318604 19.80228042602539
68 -2.225075960159302 -15.02830600738525 17.8967113494873
69 4.401692867279053 6.168515205383301 8.133881568908691
70 7.489124774932861 4.959324836730957 8.265078544616699
71 9.540977478027344 5.073183059692383 6.633456707000732
72 -13.51935005187988 2.218786239624023 2.305344581604004
73 -13.59875202178955 3.633848428726196 8.089768409729004
74 -13.16879081726074 4.076885223388672 5.75871467590332
75 -3.062532663345337 10.28798961639404 -3.908502578735352
76 -1.314424753189087 8.340951919555664 -3.358792066574097
77 -0.2070955634117126 11.03606605529785 -3.124967575073242
78 12.11350440979004 6.453482627868652 -6.34304141998291
79 10.98816680908203 9.305209159851074 -10.2636775970459
80 -10.73312568664551 15.7949161529541 -11.55642127990723
81 -8.391267776489258 16.97522163391113 -10.42599773406982
82 -9.644781112670898 16.77363014221191 -12.59143733978271
83 -14.26937294006348 -10.94203758239746 7.199239253997803
84 -15.35869216918945 -8.548877716064453 6.128063678741455
85 -15.76932716369629 -9.523220062255859 4.929113864898682
86 4.798746585845947 -6.693861961364746 22.55849075317383
87 3.593942165374756 -5.666193008422852 22.8887825012207
88 1.985937714576721 -6.35748291015625 22.41057395935059
89 -1.553189992904663 -12.23701000213623 -4.012279033660889
90 -0.130185142159462 -15.18814086914062 13.6732349395752
91 -0.4022343158721924 -15.27377605438232 11.46419811248779
92 1.28305184841156 -15.29408073425293 13.38690280914307
93 -2.002201318740845 -10.73538684844971 -6.588663578033447
94 -3.829992532730103 -10.41047286987305 -4.796278953552246
95 -3.265249013900757 -9.674115180969238 -7.972081661224365
96 13.08505535125732 4.369850635528564 -5.254702091217041
97 12.86296558380127 3.759169340133667 -6.839204788208008
98 9.187422752380371 -1.705022811889648 -10.50838565826416
99 9.308342933654785 -0.9864980578422546 -7.68876314163208
100 10.57489776611328 -3.373621225357056 -8.038847923278809
101 -11.54538154602051 0.08275867253541946 17.11596298217773
102 -13.34003257751465 3.03023886680603 18.30157470703125
103 -12.89633178710938 0.8738431930541992 13.47462844848633
104 -12.55049228668213 -13.02695560455322 9.396797180175781
105 -13.85944175720215 -12.22717380523682 6.586249351501465
106 -8.637539863586426 5.011743068695068 22.99873924255371
107 -8.684727668762207 2.830990314483643 23.51149559020996
108 -7.425656318664551 3.034093856811523 22.93227386474609
109 -6.765326976776123 6.739468097686768 -3.018892765045166
110 5.399071216583252 -12.15739154815674 -10.42751312255859
111 7.459630012512207 -12.43582344055176 -8.614636421203613
112 7.120584487915039 -13.38240242004395 -8.091691017150879
113 -10.19408226013184 8.276824951171875 -5.80723237991333
114 -12.93661308288574 9.892969131469727 -8.259027481079102
115 -13.90376377105713 6.768876075744629 -8.631857872009277
116 17.93572235107422 2.679484128952026 13.16929340362549
117 18.08488273620605 4.132066249847412 11.99776268005371
118 15.61137008666992 2.298591375350952 16.11806869506836
119 -9.233874320983887 4.862637519836426 23.28847503662109
120 -11.07722949981689 -12.25391387939453 11.70668315887451
121 -10.57882118225098 -14.93551254272461 11.03091621398926
122 16.36313438415527 -5.065106391906738 14.09316921234131
123 16.91966438293457 -3.732360601425171 13.41515159606934
124 14.68932342529297 -3.995536327362061 17.25300788879395
125 -10.95097637176514 -9.946137428283691 0.3865412771701813
126 -12.4199390411377 -10.85983467102051 1.679178953170776
127 -12.5041036605835 -9.072487831115723 -0.2138628959655762
128 0.1106967329978943 -3.037899017333984 -18.89179801940918
129 0.1465858370065689 -6.164161205291748 -17.66741752624512
130 -0.8409460186958313 -5.538012027740479 -17.87522125244141
131 6.709176063537598 -3.925501346588135 24.19985771179199
132 5.967155933380127 -3.08012580871582 23.95531272888184
133 -14.87798500061035 10.19510936737061 -11.43520164489746
134 -13.47776985168457 11.99395942687988 -11.55000114440918
135 -15.14900588989258 10.1917552947998 -13.68737697601318
136 2.762745380401611 -14.90158176422119 3.042224168777466
137 1.999298691749573 -14.2527322769165 -2.120618343353271
138 -16.26236534118652 -8.298072814941406 2.360512495040894
139 -15.60855674743652 -9.779319763183594 3.223838567733765
140 -13.86437606811523 1.505008578300476 3.009811639785767
141 -14.32407474517822 -0.04449275135993958 3.653679370880127
142 -13.86477088928223 1.22891366481781 4.726859092712402
143 -12.63852119445801 2.593030452728271 -2.849483013153076
144 -13.29952907562256 1.018636107444763 -1.571203231811523
145 -12.61853408813477 2.602686882019043 -0.6242194771766663
146 -13.45356369018555 -12.68110275268555 5.931893825531006
147 12.74084758758545 0.455324649810791 -3.121549367904663
148 12.53288841247559 2.206019163131714 -5.550094127655029
149 13.22219371795654 2.742533206939697 -5.173453807830811
150 -10.18199348449707 9.029664039611816 -23.54514694213867
151 -11.59521770477295 7.022951126098633 -22.63175010681152
152 -11.97268199920654 9.225740432739258 -21.6413631439209
153 -5.505621433258057 -7.847788333892822 18.55349349975586
154 -4.141409873962402 -7.328908443450928 19.85079956054688
155 -5.474059581756592 -5.422585487365723 19.54875755310059
156 2.119242668151855 16.91271591186523 -9.046237945556641
157 -2.112715005874634 16.48402786254883 -6.936004638671875
158 3.610239267349243 15.02084159851074 -7.898826599121094
159 2.905251741409302 18.04767608642578 -11.69543075561523
160 2.704316854476929 18.376953125 -13.31349945068359
161 0.1904292553663254 18.3506965637207 -11.85940456390381
162 12.61570453643799 -13.1474494934082 0.08050882071256638
163 12.16058921813965 -14.23006916046143 0.6658955812454224
164 11.69686412811279 -13.95515632629395 -1.885368347167969
165 -5.964971542358398 15.71606349945068 -21.09216117858887
166 -7.957814693450928 15.47076797485352 -19.96651649475098
167 -7.788332462310791 16.33390998840332 -18.6841926574707
168 4.178026676177979 17.79270362854004 -12.0784969329834
169 -11.57227897644043 -1.588163375854492 -7.513339996337891
170 -13.5033712387085 -0.1800155788660049 -12.05308437347412
171 -10.68955326080322 -1.869120240211487 -8.203862190246582
172 5.383529186248779 -1.190181851387024 20.79597091674805
173 8.158967971801758 -0.0993618369102478 18.13883399963379
174 4.931809902191162 16.80704879760742 -17.57285118103027
175 -5.53235912322998 6.442327976226807 -2.190384864807129
176 -2.411622047424316 6.299809455871582 -1.604006052017212
177 -2.680488348007202 6.847083568572998 -2.57844090461731
178 -10.01694679260254 10.31515502929688 13.41380596160889
179 -10.47362232208252 9.62415599822998 12.90553188323975
180 4.67271900177002 -6.491937637329102 -14.18301582336426
181 3.759645223617554 -10.07034873962402 -12.68079280853271
182 3.581902503967285 -7.235445976257324 -15.32691860198975
183 -6.63502311706543 9.926607131958008 -4.675836563110352
184 -1.870972633361816 13.01141834259033 -4.277552127838135
185 -15.58826541900635 2.610079526901245 -14.85487651824951
186 -14.20415496826172 1.301342964172363 -16.79133987426758
187 -14.63490009307861 1.129082202911377 -14.50043296813965
188 1.09727144241333 -0.4344940781593323 20.5159912109375
189 3.406064510345459 -1.612443447113037 22.04779434204102
190 -1.834574699401855 -15.27543354034424 9.357869148254395
191 8.724868774414062 -3.698875188827515 -11.58900737762451
192 8.499110221862793 -2.338363409042358 -12.63440132141113
193 8.98935604095459 -2.037657260894775 -11.55136013031006
194 -14.07876777648926 4.429276466369629 16.38546371459961
195 -13.59244728088379 3.875534534454346 18.58513259887695
196 -13.60084438323975 5.638136863708496 17.53485107421875
197 -7.843544483184814 10.95527648925781 15.59464263916016
198 -8.760123252868652 10.8983211517334 13.59744358062744
199 -3.548215627670288 9.069314002990723 13.68741989135742
200 -7.677091598510742 7.967843055725098 19.163330078125
201 -5.413231372833252 5.418108940124512 18.69328689575195
202 6.20973014831543 16.51579284667969 -15.97607898712158
203 6.497836112976074 16.47359657287598 -14.16336536407471
204 7.830491542816162 14.54006099700928 -16.0431079864502
205 -9.636935234069824 -14.64402770996094 12.28436851501465
206 11.04117488861084 -2.403311967849731 23.45266342163086
207 11.28141784667969 -1.623280882835388 22.88346481323242
208 9.632830619812012 -2.250908851623535 23.45043182373047
209 -3.775689840316772 -0.561431884765625 -19.3077335357666
210 -3.528999805450439 -2.65278959274292 -17.42409706115723
211 -4.502963066101074 -1.280894994735718 -18.15751838684082
212 -11.77845001220703 14.67007923126221 -11.98017024993896
213 -13.49249744415283 12.06194972991943 -13.49357318878174
214 -0.2090317457914352 -12.31428718566895 -6.352858543395996
215 -1.318671345710754 -10.29608726501465 -9.23502254486084
216 17.31915283203125 4.815632820129395 10.93756771087646
217 18.23530387878418 4.42693042755127 9.889608383178711
218 4.553124904632568 -2.861914157867432 -16.91754341125488
219 5.215958118438721 -2.922532081604004 -15.94835662841797
220 4.221143245697021 -4.103338718414307 -16.01998710632324
221 10.64277839660645 -2.401620864868164 -4.945154666900635
222 7.668380260467529 -10.83706474304199 19.25774574279785
223 5.015142917633057 -12.85991954803467 18.98810005187988
224 6.520313262939453 -12.50523853302002 18.11188697814941
225 -15.46463203430176 9.073760986328125 -14.80370044708252
226 -14.78911972045898 9.904268264770508 -16.04618072509766
227 1.740141749382019 -10.67525005340576 -13.27662754058838
228 2.331896305084229 -8.637378692626953 -15.10481643676758
229 2.983933925628662 -11.09876728057861 -12.44265270233154
230 17.91591644287109 -8.83419132232666 11.67805671691895
231 18.37649726867676 -8.529819488525391 10.80314540863037
232 17.93943977355957 -7.265933990478516 12.37152194976807
233 7.59756326675415 14.59080505371094 -11.03144550323486
234 5.323390483856201 17.24622344970703 -12.83460426330566
235 -13.76169490814209 2.423328161239624 10.89969825744629
236 -13.94148063659668 3.677210569381714 11.98814010620117
237 -13.74851894378662 2.766937017440796 8.84800910949707
238 -14.87641525268555 -9.317891120910645 1.276594638824463
239 -14.80714225769043 -7.286893367767334 -0.5752858519554138
240 -1.85258686542511 -16.02454376220703 16.45765686035156
241 -0.78125 -15.68476676940918 15.86083698272705
242 3.600554943084717 -2.091332674026489 -18.9942798614502
243 1.076010584831238 -0.2593589723110199 -20.39079666137695
244 4.846950054168701 0.7121087312698364 -19.62168884277344
245 5.634732723236084 15.83081912994385 -10.50724697113037
246 5.467356204986572 17.38171768188477 -14.03587341308594
247 4.65286922454834 17.69243431091309 -15.62372493743896
248 15.42522621154785 3.198119401931763 15.18972206115723
249 -13.20810890197754 0.7667826414108276 -5.679376602172852
250 -12.61811542510986 -0.8505859971046448 -5.772312641143799
251 -12.79833889007568 -1.021105051040649 -4.467062473297119
252 17.61695671081543 3.609569072723389 5.227248191833496
253 18.62801933288574 2.976967334747314 7.146882057189941
254 17.70921897888184 2.063406229019165 3.914378881454468
255 -14.04190921783447 4.893826007843018 14.65591621398926
256 -5.689176082611084 10.75092315673828 11.30508518218994
257 -9.269986152648926 10.21662521362305 12.11768913269043
258 -4.465233325958252 -15.42156314849854 8.651097297668457
259 -5.909350872039795 -15.98556041717529 9.421284675598145
260 -7.336538314819336 -15.40182495117188 8.309179306030273
261 9.887639045715332 -6.642712116241455 20.77063369750977
262 11.78059768676758 -4.313674449920654 22.35173797607422
263 10.35662460327148 -4.710104465484619 23.07234191894531
264 18.85683441162109 0.1156300231814384 13.25791931152344
265 19.50833892822266 0.07096824049949646 12.09215641021729
266 18.77350425720215 2.093008279800415 12.05180931091309
267 -4.366156578063965 4.825953006744385 -24.76256370544434
268 -5.910634994506836 2.670646667480469 -21.9659252166748
269 -10.57334327697754 2.463278770446777 -21.66640472412109
270 -13.24298858642578 5.684561729431152 -20.4769458770752
271 -13.5773401260376 3.573203563690186 -20.37261390686035
272 -15.02241802215576 6.108694076538086 -16.92424201965332
273 7.68495512008667 12.38448238372803 -20.2248477935791
274 6.387409687042236 12.39543056488037 -21.54186248779297
275 -9.747973442077637 5.746382713317871 -2.103065252304077
276 -7.973053455352783 6.245851039886475 -2.198486804962158
277 -11.78084373474121 -1.899380326271057 -5.783942222595215
278 -12.33770370483398 -1.093325614929199 -6.909720420837402
279 3.475742340087891 12.43763065338135 -22.79269981384277
280 2.747309684753418 9.665468215942383 -24.86492919921875
281 0.05225449055433273 10.68514156341553 -25.41461372375488
282 -3.602625846862793 -5.873299121856689 -12.74193096160889
283 -1.154943108558655 -8.778119087219238 -13.77220630645752
284 -2.616432189941406 -9.180571556091309 -9.868597030639648
285 -12.61244678497314 5.990191459655762 -6.627148151397705
286 13.70770168304443 3.994969129562378 -2.892011880874634
287 14.24165534973145 4.257561683654785 0.03765470534563065
288 14.83884143829346 3.397632837295532 -0.733720064163208
289 -10.31450462341309 -0.7982290387153625 -15.51021766662598
290 -12.73039150238037 -0.3454160094261169 -14.51328086853027
291 5.976467609405518 9.574814796447754 -2.508188962936401
292 19.34577369689941 -1.330838084220886 11.86760711669922
293 18.76429557800293 -1.00895357131958 13.26191902160645
294 -11.20196437835693 -3.820695161819458 13.09659481048584
295 -11.18800926208496 -1.590813279151917 15.60853290557861
296 12.82431793212891 4.897107124328613 -2.338687181472778
297 -6.587852001190186 8.917171478271484 -25.50582885742188
298 -8.357002258300781 6.722183704376221 -25.03136444091797
299 -8.016815185546875 9.517828941345215 -24.81464385986328
300 14.0546407699585 2.01747465133667 16.78542137145996
301 -6.508105278015137 -5.79388427734375 -7.851606369018555
302 3.324664354324341 -14.40791416168213 16.4378833770752
303 7.10301685333252 -13.64614009857178 14.5382719039917
304 5.237544536590576 -13.64359092712402 16.52798271179199
305 13.8755407333374 -10.90654850006104 1.770108103752136
306 15.22234535217285 -10.71561241149902 3.631009340286255
307 14.96899604797363 -12.82633113861084 4.163859367370605
308 -11.00657176971436 15.61508083343506 -13.25124549865723
309 4.121070384979248 -11.02983856201172 -11.82870483398438
310 3.412789821624756 -12.09646606445312 -11.07981395721436
311 -4.525508403778076 6.845285892486572 5.086007595062256
312 -6.136495113372803 6.75938892364502 5.349441528320312
313 -5.670004844665527 9.390045166015625 8.443880081176758
314 -6.031511306762695 16.49396514892578 -7.722840309143066
315 -6.865029811859131 16.97391891479492 -8.758167266845703
316 -9.584813117980957 15.40041732788086 -9.51921558380127
317 -11.93374538421631 -12.60072422027588 3.640005350112915
318 -6.64305305480957 -15.07061862945557 7.059033393859863
319 -10.92161464691162 -13.53317356109619 4.663314342498779
320 -6.998080730438232 -12.97887229919434 2.085266828536987
321 5.595398902893066 5.947774410247803 0.9493734240531921
322 3.836806535720825 6.388293266296387 6.045031547546387
323 8.152153015136719 6.074487209320068 2.67961597442627
324 -6.778714179992676 10.352614402771 -24.92760467529297
325 8.255997657775879 -2.271257162094116 23.26888465881348
326 0.8939762711524963 -10.93718242645264 -12.94314670562744
327 0.4556106925010681 -8.746062278747559 -15.48622894287109
328 7.980705738067627 7.462986946105957 -21.24662017822266
329 6.281822204589844 7.740094184875488 -23.14223670959473
330 7.513985633850098 8.924093246459961 -22.02937316894531
331 -7.508700370788574 7.273764610290527 6.808285713195801
332 -7.720767498016357 6.591484069824219 5.702762603759766
333 -11.32036876678467 6.65560245513916 9.135049819946289
334 -9.081947326660156 -12.57796859741211 2.374207019805908
335 -10.42310237884521 7.263172149658203 -5.473881244659424
336 1.780887365341187 -1.314935684204102 21.85294342041016
337 -0.7605210542678833 -0.7697137594223022 22.14133644104004
338 2.113955020904541 -2.21167778968811 22.65269088745117
339 -8.073604583740234 10.94304275512695 -24.06100845336914
340 -9.611330032348633 11.92641258239746 -22.11263465881348
341 -7.118801593780518 14.73739814758301 -21.49540710449219
342 -7.962635040283203 -6.470061302185059 -5.743392467498779
343 -8.62078857421875 -7.334589004516602 -4.615043163299561
344 -9.458629608154297 -5.679075241088867 -5.169267177581787
345 9.139971733093262 -11.60065650939941 17.37182807922363
346 9.763355255126953 -12.19457054138184 15.82822132110596
347 10.92532444000244 -11.38917350769043 15.97142124176025
348 6.635795593261719 -1.89332127571106 -17.2149658203125
349 4.467554569244385 -2.57953929901123 -18.15081024169922
350 -2.275167226791382 10.85439682006836 -25.55393218994141
351 -0.8007168769836426 9.372426986694336 -26.06017875671387
352 -4.10248851776123 8.657173156738281 -26.01481437683105
353 19.40752029418945 -1.612058281898499 8.10352611541748
354 18.26559638977051 -3.370421886444092 7.711438179016113
355 17.16208648681641 -3.92881178855896 5.474527835845947
356 -12.75224685668945 -5.84932804107666 -3.563454151153564
357 -13.50078296661377 -5.06654691696167 -3.260006666183472
358 -11.10054492950439 -3.542033672332764 -5.021825790405273
359 7.105155467987061 -1.698443293571472 -14.97811222076416
360 8.504502296447754 -1.215613126754761 -13.60342216491699
361 -1.941258668899536 6.311461448669434 -25.63470649719238
362 -4.867055416107178 5.606138229370117 -25.28676986694336
363 11.04838466644287 -5.695398807525635 -2.174631834030151
364 11.15174293518066 -3.11646580696106 -3.444473743438721
365 11.91238212585449 -1.840761780738831 -2.37205171585083
366 -0.6228901147842407 -8.973563194274902 22.05391693115234
367 -2.56616473197937 -5.454624652862549 20.93610000610352
368 -2.290331840515137 14.665940284729 -5.318316459655762
369 -4.502317905426025 16.25983619689941 -6.908164978027344
370 -3.729876041412354 13.43722343444824 -5.060808658599854
371 -10.1648120880127 16.03392791748047 -15.23367786407471
372 -12.95828056335449 12.3033504486084 -15.25789833068848
373 -0.8014571666717529 -0.01052731741219759 21.22178649902344
374 1.226096868515015 -13.60030937194824 -4.454782485961914
375 -13.32858085632324 4.559333801269531 -6.157362461090088
376 15.30629730224609 -9.122346878051758 14.53813743591309
377 16.5740852355957 -9.588496208190918 12.92340278625488
378 16.91708374023438 -7.905328750610352 13.59632301330566
379 -6.737853527069092 6.400960922241211 4.048253536224365
380 -2.679771661758423 6.802815437316895 5.072887420654297
381 16.23726272583008 -1.100216865539551 2.483972787857056
382 15.66703605651855 -4.916778087615967 3.485827207565308
383 13.40829467773438 -1.680851221084595 -0.2434921264648438
384 -9.80401611328125 7.675606250762939 -24.20491790771484
385 -6.507341384887695 -16.7440013885498 13.75570201873779
386 2.275585412979126 -12.29804992675781 21.17402839660645
387 3.769232749938965 -12.00928115844727 20.92047882080078
388 2.870170116424561 -11.13608169555664 21.89529800415039
389 0.2719306647777557 12.24548530578613 -3.560944080352783
390 -1.85988974571228 -6.573641777038574 -16.32818222045898
391 -2.211716413497925 -5.235485553741455 -17.28592300415039
392 -0.7573996782302856 -6.859382152557373 -16.98339080810547
393 5.821700572967529 -4.43382453918457 24.12020301818848
394 4.678038597106934 -14.95229339599609 -0.675273060798645
395 2.777801752090454 -14.95545482635498 4.700912952423096
396 16.62978935241699 3.754900932312012 3.513621091842651
397 16.80898666381836 4.403119564056396 6.122896194458008
398 -7.03757905960083 0.9250611662864685 -20.06519508361816
399 -10.74993228912354 6.866661071777344 21.04290199279785
400 -13.18288135528564 5.31135082244873 18.91250610351562
401 -10.99219036102295 5.785240650177002 21.82609558105469
402 7.938173294067383 -14.37055778503418 -6.033159732818604
403 9.16642951965332 -14.60128879547119 -3.87375020980835
404 6.494472980499268 -14.97254657745361 -5.733888626098633
405 -10.40657424926758 9.746498107910156 17.26718521118164
406 -4.292485237121582 -16.69773292541504 12.38300895690918
407 -3.744925975799561 -16.78188323974609 14.55021381378174
408 9.212032318115234 12.74556350708008 -9.79066276550293
409 8.180768013000488 13.29103851318359 -8.677001953125
410 17.26835632324219 -11.09454345703125 9.385191917419434
411 14.98010349273682 -13.35966777801514 7.024646759033203
412 15.70722770690918 -12.99896049499512 6.021973609924316
413 -15.95403099060059 -6.691390037536621 0.4297180771827698
414 -14.9865837097168 -4.947504043579102 -1.72033429145813
415 -14.69171810150146 -6.149189472198486 -1.653146386146545
416 -10.37481784820557 7.593164920806885 10.0228157043457
417 -4.67543363571167 17.4061336517334 -7.934112071990967
418 1.632636785507202 -11.95492553710938 -11.51640319824219
419 10.11901760101318 6.699664115905762 -0.8540781140327454
420 11.52788639068604 6.094166278839111 -2.973679780960083
421 9.936161041259766 7.42091703414917 -2.70557165145874
422 3.834972858428955 -7.670267105102539 22.33219146728516
423 5.328264236450195 -8.232242584228516 21.92265510559082
424 1.312897205352783 -15.25411701202393 15.79348182678223
425 0.1748484373092651 -15.10054302215576 17.96329498291016
426 0.1960352510213852 -15.19861030578613 16.28033447265625
427 -15.33987522125244 2.104817628860474 -13.00400924682617
428 -15.50733470916748 4.160303592681885 -10.92891025543213
429 -15.92406749725342 3.97407054901123 -12.73867893218994
430 6.984604835510254 -2.51672101020813 -14.07964420318604
431 6.310094356536865 -2.545594930648804 -14.94186401367188
432 5.851010799407959 -7.730594635009766 -12.23377418518066
433 5.978615283966064 -9.433398246765137 -11.19709205627441
434 19.82535934448242 -0.591072142124176 10.0625638961792
435 7.550917625427246 -1.257126331329346 21.36011505126953
436 -13.98916053771973 -0.6371282935142517 5.354849815368652
437 -13.43158054351807 -2.992826461791992 7.943970680236816
438 -13.63794040679932 0.4936553537845612 7.160674571990967
439 -15.66690063476562 6.565749168395996 -13.96964073181152
440 -15.60202217102051 9.087549209594727 -12.62948322296143
441 -12.63692188262939 -12.71178150177002 4.323493003845215
442 -5.771913528442383 17.84696960449219 -9.512821197509766
443 -12.86242866516113 -2.404850006103516 -3.638644218444824
444 -14.00977802276611 -1.233976364135742 -1.825016736984253
445 -13.46084308624268 -0.4807213544845581 -2.623285293579102
446 2.26831579208374 6.905621528625488 7.969281673431396
447 4.54423999786377 6.337297916412354 6.944259643554688
448 6.632516384124756 -6.4253830909729 -12.32786655426025
449 -6.576869487762451 13.55748462677002 -6.975194931030273
450 -9.027206420898438 14.80714416503906 -8.742847442626953
451 0.8096780776977539 1.345355987548828 -21.31998443603516
452 -0.6198241114616394 -0.6660412549972534 -20.1531925201416
453 10.10878944396973 11.316725730896 -10.62417793273926
454 11.16452407836914 9.052326202392578 -7.919107437133789
455 9.053787231445312 2.024036884307861 -15.4264087677002
456 9.962161064147949 2.294161796569824 -11.93929386138916
457 9.073904037475586 1.197646498680115 -12.31775951385498
458 -7.841017246246338 5.394456386566162 -24.77130889892578
459 -9.279909133911133 4.19021463394165 -23.6097297668457
460 -2.332109689712524 7.771831035614014 -26.17174911499023
461 -10.74373149871826 -8.499992370605469 -2.266475915908813
462 -12.33551692962646 -6.596174240112305 -3.359172344207764
463 -8.982473373413086 10.4539270401001 17.21823310852051
464 -13.87857055664062 3.440701246261597 16.41654014587402
465 15.03944110870361 3.864838600158691 13.86664390563965
466 16.25229072570801 4.705928802490234 11.84438037872314
467 -1.324597716331482 1.780900955200195 -21.66499137878418
468 16.37032127380371 -2.377695083618164 15.31816577911377
469 1.016156196594238 -10.41915321350098 22.26769065856934
470 0.6085342764854431 -8.994495391845703 22.56914138793945
471 -0.861503541469574 -10.92908000946045 21.45180511474609
472 -13.9973316192627 -3.495698690414429 6.808027744293213
473 -15.92635536193848 -7.880787372589111 4.993771076202393
474 -13.64100170135498 -8.810262680053711 8.347049713134766
475 2.203316211700439 -3.657273054122925 23.03605842590332
476 4.430936813354492 -3.465653419494629 23.82796096801758
477 8.953433036804199 0.793072521686554 -9.563254356384277
478 9.031835556030273 0.0369209311902523 -7.631655216217041
479 5.003062725067139 -15.15237808227539 10.1225528717041
480 5.77812385559082 -14.91845703125 6.772506713867188
481 6.630671977996826 -14.88134860992432 7.999642372131348
482 -13.21132659912109 9.605667114257812 -19.7172679901123
483 -10.10807514190674 13.98681926727295 -19.07198715209961
484 18.63712882995605 -1.134463667869568 5.895574569702148
485 -8.340115547180176 -16.05608367919922 12.31433391571045
486 -8.910738945007324 -15.60445404052734 12.58856105804443
487 -9.295851707458496 -16.00769424438477 11.10896301269531
488 -2.505178213119507 18.44259262084961 -9.899535179138184
489 -4.004874706268311 18.57298469543457 -10.69693756103516
490 -13.12988090515137 0.8086309432983398 -3.736457586288452
491 14.751953125 1.90917980670929 17.00584602355957
492 15.81369972229004 1.652814507484436 16.40604209899902
493 -0.2689597308635712 -15.15710163116455 14.59920024871826
494 9.441501617431641 6.819883823394775 -16.70649719238281
495 8.781229019165039 11.68760681152344 -16.16700172424316
496 9.33065128326416 9.046218872070312 -14.96341800689697
497 12.50958919525146 3.272511959075928 -7.529571056365967
498 -1.675861835479736 7.485574722290039 -3.109411716461182
499 -4.762781143188477 8.065341949462891 -3.699349403381348
500 -5.115867614746094 16.65204238891602 -19.91842079162598
501 13.21662521362305 -9.219490051269531 1.069280624389648
502 11.90656566619873 -7.162900924682617 -0.3650443553924561
503 13.73618698120117 -7.413461208343506 1.993377566337585
504 -6.028506278991699 6.997679233551025 -25.60756874084473
505 -11.16790771484375 4.565153121948242 22.36113166809082
506 -5.1256103515625 -12.57731628417969 0.2822850942611694
507 -10.30375576019287 -14.7360954284668 7.297327518463135
508 -11.13263034820557 -13.86292457580566 6.075801849365234
509 -9.891488075256348 -14.3195686340332 6.066615581512451
510 0.650112509727478 7.322696208953857 9.222182273864746
511 0.1863240301609039 7.577877521514893 8.172982215881348
512 0.774803638458252 6.415558815002441 -2.215984582901001
513 -8.622829437255859 -9.373310089111328 -2.460969686508179
514 -7.218035221099854 -8.184025764465332 -4.622393131256104
515 -7.03216552734375 -10.19183731079102 -2.015193939208984
516 3.412779092788696 -3.313979148864746 -18.25622367858887
517 0.7071017622947693 12.94751930236816 -4.163027286529541
518 3.291144609451294 11.88526821136475 -4.022933483123779
519 10.07686138153076 0.0575019046664238 -5.252960205078125
520 -5.785057544708252 0.3141723871231079 22.63057327270508
521 -2.750605821609497 -0.458652675151825 22.42679023742676
522 -4.452541351318359 0.9787912964820862 22.1892032623291
523 18.09628677368164 -3.853766679763794 9.167518615722656
524 17.87300872802734 -4.664559841156006 8.794089317321777
525 8.558055877685547 13.52299118041992 -12.33155059814453
526 9.020759582519531 12.18981456756592 -13.9139404296875
527 10.96589088439941 -1.688068985939026 -3.797557592391968
528 -16.4152660369873 -6.128009796142578 2.713149070739746
529 -15.68475246429443 -4.040151596069336 4.231892585754395
530 -2.215345859527588 9.143925666809082 10.10197067260742
531 -1.620922803878784 8.516582489013672 11.05026721954346
532 -13.0346622467041 4.173275470733643 19.7077522277832
533 -12.02081489562988 2.622746467590332 20.68187713623047
534 -10.90200233459473 3.341871738433838 22.75636672973633
535 13.08682441711426 -13.87733840942383 2.181199073791504
536 -11.07503604888916 -14.9223165512085 9.697461128234863
537 -11.16099834442139 -14.34392356872559 7.225190162658691
538 -4.554549217224121 -9.245248794555664 19.20989990234375
539 -13.34027671813965 -0.1187531426548958 -13.80641651153564
540 -15.06921768188477 -10.0158052444458 2.514224529266357
541 -6.824789047241211 -2.272412300109863 -11.16240406036377
542 -5.909643173217773 -7.65042781829834 -6.830681800842285
543 -3.743277549743652 -15.99457740783691 10.0068883895874
544 -4.146517276763916 -16.02436637878418 16.01312637329102
545 -3.198601722717285 -14.73005104064941 17.92586517333984
546 -5.0389404296875 -14.71585464477539 16.76819610595703
547 -7.611515998840332 -14.12252712249756 14.84919548034668
548 -8.046688079833984 -15.1955394744873 14.05441951751709
549 16.69676399230957 -10.7418384552002 5.294252395629883
550 14.74951934814453 -9.081114768981934 3.272740840911865
551 15.56222152709961 -7.727677345275879 3.923755168914795
552 9.881726264953613 -13.76509857177734 -4.902205944061279
553 10.32966423034668 -14.92755699157715 -1.830024719238281
554 -14.33950042724609 3.207453012466431 -19.05256652832031
555 -14.37199115753174 2.315114974975586 -18.37766647338867
556 -15.68904495239258 3.84629225730896 -15.48581600189209
557 1.364200115203857 6.998770713806152 -25.33165740966797
558 -1.390360116958618 3.996167898178101 -23.71045875549316
559 -5.54732084274292 -1.690818071365356 -16.46625518798828
560 -14.55484294891357 -0.1548680663108826 0.7446334958076477
561 -16.37016296386719 -5.827863693237305 1.311067581176758
562 -15.9272346496582 -5.180611610412598 -0.01889455132186413
563 -9.199984550476074 -15.31259536743164 8.099225997924805
564 -9.650344848632812 5.476126670837402 -24.16989898681641
565 -8.460964202880859 5.963279724121094 -0.2274506092071533
566 -6.616456031799316 6.178603649139404 -0.6178185343742371
567 -2.956693172454834 3.268770456314087 17.53721809387207
568 -1.131222486495972 6.510497093200684 12.8301362991333
569 15.28219890594482 0.3224517405033112 18.67724418640137
570 15.43076038360596 -0.6807230710983276 18.28264808654785
571 16.10078811645508 0.5050721764564514 16.56820297241211
572 -1.680004596710205 -15.28696441650391 8.072434425354004
573 -3.196308374404907 -15.03174877166748 6.751861095428467
574 0.2212641984224319 -14.80321025848389 4.614794254302979
575 -13.01804161071777 -0.5773925185203552 10.41340351104736
576 -13.33692646026611 1.193508386611938 11.60372066497803
577 11.04084300994873 -9.686561584472656 17.32881927490234
578 9.003340721130371 -7.881442070007324 20.26374626159668
579 -1.205615282058716 -15.41630840301514 17.12058448791504
580 4.606390953063965 -14.56698894500732 13.52095794677734
581 7.169453144073486 -14.32276344299316 11.31478786468506
582 6.6195068359375 -14.20413684844971 -7.43034839630127
583 3.863310098648071 -13.16856479644775 -9.520380020141602
584 -0.7288202047348022 1.799689650535583 17.18306922912598
585 1.119676232337952 2.540781021118164 14.66296195983887
586 12.74641609191895 -14.07161808013916 7.14255428314209
587 14.12089920043945 -13.20023822784424 8.663486480712891
588 10.3381175994873 -13.62314033508301 10.48772048950195
589 -9.547213554382324 -5.299880981445312 14.89333534240723
590 -14.12351608276367 7.824684143066406 -18.97836112976074
591 -14.86425876617432 8.702578544616699 -17.0795955657959
592 19.67236328125 0.4891583919525146 10.9603271484375
593 -5.737860679626465 -11.13569641113281 17.06281089782715
594 11.53924369812012 -7.819661617279053 -1.085454940795898
595 8.195577621459961 -7.772996425628662 -9.597068786621094
596 12.29250240325928 5.664424419403076 -4.414695262908936
597 12.38510036468506 -12.66802978515625 -1.835808396339417
598 4.395161151885986 -2.563785314559937 23.37661743164062
599 -0.8473452925682068 -12.16837978363037 20.92046356201172
600 0.9518861770629883 -12.01850986480713 21.44431686401367
601 -12.09831142425537 1.994590997695923 -20.77412223815918
602 -8.608358383178711 0.1683261692523956 -18.89375686645508
603 -12.34721755981445 1.187537670135498 -19.46994400024414
604 -2.459478378295898 -16.04304885864258 14.88980960845947
605 6.249355316162109 -1.230777859687805 -18.12489128112793
606 9.647567749023438 -15.12381172180176 5.160051822662354
607 11.77547550201416 -14.82811260223389 3.388153314590454
608 18.51994323730469 -8.620857238769531 9.14056396484375
609 17.26278305053711 -11.33939743041992 7.462207317352295
610 10.87439918518066 -14.92119026184082 0.2894622385501862
611 13.02791404724121 -14.38653945922852 3.670165061950684
612 6.892098426818848 10.48599243164062 -22.1964282989502
613 2.637489795684814 11.27798938751221 -3.290153503417969
614 2.303249359130859 10.04498863220215 -2.762898206710815
615 3.946019411087036 9.729033470153809 -2.463746786117554
616 7.827261924743652 -0.4868521690368652 -16.44502449035645
617 7.392300128936768 -1.347582459449768 -15.90591049194336
618 11.16022109985352 -0.0614909753203392 19.43794631958008
619 10.63205337524414 -1.012680292129517 22.17290878295898
620 12.72992038726807 -0.0732063502073288 20.22939872741699
621 12.1355562210083 3.768606185913086 -9.469100952148438
622 1.669721126556396 7.86835241317749 -2.994400024414062
623 1.625208735466003 7.092686653137207 -2.79219388961792
624 16.7123851776123 -5.665511131286621 5.241746425628662
625 17.65477752685547 -4.171751499176025 6.885358810424805
626 17.56272506713867 -5.30742359161377 6.998384952545166
627 -3.389599561691284 -16.130859375 15.46987342834473
628 15.08532619476318 1.29150390625 17.83135223388672
629 16.99548721313477 -11.15647888183594 6.012811183929443
630 9.780192375183105 -12.02936172485352 -6.392301559448242
631 -12.59074020385742 5.524035930633545 7.976179122924805
632 1.77592146396637 3.247796535491943 -22.71324157714844
633 9.975883483886719 9.992897033691406 -6.87293529510498
634 7.321023941040039 -14.95669651031494 2.528431177139282
635 5.475653171539307 13.82760047912598 -21.16955757141113
636 -7.201785564422607 9.228347778320312 9.104846000671387
637 1.554006457328796 6.256065368652344 4.461137771606445
638 14.83266544342041 2.720821619033813 -1.437104940414429
639 16.49551200866699 2.869738340377808 1.882949590682983
640 15.36907291412354 1.932574033737183 -0.4750047326087952
641 1.923404216766357 -4.253213405609131 -18.26299095153809
642 1.283118367195129 -6.669242382049561 -17.10973930358887
643 13.03766250610352 -0.7224241495132446 21.00753593444824
644 12.52458572387695 -2.007323980331421 22.42864418029785
645 11.55085277557373 3.026477575302124 -9.405960083007812
646 -10.05926322937012 -9.824724197387695 -0.2728922367095947
647 -15.56039905548096 -2.18750786781311 1.333770632743835
648 -15.43621253967285 -2.507539749145508 0.06657540798187256
649 -14.9282112121582 6.802779674530029 -10.13794231414795
650 -15.57637310028076 6.753340721130371 -11.97276782989502
651 -11.14121627807617 5.653069019317627 -23.08554840087891
652 2.196788311004639 -15.18994998931885 6.760334491729736
653 2.337262868881226 -13.95357799530029 18.68894958496094
654 1.612678527832031 -13.48161792755127 19.87506294250488
655 17.17670059204102 4.538998126983643 12.26791286468506
656 -1.740713238716125 16.31216239929199 -21.29721450805664
657 -3.100354909896851 14.97834014892578 -22.67506790161133
658 18.64600372314453 3.661458492279053 8.571531295776367
659 -2.477386474609375 -16.06319999694824 13.25763511657715
660 -0.7033050656318665 -1.860656261444092 22.56337928771973
661 -4.305141925811768 -0.9679847359657288 22.51583862304688
662 -1.690363168716431 -2.840296268463135 22.2696647644043
663 -8.433870315551758 -3.432344198226929 18.39876747131348
664 -7.038478374481201 -5.226993083953857 18.39051818847656
665 14.32964515686035 1.033504486083984 18.8546085357666
666 -10.93157005310059 -2.545165061950684 -6.037185668945312
667 -7.70854663848877 -3.16022515296936 -8.40217113494873
668 -8.354165077209473 -3.87604284286499 -6.975082397460938
669 5.612545967102051 8.958223342895508 -23.56489562988281
670 -12.27033233642578 6.334471225738525 10.36808109283447
671 -11.52548980712891 7.361196041107178 11.55853176116943
672 -10.5731782913208 4.127536296844482 -22.99711227416992
673 -0.6246792674064636 -8.323005676269531 -15.42439270019531
674 -11.86581707000732 7.873433589935303 16.71737480163574
675 -12.06446743011475 -13.4028377532959 5.457277774810791
676 -12.20612525939941 -13.69840908050537 8.084054946899414
677 -10.89606475830078 4.643977165222168 -0.3227709829807281
678 -11.85356521606445 3.695428848266602 -1.36336362361908
679 -11.98643398284912 3.866873979568481 1.101297378540039
680 8.433759689331055 3.331367969512939 -18.54955101013184
681 7.234151840209961 3.277531862258911 -19.98418807983398
682 8.251091957092285 5.440512657165527 -19.74752807617188
683 2.866806030273438 -15.19078159332275 12.53434658050537
684 0.08159898221492767 -6.055941581726074 22.01245498657227
685 -0.3194577097892761 -4.477260112762451 22.08157920837402
686 -6.903031349182129 -9.310047149658203 15.90460968017578
687 -0.44842129945755 -10.58159923553467 -12.14328861236572
688 13.26326465606689 -11.8995189666748 12.96488285064697
689 15.33441829681396 -11.68945789337158 11.21149158477783
690 -3.061548709869385 -12.63367176055908 19.38799858093262
691 -4.053106307983398 -14.78228092193604 17.45541000366211
692 11.00291347503662 -12.96335411071777 -4.169759750366211
693 13.31204795837402 3.611721992492676 -5.192476272583008
694 -4.240602016448975 10.32274627685547 10.85513782501221
695 -5.115150928497314 10.77527618408203 12.40126800537109
696 4.754601955413818 7.074395656585693 -23.93312072753906
697 1.546348571777344 8.206181526184082 -25.53071594238281
698 -3.120365619659424 -13.9910831451416 3.325107336044312
699 3.130494117736816 -10.02154445648193 22.25951194763184
700 -13.16781902313232 -0.704154372215271 -3.524224042892456
701 18.8126106262207 3.366074323654175 10.61315727233887
702 2.624665498733521 -14.70193481445312 15.89356899261475
703 9.108473777770996 6.865177154541016 -0.06844449788331985
704 8.14936637878418 6.850410461425781 0.04274482652544975
705 9.359597206115723 6.241375923156738 1.607471704483032
706 -3.945154428482056 -3.549660444259644 -15.51335334777832
707 -4.86319637298584 -2.389332294464111 -15.38395309448242
708 -4.279150009155273 -2.356012344360352 -16.76696395874023
709 -6.26217794418335 -16.04687881469727 10.91364860534668
710 -8.976559638977051 1.109700560569763 22.56762313842773
711 -10.42838287353516 2.082134962081909 22.45435523986816
712 -12.2339334487915 -2.465143442153931 11.66860580444336
713 -12.11110591888428 -5.869882106781006 10.65361022949219
714 14.4633264541626 -13.68210315704346 4.587722301483154
715 8.440814971923828 10.66106986999512 -20.17736053466797
716 11.42234420776367 4.005987644195557 -11.98616504669189
717 10.68112659454346 4.734818458557129 -14.48500347137451
718 8.607717514038086 0.6491843461990356 -14.48913955688477
719 -10.52973747253418 15.49372100830078 -10.53152179718018
720 9.317346572875977 -15.11189937591553 0.5056444406509399
721 19.49160003662109 -0.3739064037799835 7.689126491546631
722 19.59867286682129 0.5339850783348083 8.993484497070312
723 2.741231203079224 -5.887671947479248 -16.9558219909668
724 -14.0238733291626 0.3521365821361542 -11.58072185516357
725 10.68382263183594 -6.040156364440918 -3.404143333435059
726 7.173837184906006 1.219107508659363 -18.36846160888672
727 17.46553230285645 -5.200136661529541 11.60257148742676
728 17.9556884765625 -5.57214879989624 9.068050384521484
729 -12.70419025421143 -13.31767845153809 8.214531898498535
730 -0.9540662169456482 3.51337456703186 15.3018159866333
731 -4.765295028686523 10.22395420074463 13.9356164932251
732 -6.583901405334473 9.973319053649902 16.45177268981934
733 15.42978477478027 4.457432746887207 4.492413520812988
734 -12.76967811584473 -11.76003265380859 9.75920581817627
735 1.490453720092773 -8.982504844665527 22.66654014587402
736 -12.02852821350098 -8.484060287475586 10.64896583557129
737 -9.504426002502441 -9.261903762817383 13.4400577545166
738 -11.34162616729736 4.684728145599365 2.237227916717529
739 5.395674228668213 -14.70017242431641 -6.614623546600342
740 3.817472696304321 -3.566271066665649 -17.43178749084473
741 -5.540707588195801 18.32198143005371 -12.72835826873779
742 -6.801380157470703 17.87102127075195 -11.17657947540283
743 -3.411002159118652 8.363045692443848 7.035916805267334
744 -15.74552059173584 -2.885740518569946 2.671518087387085
745 -14.22550392150879 9.479948043823242 -9.383943557739258
746 -3.32859206199646 16.72238922119141 -7.030568599700928
747 -4.776468276977539 -3.3840651512146 -12.8787260055542
748 -4.989064693450928 -4.109198093414307 -11.6788501739502
749 6.810205459594727 7.00897216796875 -0.5951388478279114
750 7.231791496276855 8.066591262817383 -1.302594423294067
751 6.110225677490234 8.024922370910645 -1.511818885803223
752 18.3502254486084 -7.289501190185547 8.138454437255859
753 18.42348670959473 -7.162367343902588 10.79859828948975
754 0.6365178823471069 6.636153221130371 10.69324970245361
755 -8.377302169799805 8.964001655578613 19.02501678466797
756 -13.38921070098877 1.268704056739807 -18.58762359619141
757 -5.771836280822754 -8.380106925964355 -5.982496738433838
758 7.087269306182861 -8.544968605041504 21.04960441589355
759 4.920418739318848 -10.81559085845947 21.21297645568848
760 -1.82752513885498 -3.140300989151001 -18.4816722869873
761 -7.599051475524902 -11.52053165435791 0.2414278537034988
762 12.66564464569092 -2.730249166488647 22.4634895324707
763 16.40455436706543 -1.111786365509033 15.80500602722168
764 13.848313331604 -2.729612350463867 20.32308197021484
765 -15.93064212799072 3.863365173339844 -14.05713558197021
766 -4.808789253234863 -15.79166412353516 16.10277366638184
767 -13.17982196807861 8.336681365966797 -20.44432258605957
768 8.313880920410156 12.61260890960693 -18.46843910217285
769 -5.935617446899414 -0.7189781665802002 22.36350250244141
770 2.032382488250732 15.89176940917969 -20.92626762390137
771 -13.0706901550293 2.640719413757324 -4.806848049163818
772 -5.094451904296875 10.19949436187744 9.879655838012695
773 11.25455665588379 3.356309652328491 -11.49878978729248
774 -8.755757331848145 16.68368339538574 -16.31702995300293
775 -3.764305353164673 18.29553031921387 -15.86374282836914
776 6.297910213470459 6.220605373382568 0.2519308030605316
777 -1.951437592506409 8.693766593933105 8.401627540588379
778 12.83063697814941 -11.84375095367432 0.01617700234055519
779 11.44063472747803 -9.540624618530273 -2.780048370361328
780 11.8878231048584 -12.02800559997559 -3.135443210601807
781 10.91968059539795 -10.70617485046387 -4.517367362976074
782 11.37601280212402 5.187765598297119 4.407326221466064
783 12.33533668518066 5.162625789642334 0.5831195712089539
784 16.6705150604248 0.7247839570045471 15.50411605834961
785 -13.23502063751221 2.479568004608154 -20.44743537902832
786 -9.585400581359863 5.51003360748291 2.046142578125
787 -7.687780857086182 0.9561644792556763 22.79446601867676
788 2.646533250808716 -2.955273389816284 23.07171440124512
789 -9.843433380126953 2.931718349456787 23.38742637634277
790 9.654237747192383 -0.6917977929115295 -5.949899673461914
791 -4.069841861724854 18.16069793701172 -9.06255054473877
792 8.814332962036133 -0.259688138961792 -11.56174755096436
793 8.900315284729004 10.05508613586426 -18.8546142578125
794 -7.021797657012939 -16.25464630126953 14.25534820556641
795 10.87754058837891 -4.529683113098145 -7.681138038635254
796 10.70183563232422 -7.772434711456299 -5.526976585388184
797 -2.721138954162598 -5.641900539398193 -16.23430633544922
798 13.712890625 -1.353320360183716 20.73469543457031
799 13.11909103393555 -5.212051868438721 18.54600524902344
800 19.46738815307617 -1.947363615036011 9.542021751403809
801 9.071736335754395 -10.30366897583008 -7.797759532928467
802 10.17507839202881 -10.28615570068359 -6.204532623291016
803 10.34788227081299 6.180041790008545 0.5909596085548401
804 17.72837257385254 -1.392548441886902 4.546504974365234
805 16.64900398254395 2.000544548034668 1.703281283378601
806 -5.213142871856689 13.85660457611084 -23.13504219055176
807 -9.946442604064941 4.496984958648682 23.37938499450684
808 -1.734130859375 17.18186378479004 -19.7830810546875
809 -3.038941144943237 18.08429718017578 -17.23364448547363
810 1.309530735015869 17.63144493103027 -18.61720848083496
811 7.881078720092773 -14.92281436920166 -3.031214475631714
812 5.035148620605469 -15.15942096710205 -3.638151168823242
813 -6.877438068389893 1.790050625801086 22.81549644470215
814 -6.012239456176758 2.926082849502563 21.65753746032715
815 8.987001419067383 5.806730270385742 -18.34454154968262
816 -8.326968193054199 -12.27380084991455 14.55751514434814
817 -7.196316719055176 -16.16517066955566 11.48419857025146
818 7.794796466827393 5.939566612243652 5.562949657440186
819 -13.68439197540283 5.747423648834229 -7.809560298919678
820 -14.20110321044922 4.303806781768799 -7.899002552032471
821 15.62386035919189 0.8029685616493225 0.4706152081489563
822 -0.8033525347709656 7.459286212921143 -26.01530265808105
823 9.936178207397461 2.218453168869019 12.82554721832275
824 9.785310745239258 4.008919715881348 9.075221061706543
825 -4.2414231300354 2.260140657424927 20.55309867858887
826 -10.30062580108643 10.63156700134277 -6.626884937286377
827 -5.868361949920654 11.63965034484863 -5.119193553924561
828 18.04757118225098 -8.44919490814209 7.134653091430664
829 11.90946960449219 2.320683479309082 13.98462200164795
830 9.520576477050781 3.434138298034668 -16.74977684020996
831 8.084405899047852 1.285794854164124 -16.95726013183594
832 0.3993527591228485 -3.393939971923828 22.60161209106445
833 -5.128537654876709 17.96357917785645 -16.51800346374512
834 -2.676284313201904 17.91873550415039 -8.537018775939941
835 10.55116271972656 0.8276824355125427 -5.285947799682617
836 12.84510326385498 -10.11712741851807 -0.1079600751399994
837 -2.369473218917847 6.301855087280273 3.860018014907837
838 4.069862842559814 7.050121784210205 -2.083667039871216
839 3.848473787307739 5.525669574737549 9.702271461486816
840 -9.865447998046875 6.769914150238037 21.82538795471191
841 7.999064922332764 -7.048223495483398 21.67057037353516
842 -5.987548828125 -16.71923828125 11.75057697296143
843 -7.288996696472168 10.70642185211182 16.07741355895996
844 -8.801067352294922 9.715113639831543 18.38230133056641
845 -10.2228307723999 -0.7296435832977295 18.73320960998535
846 -2.624359846115112 -2.497820615768433 -18.33508110046387
847 -12.02030849456787 3.904451370239258 -21.95741081237793
848 -12.96092414855957 -2.549077749252319 9.544578552246094
849 13.88728046417236 -5.871284961700439 17.10613059997559
850 15.46710014343262 -5.617206573486328 15.42460155487061
851 8.116710662841797 11.02257442474365 -6.069872856140137
852 17.91960144042969 -3.601327180862427 11.15555953979492
853 -4.926843643188477 -16.31391525268555 11.54979419708252
854 -3.238476037979126 -16.02540016174316 11.92099761962891
855 11.40770053863525 -14.47906494140625 -1.035983443260193
856 -5.620611667633057 -2.765396118164062 -11.95494270324707
857 -1.787908554077148 15.15717792510986 -22.54325675964355
858 12.58367729187012 -3.677775621414185 21.98151016235352
859 13.77014255523682 -10.39021682739258 14.86635971069336
860 3.498055458068848 -5.425620079040527 -16.55842208862305
861 -3.504366874694824 9.873404502868652 12.10766315460205
862 8.735244750976562 4.403825283050537 8.535944938659668
863 9.985288619995117 -8.522852897644043 -7.423078536987305
864 12.31373596191406 -0.7622323632240295 -2.451272487640381
865 9.929290771484375 -6.201271533966064 -9.293651580810547
866 10.48383903503418 -6.595187664031982 -8.057241439819336
867 6.015625 -2.435158491134644 -15.46662330627441
868 -9.070097923278809 -16.09138870239258 10.31763935089111
869 0.3011681735515594 7.125579833984375 6.953298568725586
870 8.75202751159668 8.881535530090332 -19.96300888061523
871 -13.83730125427246 2.861289978027344 -7.153864860534668
872 -4.510360717773438 -16.00041580200195 10.60714149475098
873 -7.983264923095703 5.621665954589844 21.99777412414551
874 -9.62454891204834 -12.33913326263428 13.01691913604736
875 11.32943248748779 4.585469245910645 7.374992370605469
876 10.95840263366699 -8.643049240112305 -3.89164924621582
877 -9.59516716003418 15.5548210144043 -17.56700706481934
878 -16.39104080200195 -7.838697910308838 3.082158088684082
879 17.04676628112793 -4.841247081756592 12.65512561798096
880 12.54577445983887 -10.90667152404785 -1.59870171546936
881 -15.80048751831055 -8.744963645935059 1.715309143066406
882 -9.913482666015625 5.702319622039795 4.146120071411133
883 -9.81353759765625 9.509692192077637 18.46222496032715
884 -13.22599315643311 0.1640472412109375 -7.164298057556152
885 -11.58549118041992 7.460378646850586 18.63454818725586
886 -15.11676502227783 8.874165534973145 -10.76014995574951
887 -8.999329566955566 6.977356910705566 21.53380584716797
888 10.49565505981445 -4.593716621398926 -8.900613784790039
889 9.532651901245117 -3.846969366073608 -10.52867889404297
890 14.42190361022949 0.1338019371032715 19.55508995056152
891 6.381870269775391 -7.093424797058105 22.20046806335449
892 3.860997676849365 6.2895188331604 -1.602206110954285
893 13.63151073455811 1.323007941246033 -3.141650915145874
894 -7.920053005218506 -7.428654193878174 15.46205425262451
895 -10.23993873596191 -6.394156455993652 13.26338672637939
896 6.772895812988281 13.83848190307617 -8.158971786499023
897 -11.92923545837402 -2.504015922546387 -4.766396522521973
898 10.82668590545654 -3.607611894607544 -4.616244316101074
899 3.710963249206543 -14.84302616119385 -3.523947715759277
900 0.8928234577178955 5.132089614868164 12.32347774505615
901 14.20858764648438 -5.244701862335205 1.814426779747009
902 -15.34519481658936 -3.769518375396729 -0.9036232829093933
903 1.224028283217104 2.045211453797508 -11.72538567229401
904 1.247075263723209 -2.089223145060336 -4.789575703790489
905 -8.467150776763027 -1.350341111189999 1.866253410018238
906 -9.113803801468238 2.145435604285435 -1.63511934402143
907 4.247176490116888 -10.22543749820224 15.22608924146681
908 -6.176598140292833 9.397692443716195 -15.04700187266821
909 13.46156493568605 -6.143351825581528 12.15538189409668
910 -2.668042846855633 -9.289590861697558 14.70045678370545
911 3.629918059824858 5.9061479037966 -8.953090106573264
912 -12.94131067723972 8.544429351502659 -12.98279471108743
913 2.722567655014542 9.963222060750276 -14.81393241938654
914 -5.37468499221715 -0.6576335595963956 11.63238412155155
915 7.627167048641077 2.198630058166472 5.506986306622935
916 6.47276838768832 -11.05587889621238 -4.277998130586187
917 -6.923743617213329 7.926274115016368 -22.07778301093875
918 -6.177107817766562 0.07277236346552909 -7.038370798053982
919 -2.979206240276839 0.1751801090295644 -16.36410601091508
920 -7.415882931103861 -6.262255996616337 10.22705433902081
921 -3.614811325165579 11.28650710296342 -8.13152397259234
922 3.701415463811227 2.012392077683931 -17.02046595028504
923 1.745816289468746 0.5366809692202101 3.238534214761428
924 1.252439165013294 -2.665850727126063 -16.4643378136549
925 6.308872845839116 -1.686514174992992 -10.05482969305104
926 -10.23564215742124 3.502247149487544 -7.878126575239043
927 12.29815559631269 -2.217018627263776 16.38626398487656
928 7.404413281728861 5.799701021580874 -2.993211075591976
929 -0.6180050456403554 -9.785253622570913 2.198519343047151
930 -12.3795321236052 -4.178340925848671 0.3261862192099411
931 -3.973683295735674 1.66283892940429 2.052111384191282
932 6.795771206850318 -10.0349655864616 3.017394878646193
933 7.550783744227461 -4.646550394848923 -7.537628247528425
934 16.19150760658966 0.8453273550044728 10.4719570114801
935 6.432885350252651 0.8220664560971104 -2.313307560149328
936 -1.985232772321655 -13.39978837954482 15.58063364799849
937 -9.834152976065313 3.059250376677874 10.4920340196998
938 -2.338742037984667 -3.718841687328142 16.42231244217147
939 9.846900775066585 -12.07621427734274 -1.220000823925694
940 0.4468381798077849 11.00981622934137 -6.729485005377126
941 4.779173340865925 6.530550751454421 -18.04134740565626
942 14.10741441227619 0.9579239747709588 5.716835752474937
943 1.925691721204556 -8.266987847555885 -10.67562489404597
944 1.736295687864843 4.531407145513298 -4.46884547781277
945 -0.6192569262676397 -5.532185626257169 8.872057966850738
946 -10.99038102079358 8.317923459951585 -18.10373228351284
947 -4.874506886741636 -15.13213369193516 13.71578899652889
948 -10.95268903096836 4.271711354270481 16.43415145982728
949 2.289779638960298 -10.99408666607909 8.573345509051522
950 -2.380605281461599 -2.285136172662829 -11.54673424971326
951 -7.985657409790569 14.40438562901509 -12.03470822178254
952 -3.680237148088211 15.30460378972735 -9.767330866798687
953 3.80053143937062 -4.787124313579284 19.58807920701006
954 1.415118641042961 -10.29325587583445 18.86609312711876
955 7.328584197957311 4.183841586652305 -12.92149140071443
956 -6.348655271248532 6.43699446232082 -10.24867465830869
957 -2.05357296001567 3.295952188634705 -2.179689450005937
958 4.057699203288935 -10.43120387159655 -8.194492795961573
959 -1.096219830924681 7.961773221046092 -22.78363766955723
960 -5.987135312639426 -4.887197615807408 -3.67649561864634
961 -12.36546837402101 -8.609995307168802 4.123866055181391
962 -12.38984401616972 3.117975281545013 -14.99814543612317
963 6.11118753621736 10.9130329382262 -10.64913144003249
964 -2.378994242999477 13.12997938809229 -19.57189360875444
965 15.07677552269727 -8.496851480691189 8.865076008508172
966 -6.421317355339125 0.3515346392687925 16.59151318136555
967 -10.33707646375959 -0.4577028224505941 6.210008865909153
968 -5.079599968716727 7.028286306346812 11.14837304111328
969 -6.687505471179744 -12.06027518390436 9.585539174320573
970 -10.66612518090505 -11.92070254799344 7.54160763098938
971 1.785990415100656 3.164224903533146 8.203995816830167
972 5.127071912536611 10.24046148080296 -19.52664362912165
973 -8.419795490032588 -7.535269457001469 0.5218555002178586
974 0.549463244305836 -9.20164521215432 -3.876763703023015
975 3.658592731018063 14.95542487870559 -14.65647660940505
976 10.16373856821031 2.596383572479889 -1.689487513348845
977 8.658500916546442 -9.048125433847561 14.48716937992978
978 11.07841909430202 -11.92069438551616 2.796429803992414
979 7.271932127394128 0.9328234503733622 -5.911970540501644
980 -0.9100215222336797 7.005250352487357 -12.49332432714334
981 0.880916235290368 -6.128385712297004 -14.40078348109814
982 6.350190858217128 3.968705158708184 -17.32803305880937
983 -6.606841585067836 3.244771458340582 -17.13254666076866
984 -6.620035164332834 1.435221753358773 -12.0516441878767
985 -1.245300770671976 5.396850146741893 -19.26243708399297
986 -2.269468942339372 6.795005565090835 -6.319803731722988
987 15.72393140901518 -3.688989633703794 8.729853023151339
988 -7.072221925697911 13.6054596743305 -17.61159173328062
989 8.335390994856573 -4.347674093557043 -2.045960310191306
990 -10.69723968085213 6.706126992669938 -9.269531482558968
991 -2.222371049649829 -6.325042834256578 -7.053941415972241
992 12.4795786777828 -8.821498284445228 5.476582871420323
993 -10.71344085805695 0.543699040977718 -5.17172973620352
994 4.397177631868027 8.067783721812104 -5.452904936699978
995 -8.012667478244015 8.262202132527078 14.57389272312358
996 -9.510021144194694 11.03097722306888 -10.58999797748592
997 12.97828470809357 1.211491981116601 1.534113027590787
998 6.591493520398683 0.2327482797498988 -13.53335773089209
999 6.509792187712953 1.95673638688883 -9.700341621115065
1000 -7.349091043629054 2.635939259271872 5.016996893954012
1001 9.387455208170723 4.900556452024227 -9.080804955009144
1002 4.575703713971378 -1.915867580934744 -14.34899907053528
1003 6.821652486248992 -1.462023676939202 9.96727309525127
1004 -7.210985648202912 4.420320935709384 -4.334328024428041
1005 10.39456962376109 -3.073599686171251 2.659308909906786
1006 -6.999285973975542 -10.43012334432896 4.693171730291957
1007 -5.147921783224587 -4.200110912354857 4.389954511258647
1008 -10.29314359188376 4.568197429757763 -19.92060218562839
1009 -1.405883737968504 14.74361436059149 -13.6708963176607
1010 -7.482696561766383 -14.10784910817122 11.12035089710511
1011 -10.97064646713472 -0.8265300387224919 -2.012285892231568
1012 5.095156497085808 -0.7085324187809637 -16.56537769230047
1013 -3.290642756368171 -13.66609203930612 10.99353354347545
1014 -3.255323216138232 4.645077597504767 8.526651291017936
1015 6.798529610519726 -3.39052274892319 22.4980937760044
1016 16.32398532771018 1.72843683324885 13.8332196657753
1017 -8.042327099662922 3.921885228564822 0.1797795304335054
1018 12.91961640083455 3.337445244358769 -3.086035615945228
1019 -5.079163302396602 -0.9320191377540581 20.64104329491066
1020 13.42332987542248 -12.13825063979716 4.580736434412048
1021 13.8808084224937 -0.7723272326674928 19.28452954029379
1022 5.913035119309564 12.77186123259161 -15.40875152431306
1023 9.857623431804658 -2.94583967496555 22.88728374566727
1024 -12.11257607660777 -12.65072298796715 6.714341830128602
1025 -12.99802198295274 4.230138371347842 -10.76710522055447
1026 -9.057501313596903 3.950630494564679 22.26531912318532
1027 0.05846147523589195 -1.578920971678704 21.85911362542221
1028 9.476191114719176 6.587794983009474 -6.361705138672798
1029 17.4715487509299 3.097762715032694 11.62275124691948
1030 -6.796877619214695 -15.39310978985392 12.47541401458812
1031 -9.555492689099381 6.806148619273211 18.00600866988415
1032 0.6209502085150207 -8.696951649341559 -13.25056844721491
1033 11.14560268935576 -2.431513169637872 22.74247718357096
1034 -14.4616379739543 -7.59645985309921 2.552765877934705
1035 -8.02805767434749 2.34703945236185 22.59112757170685
1036 3.340905884079414 -3.378667152381021 22.01917981314424
1037 12.43767990488117 -1.334503856285984 20.82916253960826
1038 -3.260865797110853 -14.92486181933926 15.74902115906684
1039 -9.836944472922323 4.518920172469518 20.26795050004307
1040 11.60978419332595 4.260912874951147 -7.981794235695372
1041 0.7632322419100374 -13.09355054234455 14.94392868167937
1042 3.91743012898116 -3.863289791586238 22.75342000022529
1043 14.10585412182871 0.1020971158698569 17.99163929109134
1044 12.36535705400613 2.050150879341571 -1.859497201654183
1045 -12.64542295823844 -11.66653370703908 6.137439777189346
1046 14.71590589958302 2.286850149431397 14.47139175033502
1047 -2.684936892236542 -0.4954755881733241 20.76341391320029
1048 13.24009150704927 -1.530519473685181 20.82313564713406
1049 8.763603023263963 5.418452354285055 -0.7712962285712694
1050 11.33463044402628 -2.030532550246782 21.97896132379671
1051 -9.543890956274121 4.973991249682943 21.84355277445016
1052 11.88887820737823 4.222157621365054 -6.236840245092012
1053 12.83044704669071 4.082229047286285 -4.715438393368064
1054 -13.10373791838221 -10.24740055880796 5.343255744622367
1055 -1.237050511898885 -1.280358645772776 22.01179196724383
1056 1.838228561327366 -2.512209641429194 21.9788080338785
1057 14.93628138406668 -11.16198728491839 6.129456509199513
1058 4.492694784228431 -2.613460792997781 22.24660521953325
1059 16.32885873836337 2.64833311772603 12.81779659069066
1060 -6.348939734304803 0.8673267495719268 21.92004255577901
1061 12.72153448431452 3.366427948952592 -1.014632027231189
1062 14.55722530800536 1.17202770094257 16.17079774832692
1063 -4.731862862932735 -0.05061959245066277 21.51785130722614
1064 -2.868070593941736 -1.192513447580409 21.82496085301895
1065 5.159137426199102 -4.137665728621273 22.26595284061502
1066 -0.1862164270515991 -12.57793593241152 11.45194723201391
$EndNodes
$Elements
3262
1 4 2 2 1 730 914 968 1014
2 4 2 2 1 730 914 966 968
3 4 2 2 1 436 930 141 967
4 4 2 2 1 140 141 930 967
5 4 2 2 1 379 380 311 1000
6 4 2 2 1 922 985 903 941
7 4 2 2 1 909 942 934 987
8 4 2 2 1 903 944 911 986
9 4 2 2 1 175 109 177 1004
10 4 2 2 1 945 914 923 1007
11 4 2 2 1 595 191 430 933
12 4 2 2 1 909 934 123 987
13 4 2 2 1 922 985 941 451
14 4 2 2 1 192 925 193 998
15 4 2 2 1 959 913 964 985
16 4 2 2 1 904 999 903 944
17 4 2 2 1 1015 598 132 325
18 4 2 2 1 904 903 925 950
19 4 2 2 1 908 951 372 996
20 4 2 2 1 776 892 928 935
21 4 2 2 1 585 1014 900 971
22 4 2 2 1 584 914 938 966
23 4 2 2 1 904 903 950 918
24 4 2 2 1 989 790 935 527
25 4 2 2 1 1009 975 158 913
26 4 2 2 1 903 918 944 986
27 4 2 2 1 903 911 980 986
28 4 2 2 1 123 927 468 934
29 4 2 2 1 928 935 892 944
30 4 2 2 1 589 920 914 938
31 4 2 2 1 70 915 14 971
32 4 2 2 1 344 930 343 960
33 4 2 2 1 585 1014 971 914
34 4 2 2 1 937 966 914 968
35 4 2 2 1 696 959 941 972
36 4 2 2 1 11 212 10 996
37 4 2 2 1 242 922 924 1012
38 4 2 2 1 911 944 903 999
39 4 2 2 1 945 914 1007 920
40 4 2 2 1 515 960 514 973
41 4 2 2 1 1003 938 15 971
42 4 2 2 1 532 1039 400 505
43 4 2 2 1 984 903 956 918
44 4 2 2 1 792 478 999 925
45 4 2 2 1 712 937 914 967
46 4 2 2 1 916 932 394 939
47 4 2 2 1 908 372 951 988
48 4 2 2 1 959 913 985 941
49 4 2 2 1 667 950 918 991
50 4 2 2 1 949 929 1006 945
51 4 2 2 1 2 75 499 986
52 4 2 2 1 1003 938 971 945
53 4 2 2 1 786 1017 738 677
54 4 2 2 1 343 960 930 973
55 4 2 2 1 79 52 78 1001
56 4 2 2 1 1063 1064 1019 1047
57 4 2 2 1 154 910 938 954
58 4 2 2 1 932 916 929 989
59 4 2 2 1 103 914 937 966
60 4 2 2 1 589 938 914 966
61 4 2 2 1 1005 976 915 997
62 4 2 2 1 932 929 916 136
63 4 2 2 1 589 920 938 894
64 4 2 2 1 222 345 224 977
65 4 2 2 1 920 712 914 967
66 4 2 2 1 779 594 876 939
67 4 2 2 1 70 862 14 915
68 4 2 2 1 400 1039 532 948
69 4 2 2 1 738 1017 786 1000
70 4 2 2 1 575 937 712 967
71 4 2 2 1 573 929 949 574
72 4 2 2 1 904 903 918 944
73 4 2 2 1 573 929 574 698
74 4 2 2 1 929 960 515 973
75 4 2 2 1 908 372 988 946
76 4 2 2 1 903 980 956 986
77 4 2 2 1 748 950 667 991
78 4 2 2 1 989 527 935 365
79 4 2 2 1 950 943 904 991
80 4 2 2 1 564 298 384 917
81 4 2 2 1 141 142 436 967
82 4 2 2 1 295 914 966 589
83 4 2 2 1 1007 1006 929 945
84 4 2 2 1 313 331 968 636
85 4 2 2 1 294 589 920 914
86 4 2 2 1 1016 116 118 492
87 4 2 2 1 886 440 133 912
88 4 2 2 1 400 1039 401 505
89 4 2 2 1 589 920 894 895
90 4 2 2 1 984 903 918 950
91 4 2 2 1 227 1032 943 981
92 4 2 2 1 584 914 966 730
93 4 2 2 1 913 940 158 1009
94 4 2 2 1 705 915 997 818
95 4 2 2 1 940 913 980 1009
96 4 2 2 1 321 915 923 935
97 4 2 2 1 782 915 818 997
98 4 2 2 1 1002 943 981 180
99 4 2 2 1 918 903 956 986
100 4 2 2 1 919 922 903 924
101 4 2 2 1 585 938 914 971
102 4 2 2 1 954 538 910 936
103 4 2 2 1 634 394 932 939
104 4 2 2 1 123 909 927 934
105 4 2 2 1 738 1017 679 677
106 4 2 2 1 158 940 913 963
107 4 2 2 1 158 963 913 975
108 4 2 2 1 932 945 949 1003
109 4 2 2 1 122 123 909 927
110 4 2 2 1 367 154 938 954
111 4 2 2 1 295 914 589 294
112 4 2 2 1 243 922 919 924
113 4 2 2 1 368 940 921 952
114 4 2 2 1 667 918 960 991
115 4 2 2 1 782 942 915 997
116 4 2 2 1 915 976 935 321
117 4 2 2 1 908 372 946 912
118 4 2 2 1 43 985 941 959
119 4 2 2 1 972 975 964 913
120 4 2 2 1 2 1004 3 926
121 4 2 2 1 1047 966 584 938
122 4 2 2 1 910 969 949 1013
123 4 2 2 1 1009 158 975 156
124 4 2 2 1 143 4 906 993
125 4 2 2 1 923 932 929 989
126 4 2 2 1 122 909 850 927
127 4 2 2 1 448 933 925 943
128 4 2 2 1 758 423 953 954
129 4 2 2 1 962 908 983 946
130 4 2 2 1 367 938 953 954
131 4 2 2 1 94 514 515 960
132 4 2 2 1 71 862 70 915
133 4 2 2 1 1007 1006 945 920
134 4 2 2 1 457 477 49 999
135 4 2 2 1 686 895 894 920
136 4 2 2 1 945 914 920 938
137 4 2 2 1 1041 1066 936 910
138 4 2 2 1 959 913 941 972
139 4 2 2 1 931 904 960 957
140 4 2 2 1 776 935 928 976
141 4 2 2 1 918 950 904 991
142 4 2 2 1 964 975 1009 913
143 4 2 2 1 267 985 959 917
144 4 2 2 1 904 923 935 957
145 4 2 2 1 748 856 667 950
146 4 2 2 1 956 1004 986 2
147 4 2 2 1 931 904 957 923
148 4 2 2 1 447 322 915 971
149 4 2 2 1 908 917 964 985
150 4 2 2 1 841 758 891 953
151 4 2 2 1 157 389 368 940
152 4 2 2 1 904 999 944 979
153 4 2 2 1 985 268 467 983
154 4 2 2 1 908 372 912 996
155 4 2 2 1 960 918 1011 906
156 4 2 2 1 588 932 909 992
157 4 2 2 1 759 423 758 954
158 4 2 2 1 587 588 965 992
159 4 2 2 1 322 923 321 915
160 4 2 2 1 945 949 910 969
161 4 2 2 1 242 922 1012 244
162 4 2 2 1 1011 905 72 930
163 4 2 2 1 1005 976 997 365
164 4 2 2 1 686 737 895 920
165 4 2 2 1 904 935 923 989
166 4 2 2 1 679 1017 738 1000
167 4 2 2 1 322 923 915 971
168 4 2 2 1 302 580 702 907
169 4 2 2 1 436 744 141 930
170 4 2 2 1 679 1017 906 677
171 4 2 2 1 886 650 440 912
172 4 2 2 1 413 562 561 930
173 4 2 2 1 584 914 730 585
174 4 2 2 1 1031 840 844 883
175 4 2 2 1 914 1000 937 1014
176 4 2 2 1 1002 943 180 925
177 4 2 2 1 322 923 971 637
178 4 2 2 1 950 904 943 925
179 4 2 2 1 63 132 325 1015
180 4 2 2 1 55 54 972 975
181 4 2 2 1 824 915 875 942
182 4 2 2 1 519 790 527 935
183 4 2 2 1 174 54 55 975
184 4 2 2 1 1041 90 936 1066
185 4 2 2 1 585 1014 914 730
186 4 2 2 1 1003 938 945 907
187 4 2 2 1 910 920 938 945
188 4 2 2 1 411 688 689 965
189 4 2 2 1 824 915 942 1003
190 4 2 2 1 911 940 980 986
191 4 2 2 1 188 373 584 938
192 4 2 2 1 906 1017 679 1000
193 4 2 2 1 99 925 98 933
194 4 2 2 1 921 940 980 1009
195 4 2 2 1 1007 904 931 923
196 4 2 2 1 911 913 955 980
197 4 2 2 1 914 967 937 1000
198 4 2 2 1 921 952 940 1009
199 4 2 2 1 911 913 980 940
200 4 2 2 1 938 1003 953 907
201 4 2 2 1 945 914 938 971
202 4 2 2 1 141 140 142 967
203 4 2 2 1 953 977 1003 927
204 4 2 2 1 623 498 76 986
205 4 2 2 1 245 963 158 975
206 4 2 2 1 758 907 222 954
207 4 2 2 1 1007 904 923 929
208 4 2 2 1 915 321 705 976
209 4 2 2 1 621 1040 645 497
210 4 2 2 1 326 943 1032 687
211 4 2 2 1 685 938 953 367
212 4 2 2 1 1005 976 365 935
213 4 2 2 1 122 123 879 909
214 4 2 2 1 475 1036 1056 338
215 4 2 2 1 912 956 908 996
216 4 2 2 1 744 436 529 930
217 4 2 2 1 205 121 120 1010
218 4 2 2 1 237 937 575 967
219 4 2 2 1 963 1001 994 911
220 4 2 2 1 43 985 959 632
221 4 2 2 1 1005 923 935 989
222 4 2 2 1 1056 1036 475 953
223 4 2 2 1 282 950 943 981
224 4 2 2 1 35 1066 91 1013
225 4 2 2 1 928 420 419 976
226 4 2 2 1 189 1056 1036 338
227 4 2 2 1 989 527 365 364
228 4 2 2 1 252 254 253 934
229 4 2 2 1 922 985 451 919
230 4 2 2 1 1056 953 189 1036
231 4 2 2 1 133 440 135 912
232 4 2 2 1 154 910 954 538
233 4 2 2 1 918 904 960 991
234 4 2 2 1 920 945 910 969
235 4 2 2 1 580 949 1041 907
236 4 2 2 1 430 925 448 933
237 4 2 2 1 495 941 913 972
238 4 2 2 1 920 472 967 961
239 4 2 2 1 514 960 343 973
240 4 2 2 1 1007 904 929 960
241 4 2 2 1 806 341 917 964
242 4 2 2 1 99 478 98 925
243 4 2 2 1 751 928 838 994
244 4 2 2 1 1017 957 566 931
245 4 2 2 1 937 1000 332 1014
246 4 2 2 1 903 919 956 980
247 4 2 2 1 55 54 56 972
248 4 2 2 1 394 916 136 932
249 4 2 2 1 384 298 299 917
250 4 2 2 1 961 1007 1006 973
251 4 2 2 1 94 515 929 960
252 4 2 2 1 962 908 946 912
253 4 2 2 1 823 934 909 942
254 4 2 2 1 879 909 123 987
255 4 2 2 1 910 907 938 954
256 4 2 2 1 223 907 304 954
257 4 2 2 1 1022 55 972 975
258 4 2 2 1 14 971 915 1003
259 4 2 2 1 282 943 950 991
260 4 2 2 1 1047 966 938 25
261 4 2 2 1 760 391 130 924
262 4 2 2 1 959 913 972 964
263 4 2 2 1 938 953 1003 15
264 4 2 2 1 458 298 564 917
265 4 2 2 1 930 960 905 973
266 4 2 2 1 841 578 758 953
267 4 2 2 1 838 928 892 944
268 4 2 2 1 916 974 929 989
269 4 2 2 1 920 712 967 713
270 4 2 2 1 149 1053 1018 693
271 4 2 2 1 903 911 955 980
272 4 2 2 1 891 758 423 953
273 4 2 2 1 960 1011 918 668
274 4 2 2 1 358 342 668 960
275 4 2 2 1 429 439 650 962
276 4 2 2 1 909 965 588 992
277 4 2 2 1 222 577 345 977
278 4 2 2 1 844 840 1031 755
279 4 2 2 1 913 955 980 941
280 4 2 2 1 953 261 173 435
281 4 2 2 1 157 940 368 952
282 4 2 2 1 725 876 594 916
283 4 2 2 1 824 915 1003 862
284 4 2 2 1 343 930 461 973
285 4 2 2 1 222 758 578 907
286 4 2 2 1 650 439 440 912
287 4 2 2 1 588 909 932 977
288 4 2 2 1 905 930 961 967
289 4 2 2 1 451 243 244 922
290 4 2 2 1 58 935 923 957
291 4 2 2 1 124 468 123 927
292 4 2 2 1 935 944 928 979
293 4 2 2 1 66 653 302 954
294 4 2 2 1 213 912 372 996
295 4 2 2 1 972 964 975 770
296 4 2 2 1 917 946 908 988
297 4 2 2 1 792 999 478 477
298 4 2 2 1 588 949 977 932
299 4 2 2 1 885 399 196 948
300 4 2 2 1 848 712 713 967
301 4 2 2 1 705 915 818 323
302 4 2 2 1 911 913 940 963
303 4 2 2 1 913 955 941 496
304 4 2 2 1 1007 1006 973 929
305 4 2 2 1 908 921 980 1009
306 4 2 2 1 35 1066 1013 936
307 4 2 2 1 588 949 932 481
308 4 2 2 1 1018 693 638 149
309 4 2 2 1 134 912 213 996
310 4 2 2 1 886 649 650 912
311 4 2 2 1 321 923 58 935
312 4 2 2 1 943 958 933 974
313 4 2 2 1 840 1031 1039 399
314 4 2 2 1 286 1053 693 1018
315 4 2 2 1 1041 425 954 936
316 4 2 2 1 506 41 94 929
317 4 2 2 1 341 917 964 988
318 4 2 2 1 67 690 954 936
319 4 2 2 1 302 907 702 954
320 4 2 2 1 145 905 906 1000
321 4 2 2 1 86 423 422 953
322 4 2 2 1 49 48 50 1001
323 4 2 2 1 1066 90 91 92
324 4 2 2 1 956 980 919 983
325 4 2 2 1 190 91 1066 1013
326 4 2 2 1 585 15 938 971
327 4 2 2 1 959 964 917 985
328 4 2 2 1 294 920 589 895
329 4 2 2 1 935 944 904 957
330 4 2 2 1 340 946 917 988
331 4 2 2 1 908 921 956 980
332 4 2 2 1 941 955 922 982
333 4 2 2 1 865 888 889 933
334 4 2 2 1 517 389 157 940
335 4 2 2 1 3 335 2 926
336 4 2 2 1 242 922 244 243
337 4 2 2 1 953 977 927 578
338 4 2 2 1 910 1041 907 954
339 4 2 2 1 759 758 222 954
340 4 2 2 1 923 971 945 1003
341 4 2 2 1 989 790 527 221
342 4 2 2 1 917 908 946 983
343 4 2 2 1 910 938 907 945
344 4 2 2 1 928 751 749 750
345 4 2 2 1 920 967 914 1007
346 4 2 2 1 645 1040 621 1001
347 4 2 2 1 903 955 941 980
348 4 2 2 1 913 908 964 985
349 4 2 2 1 730 968 568 1014
350 4 2 2 1 189 1056 338 336
351 4 2 2 1 573 929 698 1006
352 4 2 2 1 832 1056 660 475
353 4 2 2 1 923 915 971 1003
354 4 2 2 1 295 914 294 103
355 4 2 2 1 932 939 594 978
356 4 2 2 1 1052 1053 148 149
357 4 2 2 1 913 955 496 963
358 4 2 2 1 14 915 862 1003
359 4 2 2 1 243 919 452 924
360 4 2 2 1 956 962 926 990
361 4 2 2 1 1004 28 3 926
362 4 2 2 1 140 560 72 930
363 4 2 2 1 30 397 934 942
364 4 2 2 1 452 243 451 919
365 4 2 2 1 1052 148 596 48
366 4 2 2 1 577 909 859 977
367 4 2 2 1 596 835 928 48
368 4 2 2 1 478 792 98 925
369 4 2 2 1 478 925 99 979
370 4 2 2 1 900 730 568 1014
371 4 2 2 1 1056 189 953 188
372 4 2 2 1 923 929 904 989
373 4 2 2 1 903 955 911 999
374 4 2 2 1 265 266 592 934
375 4 2 2 1 591 912 272 946
376 4 2 2 1 286 1018 638 1061
377 4 2 2 1 515 514 513 973
378 4 2 2 1 480 932 395 949
379 4 2 2 1 371 308 372 951
380 4 2 2 1 222 224 907 977
381 4 2 2 1 706 707 747 950
382 4 2 2 1 34 91 190 1013
383 4 2 2 1 61 928 60 994
384 4 2 2 1 908 980 956 983
385 4 2 2 1 67 954 690 599
386 4 2 2 1 1011 905 930 960
387 4 2 2 1 928 944 838 994
388 4 2 2 1 974 960 991 94
389 4 2 2 1 596 835 48 148
390 4 2 2 1 909 377 688 965
391 4 2 2 1 299 150 384 917
392 4 2 2 1 594 916 876 939
393 4 2 2 1 585 1014 730 900
394 4 2 2 1 749 838 751 928
395 4 2 2 1 934 927 763 829
396 4 2 2 1 595 430 448 933
397 4 2 2 1 223 907 954 222
398 4 2 2 1 727 524 728 987
399 4 2 2 1 188 938 15 953
400 4 2 2 1 921 951 908 996
401 4 2 2 1 272 270 946 1008
402 4 2 2 1 189 1056 336 188
403 4 2 2 1 918 668 666 667
404 4 2 2 1 120 874 205 1010
405 4 2 2 1 922 941 903 955
406 4 2 2 1 189 13 172 953
407 4 2 2 1 1034 529 961 930
408 4 2 2 1 903 919 980 985
409 4 2 2 1 904 944 918 957
410 4 2 2 1 8 674 7 948
411 4 2 2 1 177 512 59 957
412 4 2 2 1 1056 953 475 832
413 4 2 2 1 823 927 909 934
414 4 2 2 1 903 922 955 998
415 4 2 2 1 760 130 128 924
416 4 2 2 1 103 914 294 712
417 4 2 2 1 233 525 963 975
418 4 2 2 1 439 912 650 962
419 4 2 2 1 945 923 914 971
420 4 2 2 1 806 917 959 964
421 4 2 2 1 130 924 391 981
422 4 2 2 1 596 420 928 976
423 4 2 2 1 291 60 928 994
424 4 2 2 1 340 152 917 946
425 4 2 2 1 962 956 984 983
426 4 2 2 1 578 907 758 953
427 4 2 2 1 36 975 160 1009
428 4 2 2 1 962 908 912 956
429 4 2 2 1 956 980 921 986
430 4 2 2 1 272 225 439 912
431 4 2 2 1 634 939 932 978
432 4 2 2 1 423 422 953 954
433 4 2 2 1 58 944 935 957
434 4 2 2 1 908 951 921 1009
435 4 2 2 1 438 237 575 967
436 4 2 2 1 696 941 329 972
437 4 2 2 1 463 1031 995 844
438 4 2 2 1 174 55 202 975
439 4 2 2 1 758 953 907 954
440 4 2 2 1 903 925 998 999
441 4 2 2 1 304 907 302 954
442 4 2 2 1 223 907 222 224
443 4 2 2 1 848 713 437 967
444 4 2 2 1 158 156 245 975
445 4 2 2 1 909 977 927 1003
446 4 2 2 1 919 983 980 985
447 4 2 2 1 909 727 965 987
448 4 2 2 1 967 961 1007 920
449 4 2 2 1 225 440 439 912
450 4 2 2 1 402 582 404 916
451 4 2 2 1 214 215 974 958
452 4 2 2 1 584 914 585 938
453 4 2 2 1 974 960 94 929
454 4 2 2 1 832 1056 1027 660
455 4 2 2 1 749 892 838 928
456 4 2 2 1 154 910 538 153
457 4 2 2 1 272 591 225 912
458 4 2 2 1 436 472 930 967
459 4 2 2 1 907 953 938 954
460 4 2 2 1 749 776 892 928
461 4 2 2 1 651 917 1008 564
462 4 2 2 1 340 917 341 988
463 4 2 2 1 776 58 892 935
464 4 2 2 1 588 949 481 581
465 4 2 2 1 141 744 647 930
466 4 2 2 1 89 41 39 974
467 4 2 2 1 365 989 364 363
468 4 2 2 1 143 906 4 678
469 4 2 2 1 910 945 907 949
470 4 2 2 1 1017 957 906 1004
471 4 2 2 1 588 978 932 992
472 4 2 2 1 980 983 908 985
473 4 2 2 1 588 949 581 977
474 4 2 2 1 41 929 39 974
475 4 2 2 1 588 978 992 586
476 4 2 2 1 962 956 912 990
477 4 2 2 1 801 916 863 958
478 4 2 2 1 903 998 955 999
479 4 2 2 1 495 941 972 494
480 4 2 2 1 931 1017 906 1000
481 4 2 2 1 634 395 480 932
482 4 2 2 1 301 748 667 991
483 4 2 2 1 1047 1019 662 1064
484 4 2 2 1 651 917 564 384
485 4 2 2 1 903 998 925 1002
486 4 2 2 1 14 15 971 1003
487 4 2 2 1 928 419 420 421
488 4 2 2 1 910 907 1041 949
489 4 2 2 1 905 961 930 973
490 4 2 2 1 906 918 993 1004
491 4 2 2 1 1056 188 1027 336
492 4 2 2 1 506 929 515 973
493 4 2 2 1 920 472 961 736
494 4 2 2 1 985 268 983 917
495 4 2 2 1 1004 28 926 5
496 4 2 2 1 992 1020 586 978
497 4 2 2 1 463 1031 844 883
498 4 2 2 1 282 950 748 991
499 4 2 2 1 924 903 950 1002
500 4 2 2 1 921 908 956 996
501 4 2 2 1 908 964 917 988
502 4 2 2 1 272 271 270 1008
503 4 2 2 1 626 728 524 987
504 4 2 2 1 575 103 712 937
505 4 2 2 1 317 125 126 961
506 4 2 2 1 523 879 852 987
507 4 2 2 1 972 770 975 54
508 4 2 2 1 43 985 632 451
509 4 2 2 1 1025 650 649 912
510 4 2 2 1 925 933 99 979
511 4 2 2 1 660 1027 1055 337
512 4 2 2 1 577 909 977 849
513 4 2 2 1 1034 529 930 528
514 4 2 2 1 916 933 958 974
515 4 2 2 1 439 429 765 962
516 4 2 2 1 514 94 757 960
517 4 2 2 1 974 960 929 904
518 4 2 2 1 523 727 879 987
519 4 2 2 1 623 838 892 944
520 4 2 2 1 19 853 842 947
521 4 2 2 1 51 963 955 1001
522 4 2 2 1 562 902 648 930
523 4 2 2 1 940 921 980 986
524 4 2 2 1 908 983 917 985
525 4 2 2 1 279 959 280 972
526 4 2 2 1 586 588 587 992
527 4 2 2 1 632 959 558 985
528 4 2 2 1 957 175 177 1004
529 4 2 2 1 693 1052 149 1053
530 4 2 2 1 779 876 781 939
531 4 2 2 1 1046 934 784 829
532 4 2 2 1 1034 127 930 961
533 4 2 2 1 1049 928 419 976
534 4 2 2 1 371 951 372 988
535 4 2 2 1 121 970 120 1010
536 4 2 2 1 823 942 909 1003
537 4 2 2 1 764 858 1037 618
538 4 2 2 1 745 649 886 912
539 4 2 2 1 264 266 265 934
540 4 2 2 1 645 1040 50 497
541 4 2 2 1 1005 923 989 932
542 4 2 2 1 286 1018 693 638
543 4 2 2 1 1005 976 935 915
544 4 2 2 1 282 706 950 981
545 4 2 2 1 1061 1044 997 976
546 4 2 2 1 25 938 664 966
547 4 2 2 1 422 423 699 954
548 4 2 2 1 836 501 594 978
549 4 2 2 1 1022 525 975 963
550 4 2 2 1 134 213 212 996
551 4 2 2 1 923 914 971 1014
552 4 2 2 1 305 992 501 978
553 4 2 2 1 974 960 904 991
554 4 2 2 1 961 1007 973 905
555 4 2 2 1 925 950 903 1002
556 4 2 2 1 122 850 124 927
557 4 2 2 1 928 979 944 999
558 4 2 2 1 150 340 152 917
559 4 2 2 1 906 5 1004 993
560 4 2 2 1 495 963 913 496
561 4 2 2 1 808 810 809 964
562 4 2 2 1 1037 858 764 762
563 4 2 2 1 1037 858 1050 618
564 4 2 2 1 322 923 637 321
565 4 2 2 1 812 404 739 916
566 4 2 2 1 933 935 790 979
567 4 2 2 1 823 31 934 942
568 4 2 2 1 45 943 215 958
569 4 2 2 1 926 993 918 1004
570 4 2 2 1 925 933 904 943
571 4 2 2 1 969 563 1010 970
572 4 2 2 1 342 344 343 960
573 4 2 2 1 148 1053 1052 596
574 4 2 2 1 58 892 935 944
575 4 2 2 1 928 999 911 1001
576 4 2 2 1 653 223 304 954
577 4 2 2 1 61 421 60 928
578 4 2 2 1 16 983 1008 962
579 4 2 2 1 911 928 944 999
580 4 2 2 1 949 977 932 1003
581 4 2 2 1 1030 947 548 794
582 4 2 2 1 86 891 423 953
583 4 2 2 1 172 189 1058 435
584 4 2 2 1 225 135 440 912
585 4 2 2 1 823 824 942 1003
586 4 2 2 1 218 740 220 924
587 4 2 2 1 908 913 980 985
588 4 2 2 1 1007 960 929 973
589 4 2 2 1 904 944 935 979
590 4 2 2 1 122 124 123 927
591 4 2 2 1 176 177 59 957
592 4 2 2 1 3 1 109 1004
593 4 2 2 1 282 950 706 747
594 4 2 2 1 331 937 332 1014
595 4 2 2 1 309 943 958 433
596 4 2 2 1 1050 858 1037 762
597 4 2 2 1 50 1040 645 1001
598 4 2 2 1 66 425 936 954
599 4 2 2 1 934 763 927 468
600 4 2 2 1 904 999 979 925
601 4 2 2 1 1022 55 975 204
602 4 2 2 1 350 917 959 806
603 4 2 2 1 571 1043 927 570
604 4 2 2 1 472 961 930 967
605 4 2 2 1 962 908 956 983
606 4 2 2 1 222 907 578 977
607 4 2 2 1 806 339 324 917
608 4 2 2 1 904 957 918 960
609 4 2 2 1 506 40 41 929
610 4 2 2 1 30 733 397 942
611 4 2 2 1 792 998 925 999
612 4 2 2 1 365 383 997 1005
613 4 2 2 1 242 922 243 924
614 4 2 2 1 937 968 914 1014
615 4 2 2 1 654 653 66 954
616 4 2 2 1 599 690 471 954
617 4 2 2 1 2 956 926 990
618 4 2 2 1 103 914 712 937
619 4 2 2 1 215 93 974 991
620 4 2 2 1 6 5 4 993
621 4 2 2 1 810 975 36 1009
622 4 2 2 1 623 838 944 994
623 4 2 2 1 481 932 480 949
624 4 2 2 1 367 953 684 954
625 4 2 2 1 1050 858 262 618
626 4 2 2 1 591 272 590 946
627 4 2 2 1 977 578 849 927
628 4 2 2 1 581 479 580 949
629 4 2 2 1 903 922 998 1002
630 4 2 2 1 519 790 935 979
631 4 2 2 1 28 335 3 926
632 4 2 2 1 321 637 58 923
633 4 2 2 1 831 1012 998 922
634 4 2 2 1 452 919 846 924
635 4 2 2 1 1028 851 994 61
636 4 2 2 1 414 902 562 930
637 4 2 2 1 596 835 148 976
638 4 2 2 1 1020 586 978 611
639 4 2 2 1 461 646 513 973
640 4 2 2 1 796 876 725 916
641 4 2 2 1 942 987 484 934
642 4 2 2 1 253 722 658 934
643 4 2 2 1 18 171 541 984
644 4 2 2 1 685 938 367 662
645 4 2 2 1 735 88 422 954
646 4 2 2 1 40 698 39 929
647 4 2 2 1 909 927 823 1003
648 4 2 2 1 908 913 964 1009
649 4 2 2 1 909 688 377 859
650 4 2 2 1 495 963 496 526
651 4 2 2 1 94 515 506 929
652 4 2 2 1 1 177 109 1004
653 4 2 2 1 685 938 662 188
654 4 2 2 1 1040 50 97 1052
655 4 2 2 1 964 975 770 810
656 4 2 2 1 925 979 478 999
657 4 2 2 1 995 966 968 201
658 4 2 2 1 272 270 590 946
659 4 2 2 1 664 25 155 938
660 4 2 2 1 735 470 88 954
661 4 2 2 1 39 41 40 929
662 4 2 2 1 133 11 886 912
663 4 2 2 1 674 196 7 948
664 4 2 2 1 531 1014 568 968
665 4 2 2 1 593 910 538 936
666 4 2 2 1 829 927 823 934
667 4 2 2 1 852 123 934 987
668 4 2 2 1 487 817 709 1010
669 4 2 2 1 262 858 1050 762
670 4 2 2 1 929 945 923 1007
671 4 2 2 1 208 1033 619 207
672 4 2 2 1 831 1012 922 726
673 4 2 2 1 355 625 354 987
674 4 2 2 1 638 1044 1018 149
675 4 2 2 1 55 56 768 972
676 4 2 2 1 757 960 94 991
677 4 2 2 1 967 1007 961 905
678 4 2 2 1 979 835 928 976
679 4 2 2 1 1013 853 854 947
680 4 2 2 1 946 151 917 1008
681 4 2 2 1 148 1053 976 149
682 4 2 2 1 918 668 667 960
683 4 2 2 1 796 916 725 933
684 4 2 2 1 957 986 944 918
685 4 2 2 1 367 154 155 938
686 4 2 2 1 467 398 209 983
687 4 2 2 1 467 209 919 983
688 4 2 2 1 797 391 924 981
689 4 2 2 1 1005 987 992 382
690 4 2 2 1 365 864 519 976
691 4 2 2 1 911 913 963 955
692 4 2 2 1 396 942 733 997
693 4 2 2 1 941 980 913 985
694 4 2 2 1 420 421 61 928
695 4 2 2 1 687 284 215 943
696 4 2 2 1 215 974 943 991
697 4 2 2 1 301 667 960 991
698 4 2 2 1 903 980 941 985
699 4 2 2 1 606 932 978 634
700 4 2 2 1 708 211 559 919
701 4 2 2 1 584 825 567 966
702 4 2 2 1 66 936 67 954
703 4 2 2 1 638 1061 1018 1044
704 4 2 2 1 331 968 937 1014
705 4 2 2 1 340 482 152 946
706 4 2 2 1 686 153 910 938
707 4 2 2 1 402 403 552 916
708 4 2 2 1 967 1000 914 1007
709 4 2 2 1 2 926 335 990
710 4 2 2 1 494 955 941 982
711 4 2 2 1 94 929 41 974
712 4 2 2 1 223 907 224 304
713 4 2 2 1 112 916 111 958
714 4 2 2 1 658 722 701 934
715 4 2 2 1 940 963 62 994
716 4 2 2 1 957 986 918 1004
717 4 2 2 1 976 1053 148 596
718 4 2 2 1 305 992 978 1020
719 4 2 2 1 816 874 969 1010
720 4 2 2 1 243 452 128 924
721 4 2 2 1 977 849 578 577
722 4 2 2 1 380 311 1000 1014
723 4 2 2 1 574 573 572 949
724 4 2 2 1 328 329 941 972
725 4 2 2 1 852 879 123 987
726 4 2 2 1 964 975 810 1009
727 4 2 2 1 146 1054 540 139
728 4 2 2 1 25 663 27 966
729 4 2 2 1 606 932 634 480
730 4 2 2 1 218 924 1002 1012
731 4 2 2 1 588 909 688 965
732 4 2 2 1 951 988 833 1009
733 4 2 2 1 451 467 452 919
734 4 2 2 1 371 483 877 988
735 4 2 2 1 214 974 215 93
736 4 2 2 1 904 933 925 979
737 4 2 2 1 404 582 739 916
738 4 2 2 1 948 671 995 937
739 4 2 2 1 367 684 366 954
740 4 2 2 1 321 935 776 976
741 4 2 2 1 1007 960 973 905
742 4 2 2 1 436 472 529 930
743 4 2 2 1 550 306 549 992
744 4 2 2 1 11 912 134 996
745 4 2 2 1 836 594 939 978
746 4 2 2 1 923 931 914 1014
747 4 2 2 1 93 284 95 991
748 4 2 2 1 946 983 962 1008
749 4 2 2 1 651 917 384 151
750 4 2 2 1 467 268 398 983
751 4 2 2 1 1052 1040 50 1001
752 4 2 2 1 504 458 362 917
753 4 2 2 1 47 374 137 916
754 4 2 2 1 815 793 870 972
755 4 2 2 1 619 1033 1050 207
756 4 2 2 1 496 955 51 963
757 4 2 2 1 699 423 759 954
758 4 2 2 1 473 1034 961 85
759 4 2 2 1 976 1053 1018 149
760 4 2 2 1 705 321 776 976
761 4 2 2 1 1025 650 912 962
762 4 2 2 1 764 569 1021 798
763 4 2 2 1 215 958 943 974
764 4 2 2 1 458 504 298 917
765 4 2 2 1 282 943 283 981
766 4 2 2 1 1013 816 969 1010
767 4 2 2 1 284 283 943 687
768 4 2 2 1 188 15 938 584
769 4 2 2 1 904 943 933 974
770 4 2 2 1 909 992 932 1005
771 4 2 2 1 1034 127 961 238
772 4 2 2 1 422 699 735 954
773 4 2 2 1 467 983 919 985
774 4 2 2 1 587 588 688 965
775 4 2 2 1 468 293 123 934
776 4 2 2 1 298 297 299 917
777 4 2 2 1 49 478 48 979
778 4 2 2 1 957 986 1004 177
779 4 2 2 1 885 196 674 948
780 4 2 2 1 955 963 911 1001
781 4 2 2 1 669 696 329 972
782 4 2 2 1 316 719 951 996
783 4 2 2 1 284 943 282 991
784 4 2 2 1 127 973 461 930
785 4 2 2 1 859 909 688 977
786 4 2 2 1 831 1012 726 616
787 4 2 2 1 800 292 434 934
788 4 2 2 1 979 835 976 519
789 4 2 2 1 2 499 1 986
790 4 2 2 1 941 815 328 972
791 4 2 2 1 504 917 362 959
792 4 2 2 1 551 550 549 992
793 4 2 2 1 951 952 921 1009
794 4 2 2 1 875 915 862 71
795 4 2 2 1 925 430 180 1002
796 4 2 2 1 588 978 586 481
797 4 2 2 1 38 810 770 975
798 4 2 2 1 1022 55 204 768
799 4 2 2 1 43 329 696 941
800 4 2 2 1 795 866 796 933
801 4 2 2 1 754 971 900 1014
802 4 2 2 1 784 116 264 934
803 4 2 2 1 911 944 928 994
804 4 2 2 1 706 924 919 950
805 4 2 2 1 906 5 993 4
806 4 2 2 1 210 211 708 919
807 4 2 2 1 439 272 912 962
808 4 2 2 1 809 964 810 1009
809 4 2 2 1 184 921 368 940
810 4 2 2 1 859 347 577 977
811 4 2 2 1 712 848 575 967
812 4 2 2 1 1018 1053 976 596
813 4 2 2 1 79 963 51 1001
814 4 2 2 1 941 328 815 682
815 4 2 2 1 596 835 976 928
816 4 2 2 1 617 998 616 1012
817 4 2 2 1 1013 816 1010 947
818 4 2 2 1 11 133 134 912
819 4 2 2 1 863 916 796 933
820 4 2 2 1 915 705 321 323
821 4 2 2 1 400 196 399 948
822 4 2 2 1 585 900 839 971
823 4 2 2 1 1031 201 948 995
824 4 2 2 1 904 999 925 903
825 4 2 2 1 721 722 253 934
826 4 2 2 1 908 980 913 1009
827 4 2 2 1 272 946 912 962
828 4 2 2 1 268 983 917 1008
829 4 2 2 1 797 924 706 981
830 4 2 2 1 6 375 285 926
831 4 2 2 1 814 1039 1026 873
832 4 2 2 1 1017 957 1004 566
833 4 2 2 1 1004 28 5 29
834 4 2 2 1 222 578 577 977
835 4 2 2 1 824 875 31 942
836 4 2 2 1 564 459 458 917
837 4 2 2 1 86 422 88 953
838 4 2 2 1 566 957 57 931
839 4 2 2 1 852 292 800 934
840 4 2 2 1 1022 525 963 526
841 4 2 2 1 1038 604 947 936
842 4 2 2 1 379 931 1000 1017
843 4 2 2 1 909 727 987 879
844 4 2 2 1 906 5 4 677
845 4 2 2 1 617 359 998 1012
846 4 2 2 1 892 512 623 944
847 4 2 2 1 146 540 1054 441
848 4 2 2 1 125 461 973 646
849 4 2 2 1 592 722 434 934
850 4 2 2 1 1025 429 650 962
851 4 2 2 1 823 824 31 942
852 4 2 2 1 905 931 906 1000
853 4 2 2 1 909 1003 942 1005
854 4 2 2 1 969 563 970 318
855 4 2 2 1 973 334 761 1006
856 4 2 2 1 907 977 949 1003
857 4 2 2 1 961 139 540 1054
858 4 2 2 1 501 550 503 992
859 4 2 2 1 374 958 214 974
860 4 2 2 1 589 664 938 966
861 4 2 2 1 1024 1045 105 970
862 4 2 2 1 501 932 978 992
863 4 2 2 1 425 302 702 954
864 4 2 2 1 158 896 62 963
865 4 2 2 1 270 767 590 946
866 4 2 2 1 947 1030 853 842
867 4 2 2 1 282 283 943 284
868 4 2 2 1 204 202 55 975
869 4 2 2 1 688 909 588 977
870 4 2 2 1 451 467 919 985
871 4 2 2 1 111 916 801 958
872 4 2 2 1 725 933 916 989
873 4 2 2 1 1005 987 382 942
874 4 2 2 1 496 941 494 955
875 4 2 2 1 796 866 863 933
876 4 2 2 1 158 517 157 940
877 4 2 2 1 502 992 901 1005
878 4 2 2 1 671 670 416 937
879 4 2 2 1 113 2 335 990
880 4 2 2 1 220 981 180 1002
881 4 2 2 1 727 728 965 987
882 4 2 2 1 763 829 784 934
883 4 2 2 1 1004 28 29 3
884 4 2 2 1 686 153 593 910
885 4 2 2 1 943 283 1032 687
886 4 2 2 1 345 347 346 977
887 4 2 2 1 430 925 192 998
888 4 2 2 1 299 339 150 917
889 4 2 2 1 29 275 5 1004
890 4 2 2 1 683 580 479 949
891 4 2 2 1 433 801 863 958
892 4 2 2 1 184 368 389 940
893 4 2 2 1 961 1054 540 441
894 4 2 2 1 836 779 880 939
895 4 2 2 1 853 1030 947 1010
896 4 2 2 1 88 953 422 954
897 4 2 2 1 909 932 977 1003
898 4 2 2 1 330 870 715 972
899 4 2 2 1 525 203 204 975
900 4 2 2 1 1066 572 1013 949
901 4 2 2 1 923 1005 1003 932
902 4 2 2 1 851 62 963 994
903 4 2 2 1 905 1000 967 1007
904 4 2 2 1 266 264 116 934
905 4 2 2 1 942 1003 915 1005
906 4 2 2 1 47 916 739 958
907 4 2 2 1 869 1014 837 971
908 4 2 2 1 946 962 272 1008
909 4 2 2 1 968 567 966 730
910 4 2 2 1 907 949 945 1003
911 4 2 2 1 686 894 153 938
912 4 2 2 1 206 1023 1033 65
913 4 2 2 1 686 910 816 969
914 4 2 2 1 374 137 974 39
915 4 2 2 1 62 61 60 994
916 4 2 2 1 470 684 88 954
917 4 2 2 1 31 30 934 942
918 4 2 2 1 448 595 933 943
919 4 2 2 1 525 233 203 975
920 4 2 2 1 690 936 538 954
921 4 2 2 1 1022 525 526 204
922 4 2 2 1 171 918 926 993
923 4 2 2 1 837 57 923 931
924 4 2 2 1 392 129 130 981
925 4 2 2 1 831 726 922 982
926 4 2 2 1 418 46 310 958
927 4 2 2 1 904 935 933 979
928 4 2 2 1 974 137 374 916
929 4 2 2 1 148 835 147 976
930 4 2 2 1 953 977 578 907
931 4 2 2 1 127 973 930 961
932 4 2 2 1 1005 987 942 909
933 4 2 2 1 932 945 1003 923
934 4 2 2 1 957 986 177 944
935 4 2 2 1 161 36 160 1009
936 4 2 2 1 956 983 919 984
937 4 2 2 1 554 272 962 1008
938 4 2 2 1 693 1052 1053 96
939 4 2 2 1 183 921 956 996
940 4 2 2 1 911 963 940 994
941 4 2 2 1 948 966 103 937
942 4 2 2 1 82 742 81 951
943 4 2 2 1 80 212 308 951
944 4 2 2 1 914 931 923 1007
945 4 2 2 1 776 321 58 935
946 4 2 2 1 737 686 816 969
947 4 2 2 1 444 1011 648 930
948 4 2 2 1 457 456 955 999
949 4 2 2 1 974 137 929 39
950 4 2 2 1 305 307 1020 535
951 4 2 2 1 1029 266 934 701
952 4 2 2 1 833 988 964 1009
953 4 2 2 1 845 1039 711 814
954 4 2 2 1 511 971 510 1014
955 4 2 2 1 478 979 49 999
956 4 2 2 1 31 875 30 942
957 4 2 2 1 992 549 624 965
958 4 2 2 1 443 930 358 1011
959 4 2 2 1 1005 923 915 935
960 4 2 2 1 1003 953 927 173
961 4 2 2 1 705 976 783 997
962 4 2 2 1 566 957 1004 175
963 4 2 2 1 942 355 484 987
964 4 2 2 1 826 956 990 996
965 4 2 2 1 967 472 713 437
966 4 2 2 1 928 976 935 979
967 4 2 2 1 374 916 958 974
968 4 2 2 1 915 997 942 1005
969 4 2 2 1 115 335 285 990
970 4 2 2 1 275 906 5 1004
971 4 2 2 1 763 293 468 934
972 4 2 2 1 837 58 637 923
973 4 2 2 1 699 759 388 954
974 4 2 2 1 484 254 942 934
975 4 2 2 1 831 1012 616 998
976 4 2 2 1 58 837 57 923
977 4 2 2 1 221 790 99 933
978 4 2 2 1 595 433 863 958
979 4 2 2 1 415 357 414 930
980 4 2 2 1 62 851 61 994
981 4 2 2 1 306 501 992 550
982 4 2 2 1 431 220 180 1002
983 4 2 2 1 595 933 943 958
984 4 2 2 1 663 25 664 966
985 4 2 2 1 483 372 946 988
986 4 2 2 1 340 483 946 988
987 4 2 2 1 183 956 921 986
988 4 2 2 1 469 699 388 954
989 4 2 2 1 725 898 795 933
990 4 2 2 1 701 217 658 934
991 4 2 2 1 1005 987 909 992
992 4 2 2 1 682 815 941 982
993 4 2 2 1 1024 105 1045 146
994 4 2 2 1 620 1043 1021 927
995 4 2 2 1 761 506 515 973
996 4 2 2 1 436 142 438 967
997 4 2 2 1 367 366 154 954
998 4 2 2 1 272 554 271 1008
999 4 2 2 1 411 587 965 992
1000 4 2 2 1 929 137 974 916
1001 4 2 2 1 529 930 472 961
1002 4 2 2 1 942 782 733 997
1003 4 2 2 1 328 330 329 972
1004 4 2 2 1 6 771 375 926
1005 4 2 2 1 929 137 136 39
1006 4 2 2 1 276 1017 275 1004
1007 4 2 2 1 1049 776 976 705
1008 4 2 2 1 957 175 57 176
1009 4 2 2 1 1032 283 943 981
1010 4 2 2 1 5 993 926 1004
1011 4 2 2 1 747 748 282 950
1012 4 2 2 1 982 998 922 831
1013 4 2 2 1 682 941 681 982
1014 4 2 2 1 1032 283 673 687
1015 4 2 2 1 158 62 940 963
1016 4 2 2 1 876 916 781 939
1017 4 2 2 1 833 1009 741 951
1018 4 2 2 1 591 590 482 946
1019 4 2 2 1 9 8 7 948
1020 4 2 2 1 452 209 846 919
1021 4 2 2 1 345 577 347 977
1022 4 2 2 1 367 685 684 953
1023 4 2 2 1 783 705 803 976
1024 4 2 2 1 942 733 782 30
1025 4 2 2 1 442 951 742 952
1026 4 2 2 1 955 999 456 1001
1027 4 2 2 1 1034 529 528 473
1028 4 2 2 1 136 137 929 916
1029 4 2 2 1 673 283 1032 981
1030 4 2 2 1 393 1065 86 87
1031 4 2 2 1 383 1005 382 997
1032 4 2 2 1 708 707 706 919
1033 4 2 2 1 782 942 30 875
1034 4 2 2 1 593 153 538 910
1035 4 2 2 1 826 956 996 183
1036 4 2 2 1 111 630 801 916
1037 4 2 2 1 853 1030 709 842
1038 4 2 2 1 662 1027 1055 660
1039 4 2 2 1 929 974 904 989
1040 4 2 2 1 956 926 962 984
1041 4 2 2 1 512 58 59 957
1042 4 2 2 1 80 308 82 951
1043 4 2 2 1 1015 263 1023 64
1044 4 2 2 1 1061 783 976 997
1045 4 2 2 1 350 964 806 959
1046 4 2 2 1 777 869 511 1014
1047 4 2 2 1 931 914 1000 1007
1048 4 2 2 1 706 919 707 950
1049 4 2 2 1 961 139 1054 85
1050 4 2 2 1 103 575 576 937
1051 4 2 2 1 904 974 933 989
1052 4 2 2 1 504 297 298 917
1053 4 2 2 1 407 406 19 947
1054 4 2 2 1 816 874 737 969
1055 4 2 2 1 774 833 741 951
1056 4 2 2 1 218 924 220 1002
1057 4 2 2 1 833 500 964 988
1058 4 2 2 1 912 990 956 996
1059 4 2 2 1 815 941 494 972
1060 4 2 2 1 909 932 1003 1005
1061 4 2 2 1 1018 1061 976 1044
1062 4 2 2 1 495 941 494 496
1063 4 2 2 1 973 334 125 646
1064 4 2 2 1 904 943 974 991
1065 4 2 2 1 933 974 916 989
1066 4 2 2 1 210 209 211 919
1067 4 2 2 1 973 334 646 761
1068 4 2 2 1 6 926 5 993
1069 4 2 2 1 902 444 648 930
1070 4 2 2 1 901 992 382 1005
1071 4 2 2 1 317 334 125 961
1072 4 2 2 1 801 630 802 916
1073 4 2 2 1 602 983 398 1008
1074 4 2 2 1 869 971 511 1014
1075 4 2 2 1 536 676 104 970
1076 4 2 2 1 933 935 904 989
1077 4 2 2 1 316 951 450 996
1078 4 2 2 1 452 467 209 919
1079 4 2 2 1 296 420 596 976
1080 4 2 2 1 360 617 359 998
1081 4 2 2 1 1063 1064 1047 521
1082 4 2 2 1 151 917 384 150
1083 4 2 2 1 109 276 29 1004
1084 4 2 2 1 457 49 456 999
1085 4 2 2 1 969 120 737 970
1086 4 2 2 1 662 1027 685 188
1087 4 2 2 1 226 912 591 946
1088 4 2 2 1 99 100 221 933
1089 4 2 2 1 79 496 51 963
1090 4 2 2 1 948 103 966 101
1091 4 2 2 1 439 765 556 962
1092 4 2 2 1 143 490 993 1011
1093 4 2 2 1 251 277 250 993
1094 4 2 2 1 626 965 728 987
1095 4 2 2 1 833 951 774 988
1096 4 2 2 1 705 783 782 997
1097 4 2 2 1 685 1027 662 660
1098 4 2 2 1 62 518 940 994
1099 4 2 2 1 49 456 999 1001
1100 4 2 2 1 573 969 258 1013
1101 4 2 2 1 519 935 976 979
1102 4 2 2 1 1052 596 1053 96
1103 4 2 2 1 685 1027 832 188
1104 4 2 2 1 261 435 263 262
1105 4 2 2 1 666 541 171 918
1106 4 2 2 1 836 594 779 939
1107 4 2 2 1 1020 306 307 305
1108 4 2 2 1 903 924 922 1002
1109 4 2 2 1 648 560 647 930
1110 4 2 2 1 671 937 416 995
1111 4 2 2 1 2 956 183 986
1112 4 2 2 1 360 616 617 998
1113 4 2 2 1 523 524 727 987
1114 4 2 2 1 624 965 626 987
1115 4 2 2 1 189 15 13 953
1116 4 2 2 1 1045 441 146 1054
1117 4 2 2 1 926 956 918 984
1118 4 2 2 1 782 942 875 915
1119 4 2 2 1 985 268 267 467
1120 4 2 2 1 457 955 998 999
1121 4 2 2 1 1003 953 173 13
1122 4 2 2 1 735 699 469 954
1123 4 2 2 1 624 965 987 992
1124 4 2 2 1 863 802 796 916
1125 4 2 2 1 245 896 158 963
1126 4 2 2 1 730 584 567 966
1127 4 2 2 1 734 737 120 970
1128 4 2 2 1 448 432 595 943
1129 4 2 2 1 127 973 961 125
1130 4 2 2 1 1018 596 296 286
1131 4 2 2 1 990 649 745 912
1132 4 2 2 1 154 366 471 954
1133 4 2 2 1 614 622 940 994
1134 4 2 2 1 973 961 334 1006
1135 4 2 2 1 426 579 425 936
1136 4 2 2 1 936 1066 1013 910
1137 4 2 2 1 444 930 443 1011
1138 4 2 2 1 946 151 767 152
1139 4 2 2 1 973 334 961 125
1140 4 2 2 1 202 247 174 975
1141 4 2 2 1 832 1027 685 660
1142 4 2 2 1 330 328 870 972
1143 4 2 2 1 859 688 347 977
1144 4 2 2 1 495 793 494 972
1145 4 2 2 1 990 745 649 115
1146 4 2 2 1 589 663 664 966
1147 4 2 2 1 215 943 284 991
1148 4 2 2 1 99 933 790 979
1149 4 2 2 1 66 302 425 954
1150 4 2 2 1 86 1065 953 87
1151 4 2 2 1 350 917 806 324
1152 4 2 2 1 626 828 752 965
1153 4 2 2 1 459 917 564 1008
1154 4 2 2 1 596 420 61 928
1155 4 2 2 1 151 917 150 152
1156 4 2 2 1 836 880 778 939
1157 4 2 2 1 334 961 317 1006
1158 4 2 2 1 581 481 479 949
1159 4 2 2 1 388 600 469 954
1160 4 2 2 1 174 247 38 975
1161 4 2 2 1 845 1039 814 948
1162 4 2 2 1 969 120 970 1010
1163 4 2 2 1 815 494 941 982
1164 4 2 2 1 809 810 36 1009
1165 4 2 2 1 305 992 1020 306
1166 4 2 2 1 777 968 743 1014
1167 4 2 2 1 948 671 937 9
1168 4 2 2 1 478 49 477 999
1169 4 2 2 1 330 612 669 972
1170 4 2 2 1 690 538 471 954
1171 4 2 2 1 990 826 996 114
1172 4 2 2 1 219 220 431 1002
1173 4 2 2 1 777 743 869 1014
1174 4 2 2 1 920 969 737 970
1175 4 2 2 1 638 286 1061 288
1176 4 2 2 1 286 693 1053 96
1177 4 2 2 1 942 355 987 382
1178 4 2 2 1 301 667 668 960
1179 4 2 2 1 674 948 8 995
1180 4 2 2 1 942 355 382 804
1181 4 2 2 1 170 290 539 962
1182 4 2 2 1 684 953 88 954
1183 4 2 2 1 248 300 465 1046
1184 4 2 2 1 914 931 1000 1014
1185 4 2 2 1 917 983 946 1008
1186 4 2 2 1 810 38 36 975
1187 4 2 2 1 1059 466 1029 934
1188 4 2 2 1 29 3 109 1004
1189 4 2 2 1 508 676 537 970
1190 4 2 2 1 741 952 951 1009
1191 4 2 2 1 905 931 1000 1007
1192 4 2 2 1 978 535 1020 611
1193 4 2 2 1 742 82 741 951
1194 4 2 2 1 330 669 329 972
1195 4 2 2 1 1031 948 399 885
1196 4 2 2 1 87 86 88 953
1197 4 2 2 1 150 339 340 917
1198 4 2 2 1 812 811 404 916
1199 4 2 2 1 346 347 688 977
1200 4 2 2 1 1042 598 788 476
1201 4 2 2 1 793 815 494 972
1202 4 2 2 1 32 829 31 934
1203 4 2 2 1 261 262 799 927
1204 4 2 2 1 470 735 469 954
1205 4 2 2 1 992 1020 1057 411
1206 4 2 2 1 816 910 593 947
1207 4 2 2 1 724 1025 884 926
1208 4 2 2 1 510 971 754 1014
1209 4 2 2 1 833 741 1009 775
1210 4 2 2 1 837 923 971 1014
1211 4 2 2 1 1015 953 891 1065
1212 4 2 2 1 47 137 899 916
1213 4 2 2 1 925 180 430 448
1214 4 2 2 1 336 337 1027 338
1215 4 2 2 1 1031 201 995 200
1216 4 2 2 1 1063 1047 1019 825
1217 4 2 2 1 681 941 43 982
1218 4 2 2 1 1031 200 995 755
1219 4 2 2 1 922 1002 924 1012
1220 4 2 2 1 1013 853 947 1010
1221 4 2 2 1 725 795 796 933
1222 4 2 2 1 896 851 62 963
1223 4 2 2 1 172 13 173 953
1224 4 2 2 1 100 888 795 933
1225 4 2 2 1 44 922 726 982
1226 4 2 2 1 575 848 438 967
1227 4 2 2 1 693 1052 96 97
1228 4 2 2 1 502 901 992 503
1229 4 2 2 1 75 921 940 986
1230 4 2 2 1 218 220 219 1002
1231 4 2 2 1 992 1057 1020 306
1232 4 2 2 1 403 552 916 939
1233 4 2 2 1 307 1057 306 1020
1234 4 2 2 1 390 391 797 981
1235 4 2 2 1 382 624 987 992
1236 4 2 2 1 215 214 45 958
1237 4 2 2 1 923 1003 1005 915
1238 4 2 2 1 745 886 11 912
1239 4 2 2 1 591 226 225 912
1240 4 2 2 1 281 964 350 959
1241 4 2 2 1 799 262 858 927
1242 4 2 2 1 276 1017 1004 566
1243 4 2 2 1 809 833 500 964
1244 4 2 2 1 1009 833 809 964
1245 4 2 2 1 961 970 317 1006
1246 4 2 2 1 102 533 101 948
1247 4 2 2 1 89 94 41 974
1248 4 2 2 1 604 936 659 947
1249 4 2 2 1 78 454 79 1001
1250 4 2 2 1 374 916 47 958
1251 4 2 2 1 948 671 9 8
1252 4 2 2 1 1060 27 814 825
1253 4 2 2 1 513 646 515 973
1254 4 2 2 1 433 943 958 595
1255 4 2 2 1 220 860 182 981
1256 4 2 2 1 833 167 500 988
1257 4 2 2 1 675 508 319 970
1258 4 2 2 1 597 162 778 939
1259 4 2 2 1 276 275 29 1004
1260 4 2 2 1 664 155 153 938
1261 4 2 2 1 1065 1036 598 1058
1262 4 2 2 1 445 144 444 1011
1263 4 2 2 1 635 54 770 972
1264 4 2 2 1 925 998 430 1002
1265 4 2 2 1 324 339 299 917
1266 4 2 2 1 153 155 154 938
1267 4 2 2 1 202 246 247 975
1268 4 2 2 1 268 398 983 1008
1269 4 2 2 1 584 585 15 938
1270 4 2 2 1 457 792 477 999
1271 4 2 2 1 518 158 62 940
1272 4 2 2 1 1058 1065 953 172
1273 4 2 2 1 350 917 324 297
1274 4 2 2 1 602 603 16 1008
1275 4 2 2 1 920 472 736 713
1276 4 2 2 1 763 570 571 927
1277 4 2 2 1 853 406 854 947
1278 4 2 2 1 880 597 778 939
1279 4 2 2 1 317 961 441 970
1280 4 2 2 1 299 297 324 917
1281 4 2 2 1 238 126 127 961
1282 4 2 2 1 943 310 958 418
1283 4 2 2 1 94 974 93 991
1284 4 2 2 1 461 462 127 930
1285 4 2 2 1 909 987 965 992
1286 4 2 2 1 77 76 75 940
1287 4 2 2 1 512 944 58 957
1288 4 2 2 1 780 597 880 939
1289 4 2 2 1 992 624 549 551
1290 4 2 2 1 368 184 370 921
1291 4 2 2 1 17 919 209 983
1292 4 2 2 1 651 917 151 1008
1293 4 2 2 1 2 183 75 986
1294 4 2 2 1 143 144 490 1011
1295 4 2 2 1 489 952 741 1009
1296 4 2 2 1 646 761 515 973
1297 4 2 2 1 380 869 743 1014
1298 4 2 2 1 317 126 441 961
1299 4 2 2 1 816 593 910 686
1300 4 2 2 1 125 127 126 961
1301 4 2 2 1 864 147 835 976
1302 4 2 2 1 745 114 115 990
1303 4 2 2 1 880 779 780 939
1304 4 2 2 1 731 695 968 995
1305 4 2 2 1 398 17 209 983
1306 4 2 2 1 478 99 790 979
1307 4 2 2 1 992 1057 306 549
1308 4 2 2 1 490 445 700 1011
1309 4 2 2 1 863 801 802 916
1310 4 2 2 1 372 912 226 946
1311 4 2 2 1 37 247 246 975
1312 4 2 2 1 968 567 730 568
1313 4 2 2 1 626 752 728 965
1314 4 2 2 1 774 741 82 951
1315 4 2 2 1 782 783 733 997
1316 4 2 2 1 525 526 453 963
1317 4 2 2 1 259 969 563 1010
1318 4 2 2 1 603 962 16 1008
1319 4 2 2 1 259 969 1010 1013
1320 4 2 2 1 812 739 899 916
1321 4 2 2 1 533 845 101 948
1322 4 2 2 1 572 652 574 949
1323 4 2 2 1 319 334 317 1006
1324 4 2 2 1 1031 674 995 948
1325 4 2 2 1 436 438 437 967
1326 4 2 2 1 918 984 171 926
1327 4 2 2 1 957 175 176 177
1328 4 2 2 1 663 845 27 966
1329 4 2 2 1 652 395 574 949
1330 4 2 2 1 340 483 482 946
1331 4 2 2 1 1022 55 768 972
1332 4 2 2 1 653 304 302 954
1333 4 2 2 1 613 614 940 994
1334 4 2 2 1 312 332 1000 1014
1335 4 2 2 1 481 480 479 949
1336 4 2 2 1 992 1057 965 411
1337 4 2 2 1 652 479 480 949
1338 4 2 2 1 890 1043 569 1021
1339 4 2 2 1 335 28 285 926
1340 4 2 2 1 525 453 408 963
1341 4 2 2 1 1061 783 997 287
1342 4 2 2 1 768 56 273 972
1343 4 2 2 1 666 358 668 1011
1344 4 2 2 1 853 19 406 947
1345 4 2 2 1 984 950 707 919
1346 4 2 2 1 867 1002 359 1012
1347 4 2 2 1 366 684 470 954
1348 4 2 2 1 218 1002 219 1012
1349 4 2 2 1 1038 604 936 240
1350 4 2 2 1 781 692 780 939
1351 4 2 2 1 519 864 835 976
1352 4 2 2 1 379 931 1017 566
1353 4 2 2 1 465 829 32 934
1354 4 2 2 1 754 900 568 1014
1355 4 2 2 1 162 778 939 978
1356 4 2 2 1 932 992 502 1005
1357 4 2 2 1 747 856 748 950
1358 4 2 2 1 947 1030 842 21
1359 4 2 2 1 824 13 862 1003
1360 4 2 2 1 558 632 557 959
1361 4 2 2 1 709 1030 853 1010
1362 4 2 2 1 1046 934 829 465
1363 4 2 2 1 842 1030 817 21
1364 4 2 2 1 45 943 958 418
1365 4 2 2 1 761 506 973 1006
1366 4 2 2 1 488 1009 952 489
1367 4 2 2 1 350 964 857 657
1368 4 2 2 1 871 993 926 771
1369 4 2 2 1 806 165 341 964
1370 4 2 2 1 407 19 20 947
1371 4 2 2 1 869 837 1014 380
1372 4 2 2 1 46 418 45 958
1373 4 2 2 1 943 310 418 229
1374 4 2 2 1 586 587 411 992
1375 4 2 2 1 709 1030 817 842
1376 4 2 2 1 479 652 683 949
1377 4 2 2 1 689 410 411 965
1378 4 2 2 1 948 671 8 995
1379 4 2 2 1 259 868 487 1010
1380 4 2 2 1 656 808 500 964
1381 4 2 2 1 319 317 970 1006
1382 4 2 2 1 781 780 779 939
1383 4 2 2 1 726 605 616 1012
1384 4 2 2 1 850 849 124 927
1385 4 2 2 1 256 968 695 995
1386 4 2 2 1 965 1057 992 549
1387 4 2 2 1 282 797 706 981
1388 4 2 2 1 145 1011 143 906
1389 4 2 2 1 330 715 612 972
1390 4 2 2 1 817 1030 485 21
1391 4 2 2 1 837 931 923 1014
1392 4 2 2 1 485 1030 817 1010
1393 4 2 2 1 635 56 54 972
1394 4 2 2 1 456 455 457 955
1395 4 2 2 1 438 848 437 967
1396 4 2 2 1 480 395 652 949
1397 4 2 2 1 524 625 626 987
1398 4 2 2 1 733 783 287 997
1399 4 2 2 1 635 770 279 972
1400 4 2 2 1 970 1054 961 441
1401 4 2 2 1 919 924 903 950
1402 4 2 2 1 383 365 363 1005
1403 4 2 2 1 85 473 84 961
1404 4 2 2 1 1045 441 1054 970
1405 4 2 2 1 946 270 151 1008
1406 4 2 2 1 9 670 671 937
1407 4 2 2 1 620 1043 927 300
1408 4 2 2 1 625 624 626 987
1409 4 2 2 1 419 420 296 976
1410 4 2 2 1 995 966 201 948
1411 4 2 2 1 259 969 258 260
1412 4 2 2 1 143 993 906 1011
1413 4 2 2 1 961 1007 920 1006
1414 4 2 2 1 678 145 143 906
1415 4 2 2 1 6 771 926 993
1416 4 2 2 1 489 741 775 1009
1417 4 2 2 1 1011 918 668 666
1418 4 2 2 1 736 474 472 961
1419 4 2 2 1 811 634 720 939
1420 4 2 2 1 970 1054 1045 83
1421 4 2 2 1 14 862 13 1003
1422 4 2 2 1 837 923 637 971
1423 4 2 2 1 162 535 778 978
1424 4 2 2 1 466 465 32 934
1425 4 2 2 1 499 76 498 986
1426 4 2 2 1 817 1030 709 1010
1427 4 2 2 1 215 284 93 991
1428 4 2 2 1 307 306 1057 549
1429 4 2 2 1 728 753 727 965
1430 4 2 2 1 683 652 572 949
1431 4 2 2 1 495 941 496 913
1432 4 2 2 1 606 607 610 978
1433 4 2 2 1 152 482 767 946
1434 4 2 2 1 808 809 500 964
1435 4 2 2 1 184 75 921 940
1436 4 2 2 1 871 993 771 249
1437 4 2 2 1 95 94 93 991
1438 4 2 2 1 1003 953 13 15
1439 4 2 2 1 542 960 757 991
1440 4 2 2 1 700 251 490 1011
1441 4 2 2 1 82 308 371 951
1442 4 2 2 1 106 1026 873 108
1443 4 2 2 1 388 759 387 954
1444 4 2 2 1 1009 809 833 775
1445 4 2 2 1 882 379 312 1000
1446 4 2 2 1 177 499 498 986
1447 4 2 2 1 47 899 739 916
1448 4 2 2 1 388 386 600 954
1449 4 2 2 1 951 908 988 1009
1450 4 2 2 1 629 828 549 965
1451 4 2 2 1 505 1026 534 1039
1452 4 2 2 1 17 398 602 983
1453 4 2 2 1 61 1028 596 928
1454 4 2 2 1 408 233 525 963
1455 4 2 2 1 341 964 165 988
1456 4 2 2 1 75 940 76 986
1457 4 2 2 1 390 283 673 981
1458 4 2 2 1 924 981 220 1002
1459 4 2 2 1 924 642 981 129
1460 4 2 2 1 309 310 110 958
1461 4 2 2 1 1029 216 217 934
1462 4 2 2 1 184 77 75 940
1463 4 2 2 1 409 851 896 963
1464 4 2 2 1 524 354 625 987
1465 4 2 2 1 295 914 103 966
1466 4 2 2 1 836 939 778 978
1467 4 2 2 1 924 642 129 641
1468 4 2 2 1 311 312 1000 1014
1469 4 2 2 1 457 998 792 999
1470 4 2 2 1 500 165 964 988
1471 4 2 2 1 101 948 845 966
1472 4 2 2 1 566 837 931 57
1473 4 2 2 1 791 417 442 952
1474 4 2 2 1 811 403 916 939
1475 4 2 2 1 57 176 59 957
1476 4 2 2 1 349 605 242 1012
1477 4 2 2 1 82 371 774 951
1478 4 2 2 1 489 775 161 1009
1479 4 2 2 1 259 487 709 1010
1480 4 2 2 1 201 995 200 199
1481 4 2 2 1 226 135 225 912
1482 4 2 2 1 920 472 713 967
1483 4 2 2 1 204 203 202 975
1484 4 2 2 1 548 205 874 1010
1485 4 2 2 1 624 828 626 965
1486 4 2 2 1 918 171 984 541
1487 4 2 2 1 873 1026 814 108
1488 4 2 2 1 736 961 920 970
1489 4 2 2 1 33 258 543 1013
1490 4 2 2 1 14 13 15 1003
1491 4 2 2 1 331 333 332 937
1492 4 2 2 1 213 135 226 912
1493 4 2 2 1 35 1066 936 90
1494 4 2 2 1 350 964 657 806
1495 4 2 2 1 406 407 659 947
1496 4 2 2 1 1013 853 1010 872
1497 4 2 2 1 251 250 249 993
1498 4 2 2 1 439 556 272 962
1499 4 2 2 1 68 67 66 936
1500 4 2 2 1 1030 486 485 794
1501 4 2 2 1 767 482 590 946
1502 4 2 2 1 154 471 538 954
1503 4 2 2 1 163 535 162 978
1504 4 2 2 1 668 342 301 960
1505 4 2 2 1 201 995 199 968
1506 4 2 2 1 585 14 15 971
1507 4 2 2 1 104 676 729 970
1508 4 2 2 1 416 179 671 995
1509 4 2 2 1 659 947 936 1013
1510 4 2 2 1 814 1026 1039 711
1511 4 2 2 1 814 1026 1035 108
1512 4 2 2 1 1003 173 927 823
1513 4 2 2 1 911 999 955 1001
1514 4 2 2 1 752 753 728 965
1515 4 2 2 1 267 362 458 917
1516 4 2 2 1 579 240 68 936
1517 4 2 2 1 31 30 32 934
1518 4 2 2 1 307 1057 1020 412
1519 4 2 2 1 199 995 200 732
1520 4 2 2 1 285 335 926 990
1521 4 2 2 1 838 622 615 994
1522 4 2 2 1 645 456 49 1001
1523 4 2 2 1 496 494 51 955
1524 4 2 2 1 436 437 472 967
1525 4 2 2 1 993 897 1011 251
1526 4 2 2 1 566 957 175 57
1527 4 2 2 1 11 10 12 996
1528 4 2 2 1 369 368 370 921
1529 4 2 2 1 583 310 46 958
1530 4 2 2 1 531 568 1014 754
1531 4 2 2 1 613 940 518 994
1532 4 2 2 1 482 226 591 946
1533 4 2 2 1 45 943 418 687
1534 4 2 2 1 691 690 545 936
1535 4 2 2 1 1015 953 1065 172
1536 4 2 2 1 831 680 726 982
1537 4 2 2 1 736 920 737 970
1538 4 2 2 1 433 111 801 958
1539 4 2 2 1 1035 1026 814 711
1540 4 2 2 1 18 289 171 984
1541 4 2 2 1 518 517 158 940
1542 4 2 2 1 593 547 816 947
1543 4 2 2 1 406 659 854 947
1544 4 2 2 1 756 555 186 962
1545 4 2 2 1 910 936 593 947
1546 4 2 2 1 392 390 673 981
1547 4 2 2 1 170 926 171 984
1548 4 2 2 1 1061 783 287 296
1549 4 2 2 1 618 1050 435 262
1550 4 2 2 1 607 586 611 978
1551 4 2 2 1 869 837 637 971
1552 4 2 2 1 707 708 559 919
1553 4 2 2 1 502 901 383 1005
1554 4 2 2 1 111 433 110 958
1555 4 2 2 1 393 1065 476 132
1556 4 2 2 1 531 861 530 968
1557 4 2 2 1 327 228 642 981
1558 4 2 2 1 823 13 824 1003
1559 4 2 2 1 113 115 114 990
1560 4 2 2 1 1031 201 200 873
1561 4 2 2 1 476 1065 393 1042
1562 4 2 2 1 559 211 17 919
1563 4 2 2 1 274 273 56 972
1564 4 2 2 1 355 382 624 987
1565 4 2 2 1 837 380 1000 1014
1566 4 2 2 1 643 1021 798 1048
1567 4 2 2 1 585 839 14 971
1568 4 2 2 1 736 474 961 970
1569 4 2 2 1 741 742 951 952
1570 4 2 2 1 895 736 713 920
1571 4 2 2 1 811 812 394 916
1572 4 2 2 1 413 881 1034 138
1573 4 2 2 1 789 1026 807 107
1574 4 2 2 1 210 846 209 919
1575 4 2 2 1 857 770 656 964
1576 4 2 2 1 490 251 249 993
1577 4 2 2 1 519 478 790 979
1578 4 2 2 1 822 361 557 959
1579 4 2 2 1 170 290 962 984
1580 4 2 2 1 484 353 721 934
1581 4 2 2 1 60 291 62 994
1582 4 2 2 1 183 921 75 986
1583 4 2 2 1 535 305 778 978
1584 4 2 2 1 160 36 37 975
1585 4 2 2 1 362 917 267 959
1586 4 2 2 1 964 988 908 1009
1587 4 2 2 1 622 838 623 994
1588 4 2 2 1 834 156 157 952
1589 4 2 2 1 476 1065 598 132
1590 4 2 2 1 42 922 44 982
1591 4 2 2 1 371 372 483 988
1592 4 2 2 1 431 180 430 1002
1593 4 2 2 1 463 405 24 995
1594 4 2 2 1 295 101 845 966
1595 4 2 2 1 920 970 961 1006
1596 4 2 2 1 386 387 654 954
1597 4 2 2 1 969 563 318 260
1598 4 2 2 1 807 1026 119 107
1599 4 2 2 1 751 615 291 994
1600 4 2 2 1 803 419 296 976
1601 4 2 2 1 895 737 736 920
1602 4 2 2 1 1056 188 953 832
1603 4 2 2 1 598 1065 476 1042
1604 4 2 2 1 301 960 542 991
1605 4 2 2 1 1045 441 675 146
1606 4 2 2 1 1010 1030 947 548
1607 4 2 2 1 371 774 951 988
1608 4 2 2 1 625 355 624 987
1609 4 2 2 1 882 312 332 1000
1610 4 2 2 1 187 186 185 962
1611 4 2 2 1 715 768 273 972
1612 4 2 2 1 984 707 950 856
1613 4 2 2 1 184 389 77 940
1614 4 2 2 1 778 305 836 978
1615 4 2 2 1 379 837 380 1000
1616 4 2 2 1 435 1050 618 619
1617 4 2 2 1 765 185 556 962
1618 4 2 2 1 551 503 550 992
1619 4 2 2 1 823 829 618 927
1620 4 2 2 1 259 563 969 260
1621 4 2 2 1 689 688 377 965
1622 4 2 2 1 583 110 310 958
1623 4 2 2 1 1024 1045 675 146
1624 4 2 2 1 1024 675 1045 970
1625 4 2 2 1 24 23 22 995
1626 4 2 2 1 284 301 542 991
1627 4 2 2 1 426 241 579 936
1628 4 2 2 1 793 715 870 972
1629 4 2 2 1 946 151 152 917
1630 4 2 2 1 1029 116 934 266
1631 4 2 2 1 972 1022 913 495
1632 4 2 2 1 488 1009 489 161
1633 4 2 2 1 548 874 816 1010
1634 4 2 2 1 530 861 694 968
1635 4 2 2 1 205 548 486 1010
1636 4 2 2 1 507 563 509 970
1637 4 2 2 1 1013 853 872 854
1638 4 2 2 1 301 342 542 960
1639 4 2 2 1 160 168 159 975
1640 4 2 2 1 387 386 388 954
1641 4 2 2 1 359 1002 998 1012
1642 4 2 2 1 615 614 613 994
1643 4 2 2 1 657 165 806 964
1644 4 2 2 1 509 319 508 970
1645 4 2 2 1 260 258 318 969
1646 4 2 2 1 119 1026 106 107
1647 4 2 2 1 118 1046 1059 1016
1648 4 2 2 1 833 774 167 988
1649 4 2 2 1 164 553 855 939
1650 4 2 2 1 529 472 473 961
1651 4 2 2 1 89 93 94 974
1652 4 2 2 1 433 943 595 432
1653 4 2 2 1 93 89 214 974
1654 4 2 2 1 794 766 20 947
1655 4 2 2 1 369 368 921 952
1656 4 2 2 1 478 519 48 979
1657 4 2 2 1 31 829 823 934
1658 4 2 2 1 234 245 168 975
1659 4 2 2 1 1046 1062 300 829
1660 4 2 2 1 95 757 94 991
1661 4 2 2 1 487 485 817 1010
1662 4 2 2 1 581 303 588 977
1663 4 2 2 1 671 179 8 995
1664 4 2 2 1 837 1000 931 1014
1665 4 2 2 1 383 363 502 1005
1666 4 2 2 1 1065 1036 87 1042
1667 4 2 2 1 697 351 822 959
1668 4 2 2 1 1049 776 705 704
1669 4 2 2 1 606 586 607 978
1670 4 2 2 1 1065 598 1036 1042
1671 4 2 2 1 892 58 512 944
1672 4 2 2 1 685 188 832 953
1673 4 2 2 1 311 312 379 1000
1674 4 2 2 1 913 1022 972 975
1675 4 2 2 1 1038 604 240 627
1676 4 2 2 1 262 618 858 927
1677 4 2 2 1 17 211 209 919
1678 4 2 2 1 563 318 509 970
1679 4 2 2 1 573 318 258 969
1680 4 2 2 1 312 331 332 1014
1681 4 2 2 1 202 203 246 975
1682 4 2 2 1 143 490 771 993
1683 4 2 2 1 383 381 821 997
1684 4 2 2 1 490 144 445 1011
1685 4 2 2 1 603 756 16 962
1686 4 2 2 1 201 968 199 568
1687 4 2 2 1 75 76 499 986
1688 4 2 2 1 1013 816 947 910
1689 4 2 2 1 913 1022 963 495
1690 4 2 2 1 753 232 727 965
1691 4 2 2 1 853 872 709 1010
1692 4 2 2 1 318 969 573 1006
1693 4 2 2 1 816 947 548 1010
1694 4 2 2 1 309 943 433 181
1695 4 2 2 1 614 615 622 994
1696 4 2 2 1 969 970 920 1006
1697 4 2 2 1 964 279 972 959
1698 4 2 2 1 811 916 394 939
1699 4 2 2 1 491 1062 628 300
1700 4 2 2 1 836 305 501 978
1701 4 2 2 1 20 385 794 947
1702 4 2 2 1 1023 619 208 1033
1703 4 2 2 1 241 240 579 936
1704 4 2 2 1 1025 429 962 427
1705 4 2 2 1 805 639 640 997
1706 4 2 2 1 68 240 545 936
1707 4 2 2 1 494 717 51 955
1708 4 2 2 1 993 897 251 277
1709 4 2 2 1 1060 1063 825 522
1710 4 2 2 1 860 723 182 981
1711 4 2 2 1 557 361 558 959
1712 4 2 2 1 341 165 166 988
1713 4 2 2 1 372 213 226 912
1714 4 2 2 1 145 905 1000 72
1715 4 2 2 1 682 681 680 982
1716 4 2 2 1 12 316 450 996
1717 4 2 2 1 250 277 278 993
1718 4 2 2 1 201 966 968 567
1719 4 2 2 1 318 970 969 1006
1720 4 2 2 1 772 694 256 968
1721 4 2 2 1 23 674 8 995
1722 4 2 2 1 15 189 188 953
1723 4 2 2 1 333 331 416 937
1724 4 2 2 1 335 115 113 990
1725 4 2 2 1 1065 1036 953 87
1726 4 2 2 1 1060 1063 522 520
1727 4 2 2 1 1038 936 947 546
1728 4 2 2 1 377 909 859 376
1729 4 2 2 1 541 856 707 984
1730 4 2 2 1 617 867 359 1012
1731 4 2 2 1 816 548 947 547
1732 4 2 2 1 244 242 605 1012
1733 4 2 2 1 449 921 827 996
1734 4 2 2 1 433 943 432 181
1735 4 2 2 1 962 1025 926 990
1736 4 2 2 1 279 281 280 959
1737 4 2 2 1 230 231 410 965
1738 4 2 2 1 382 551 624 992
1739 4 2 2 1 524 523 354 987
1740 4 2 2 1 1039 201 814 948
1741 4 2 2 1 474 473 472 961
1742 4 2 2 1 613 517 518 940
1743 4 2 2 1 380 743 311 1014
1744 4 2 2 1 219 1002 867 1012
1745 4 2 2 1 175 276 109 1004
1746 4 2 2 1 826 827 183 996
1747 4 2 2 1 962 926 1025 724
1748 4 2 2 1 493 241 426 936
1749 4 2 2 1 812 899 394 916
1750 4 2 2 1 371 877 774 988
1751 4 2 2 1 662 1055 1047 1064
1752 4 2 2 1 827 921 183 996
1753 4 2 2 1 276 1017 566 565
1754 4 2 2 1 22 23 178 995
1755 4 2 2 1 731 968 199 995
1756 4 2 2 1 1011 918 666 993
1757 4 2 2 1 610 720 606 978
1758 4 2 2 1 460 361 822 959
1759 4 2 2 1 201 968 568 567
1760 4 2 2 1 124 763 468 927
1761 4 2 2 1 443 358 897 1011
1762 4 2 2 1 617 348 867 1012
1763 4 2 2 1 296 783 803 976
1764 4 2 2 1 1029 116 266 117
1765 4 2 2 1 720 939 634 978
1766 4 2 2 1 543 872 854 1013
1767 4 2 2 1 998 1002 922 1012
1768 4 2 2 1 320 573 698 1006
1769 4 2 2 1 593 936 546 947
1770 4 2 2 1 115 285 819 990
1771 4 2 2 1 408 409 233 963
1772 4 2 2 1 867 431 359 1002
1773 4 2 2 1 823 618 173 927
1774 4 2 2 1 616 348 617 1012
1775 4 2 2 1 214 89 374 974
1776 4 2 2 1 621 773 645 1001
1777 4 2 2 1 12 450 449 996
1778 4 2 2 1 460 822 351 959
1779 4 2 2 1 251 993 490 1011
1780 4 2 2 1 734 736 737 970
1781 4 2 2 1 867 348 219 1012
1782 4 2 2 1 1050 619 207 643
1783 4 2 2 1 811 394 634 939
1784 4 2 2 1 854 947 659 1013
1785 4 2 2 1 946 151 270 767
1786 4 2 2 1 9 7 255 948
1787 4 2 2 1 605 348 616 1012
1788 4 2 2 1 485 486 1030 1010
1789 4 2 2 1 167 877 166 988
1790 4 2 2 1 871 993 249 884
1791 4 2 2 1 715 793 768 972
1792 4 2 2 1 963 1022 913 975
1793 4 2 2 1 1055 662 660 1064
1794 4 2 2 1 249 771 490 993
1795 4 2 2 1 79 51 52 1001
1796 4 2 2 1 24 405 23 995
1797 4 2 2 1 754 839 900 971
1798 4 2 2 1 963 1022 526 495
1799 4 2 2 1 871 993 884 926
1800 4 2 2 1 742 489 442 952
1801 4 2 2 1 752 608 753 965
1802 4 2 2 1 773 456 645 1001
1803 4 2 2 1 1022 525 204 975
1804 4 2 2 1 731 199 732 995
1805 4 2 2 1 1013 816 910 969
1806 4 2 2 1 1039 1026 1051 505
1807 4 2 2 1 362 267 361 959
1808 4 2 2 1 1054 146 105 85
1809 4 2 2 1 22 178 198 995
1810 4 2 2 1 18 919 983 984
1811 4 2 2 1 643 1021 1048 620
1812 4 2 2 1 389 517 613 940
1813 4 2 2 1 942 355 804 484
1814 4 2 2 1 360 792 718 998
1815 4 2 2 1 1041 1066 910 949
1816 4 2 2 1 220 182 180 981
1817 4 2 2 1 547 593 546 947
1818 4 2 2 1 43 922 42 982
1819 4 2 2 1 12 826 114 996
1820 4 2 2 1 190 258 33 1013
1821 4 2 2 1 35 91 34 1013
1822 4 2 2 1 995 966 948 937
1823 4 2 2 1 734 83 474 970
1824 4 2 2 1 307 714 412 1020
1825 4 2 2 1 882 786 379 1000
1826 4 2 2 1 996 449 951 450
1827 4 2 2 1 882 738 786 1000
1828 4 2 2 1 606 720 634 978
1829 4 2 2 1 8 179 23 995
1830 4 2 2 1 18 919 17 983
1831 4 2 2 1 489 791 442 952
1832 4 2 2 1 219 431 867 1002
1833 4 2 2 1 320 318 573 1006
1834 4 2 2 1 936 947 910 1013
1835 4 2 2 1 951 449 996 921
1836 4 2 2 1 45 47 46 958
1837 4 2 2 1 670 333 416 937
1838 4 2 2 1 822 557 697 959
1839 4 2 2 1 370 449 369 921
1840 4 2 2 1 267 558 361 959
1841 4 2 2 1 793 495 768 972
1842 4 2 2 1 828 608 752 965
1843 4 2 2 1 231 608 410 965
1844 4 2 2 1 861 531 199 968
1845 4 2 2 1 831 830 680 982
1846 4 2 2 1 762 643 798 1048
1847 4 2 2 1 377 378 230 965
1848 4 2 2 1 167 774 877 988
1849 4 2 2 1 811 553 403 939
1850 4 2 2 1 9 255 937 948
1851 4 2 2 1 175 566 276 1004
1852 4 2 2 1 807 119 1051 840
1853 4 2 2 1 764 858 618 927
1854 4 2 2 1 890 1043 1021 620
1855 4 2 2 1 445 443 700 1011
1856 4 2 2 1 257 179 416 995
1857 4 2 2 1 185 427 187 962
1858 4 2 2 1 405 674 23 995
1859 4 2 2 1 872 259 709 1010
1860 4 2 2 1 231 753 608 965
1861 4 2 2 1 621 716 773 1001
1862 4 2 2 1 104 734 120 970
1863 4 2 2 1 618 829 300 927
1864 4 2 2 1 369 417 746 952
1865 4 2 2 1 445 444 443 1011
1866 4 2 2 1 274 56 635 972
1867 4 2 2 1 118 300 248 1046
1868 4 2 2 1 232 230 378 965
1869 4 2 2 1 610 939 720 978
1870 4 2 2 1 656 657 857 964
1871 4 2 2 1 309 110 433 958
1872 4 2 2 1 791 834 417 952
1873 4 2 2 1 718 792 457 998
1874 4 2 2 1 23 179 178 995
1875 4 2 2 1 553 811 720 939
1876 4 2 2 1 1056 188 832 1027
1877 4 2 2 1 662 1019 661 1064
1878 4 2 2 1 651 847 672 1008
1879 4 2 2 1 359 1002 430 998
1880 4 2 2 1 1047 662 1019 25
1881 4 2 2 1 309 943 181 229
1882 4 2 2 1 675 676 1024 146
1883 4 2 2 1 269 602 398 1008
1884 4 2 2 1 951 449 952 450
1885 4 2 2 1 46 47 583 958
1886 4 2 2 1 17 18 559 919
1887 4 2 2 1 197 843 463 995
1888 4 2 2 1 118 116 1016 1059
1889 4 2 2 1 741 489 742 952
1890 4 2 2 1 881 238 239 1034
1891 4 2 2 1 1039 201 948 1031
1892 4 2 2 1 707 559 18 919
1893 4 2 2 1 662 661 660 1064
1894 4 2 2 1 746 417 834 952
1895 4 2 2 1 169 278 277 993
1896 4 2 2 1 618 300 620 927
1897 4 2 2 1 1003 173 823 13
1898 4 2 2 1 435 1050 1023 262
1899 4 2 2 1 124 849 799 927
1900 4 2 2 1 1033 65 262 762
1901 4 2 2 1 398 268 269 1008
1902 4 2 2 1 993 897 277 666
1903 4 2 2 1 993 897 666 1011
1904 4 2 2 1 761 320 506 1006
1905 4 2 2 1 277 666 169 993
1906 4 2 2 1 22 198 197 995
1907 4 2 2 1 1060 769 520 26
1908 4 2 2 1 166 877 483 988
1909 4 2 2 1 831 455 830 982
1910 4 2 2 1 246 203 234 975
1911 4 2 2 1 314 417 369 952
1912 4 2 2 1 107 108 813 1035
1913 4 2 2 1 788 1042 1036 598
1914 4 2 2 1 952 449 951 921
1915 4 2 2 1 1054 146 1045 105
1916 4 2 2 1 489 488 791 952
1917 4 2 2 1 1019 1063 769 661
1918 4 2 2 1 952 449 369 450
1919 4 2 2 1 707 919 18 984
1920 4 2 2 1 262 1050 1033 762
1921 4 2 2 1 171 926 169 993
1922 4 2 2 1 736 734 474 970
1923 4 2 2 1 644 206 207 1033
1924 4 2 2 1 307 714 1020 535
1925 4 2 2 1 119 106 1051 840
1926 4 2 2 1 33 34 190 1013
1927 4 2 2 1 897 251 443 1011
1928 4 2 2 1 369 449 952 921
1929 4 2 2 1 834 157 746 952
1930 4 2 2 1 700 443 251 1011
1931 4 2 2 1 334 320 761 1006
1932 4 2 2 1 1037 620 764 618
1933 4 2 2 1 178 179 257 995
1934 4 2 2 1 791 488 834 952
1935 4 2 2 1 199 531 568 968
1936 4 2 2 1 1015 64 63 131
1937 4 2 2 1 571 570 569 1043
1938 4 2 2 1 897 358 666 1011
1939 4 2 2 1 178 257 198 995
1940 4 2 2 1 698 506 320 1006
1941 4 2 2 1 620 764 618 927
1942 4 2 2 1 459 672 269 1008
1943 4 2 2 1 887 1051 873 106
1944 4 2 2 1 1023 1050 435 619
1945 4 2 2 1 1015 1065 598 1058
1946 4 2 2 1 1026 1051 505 807
1947 4 2 2 1 541 707 18 984
1948 4 2 2 1 953 1058 172 189
1949 4 2 2 1 206 65 1033 762
1950 4 2 2 1 1040 97 50 497
1951 4 2 2 1 1058 1036 189 953
1952 4 2 2 1 281 350 351 959
1953 4 2 2 1 359 430 1002 431
1954 4 2 2 1 827 449 370 921
1955 4 2 2 1 1057 411 410 965
1956 4 2 2 1 909 727 879 232
1957 4 2 2 1 666 171 169 993
1958 4 2 2 1 813 1060 522 520
1959 4 2 2 1 619 620 1037 618
1960 4 2 2 1 769 661 1063 520
1961 4 2 2 1 1052 97 1040 53
1962 4 2 2 1 1029 655 117 216
1963 4 2 2 1 643 1021 620 890
1964 4 2 2 1 887 1051 106 840
1965 4 2 2 1 118 1062 491 300
1966 4 2 2 1 206 1023 65 63
1967 4 2 2 1 521 1063 661 520
1968 4 2 2 1 337 1055 660 521
1969 4 2 2 1 189 1036 598 338
1970 4 2 2 1 1052 148 48 50
1971 4 2 2 1 1029 216 117 217
1972 4 2 2 1 1039 534 505 532
1973 4 2 2 1 63 132 1015 131
1974 4 2 2 1 521 1063 520 522
1975 4 2 2 1 1022 768 204 526
1976 4 2 2 1 565 786 275 1017
1977 4 2 2 1 703 928 419 1049
1978 4 2 2 1 1031 873 200 755
1979 4 2 2 1 399 405 883 1031
1980 4 2 2 1 648 144 1011 444
1981 4 2 2 1 85 139 138 1034
1982 4 2 2 1 545 1038 544 766
1983 4 2 2 1 662 25 769 1019
1984 4 2 2 1 1064 661 660 521
1985 4 2 2 1 376 378 909 849
1986 4 2 2 1 1060 769 1063 520
1987 4 2 2 1 628 1062 1043 300
1988 4 2 2 1 569 764 1021 570
1989 4 2 2 1 117 116 118 1059
1990 4 2 2 1 805 942 484 254
1991 4 2 2 1 53 97 1040 621
1992 4 2 2 1 61 1028 454 596
1993 4 2 2 1 640 1044 638 149
1994 4 2 2 1 666 667 541 918
1995 4 2 2 1 358 344 342 960
1996 4 2 2 1 474 84 473 961
1997 4 2 2 1 411 587 688 965
1998 4 2 2 1 11 134 212 996
1999 4 2 2 1 821 381 640 997
2000 4 2 2 1 96 97 1052 53
2001 4 2 2 1 1043 1062 628 571
2002 4 2 2 1 1023 1050 1033 262
2003 4 2 2 1 201 966 567 814
2004 4 2 2 1 995 966 937 968
2005 4 2 2 1 96 1052 52 53
2006 4 2 2 1 96 52 1052 78
2007 4 2 2 1 1001 52 1040 53
2008 4 2 2 1 122 909 232 850
2009 4 2 2 1 52 1052 1040 53
2010 4 2 2 1 909 879 122 232
2011 4 2 2 1 1034 127 238 239
2012 4 2 2 1 1034 127 239 930
2013 4 2 2 1 623 498 944 512
2014 4 2 2 1 944 498 623 986
2015 4 2 2 1 969 945 1006 920
2016 4 2 2 1 969 1006 945 949
2017 4 2 2 1 1025 429 427 428
2018 4 2 2 1 427 962 1025 724
2019 4 2 2 1 1043 1062 927 300
2020 4 2 2 1 927 1062 1043 571
2021 4 2 2 1 1025 428 884 871
2022 4 2 2 1 427 1025 884 724
2023 4 2 2 1 1025 428 871 820
2024 4 2 2 1 1033 1050 1023 619
2025 4 2 2 1 989 527 364 221
2026 4 2 2 1 1026 108 106 107
2027 4 2 2 1 1026 108 107 1035
2028 4 2 2 1 232 909 378 850
2029 4 2 2 1 950 981 706 924
2030 4 2 2 1 69 971 915 70
2031 4 2 2 1 915 971 69 447
2032 4 2 2 1 915 71 69 70
2033 4 2 2 1 558 451 985 467
2034 4 2 2 1 985 451 558 632
2035 4 2 2 1 145 1011 560 144
2036 4 2 2 1 1011 905 960 906
2037 4 2 2 1 145 1011 144 143
2038 4 2 2 1 50 1001 645 49
2039 4 2 2 1 927 1062 829 300
2040 4 2 2 1 955 717 982 494
2041 4 2 2 1 815 982 717 494
2042 4 2 2 1 815 717 982 830
2043 4 2 2 1 922 919 451 243
2044 4 2 2 1 922 985 919 903
2045 4 2 2 1 193 792 925 98
2046 4 2 2 1 925 792 193 998
2047 4 2 2 1 815 328 972 870
2048 4 2 2 1 378 909 232 965
2049 4 2 2 1 158 1009 952 156
2050 4 2 2 1 952 1009 158 940
2051 4 2 2 1 952 157 158 156
2052 4 2 2 1 158 157 952 940
2053 4 2 2 1 622 76 986 623
2054 4 2 2 1 622 986 76 940
2055 4 2 2 1 944 994 986 623
2056 4 2 2 1 994 622 986 623
2057 4 2 2 1 994 986 622 940
2058 4 2 2 1 703 928 1049 704
2059 4 2 2 1 412 411 410 1057
2060 4 2 2 1 1041 90 1066 92
2061 4 2 2 1 180 925 943 448
2062 4 2 2 1 763 1062 829 927
2063 4 2 2 1 763 264 934 784
2064 4 2 2 1 934 264 763 293
2065 4 2 2 1 984 903 950 919
2066 4 2 2 1 984 903 919 956
2067 4 2 2 1 957 923 57 931
2068 4 2 2 1 1028 963 1001 994
2069 4 2 2 1 1001 994 911 928
2070 4 2 2 1 920 686 938 894
2071 4 2 2 1 920 938 686 910
2072 4 2 2 1 999 1001 979 49
2073 4 2 2 1 999 979 1001 928
2074 4 2 2 1 48 979 1001 49
2075 4 2 2 1 48 1001 979 928
2076 4 2 2 1 1028 1052 78 596
2077 4 2 2 1 1028 48 596 928
2078 4 2 2 1 1028 1052 596 48
2079 4 2 2 1 1028 48 928 1001
2080 4 2 2 1 675 676 970 1024
2081 4 2 2 1 675 970 676 508
2082 4 2 2 1 943 180 181 981
2083 4 2 2 1 1002 943 925 950
2084 4 2 2 1 943 180 448 432
2085 4 2 2 1 943 180 432 181
2086 4 2 2 1 79 526 963 453
2087 4 2 2 1 79 963 526 496
2088 4 2 2 1 1006 929 506 973
2089 4 2 2 1 502 932 989 594
2090 4 2 2 1 989 932 502 1005
2091 4 2 2 1 989 363 502 594
2092 4 2 2 1 502 363 989 1005
2093 4 2 2 1 365 989 363 1005
2094 4 2 2 1 365 989 1005 935
2095 4 2 2 1 1065 64 891 1015
2096 4 2 2 1 891 1065 953 86
2097 4 2 2 1 154 910 153 938
2098 4 2 2 1 149 1052 97 50
2099 4 2 2 1 932 395 929 136
2100 4 2 2 1 932 929 395 949
2101 4 2 2 1 574 929 395 136
2102 4 2 2 1 574 395 929 949
2103 4 2 2 1 129 981 924 130
2104 4 2 2 1 924 642 641 723
2105 4 2 2 1 924 128 129 130
2106 4 2 2 1 129 128 924 641
2107 4 2 2 1 1052 48 1001 50
2108 4 2 2 1 1036 475 1042 788
2109 4 2 2 1 159 156 1009 975
2110 4 2 2 1 159 160 1009 161
2111 4 2 2 1 1009 160 159 975
2112 4 2 2 1 725 364 989 363
2113 4 2 2 1 1006 573 949 969
2114 4 2 2 1 573 929 1006 949
2115 4 2 2 1 1028 851 61 633
2116 4 2 2 1 262 1023 65 1033
2117 4 2 2 1 145 905 72 1011
2118 4 2 2 1 934 252 942 397
2119 4 2 2 1 934 942 252 254
2120 4 2 2 1 396 942 252 397
2121 4 2 2 1 396 252 942 254
2122 4 2 2 1 845 1039 948 533
2123 4 2 2 1 704 928 776 749
2124 4 2 2 1 1049 776 704 928
2125 4 2 2 1 519 365 935 527
2126 4 2 2 1 519 935 365 976
2127 4 2 2 1 594 725 989 363
2128 4 2 2 1 594 989 725 916
2129 4 2 2 1 592 701 934 266
2130 4 2 2 1 934 701 592 722
2131 4 2 2 1 1012 349 924 242
2132 4 2 2 1 1012 924 349 218
2133 4 2 2 1 516 924 349 242
2134 4 2 2 1 932 916 594 939
2135 4 2 2 1 594 916 932 989
2136 4 2 2 1 683 1066 1041 949
2137 4 2 2 1 683 1066 949 572
2138 4 2 2 1 1041 910 936 954
2139 4 2 2 1 580 1041 949 683
2140 4 2 2 1 905 72 967 1000
2141 4 2 2 1 1001 1052 52 78
2142 4 2 2 1 928 1028 994 61
2143 4 2 2 1 994 1028 928 1001
2144 4 2 2 1 1028 851 633 963
2145 4 2 2 1 909 849 927 977
2146 4 2 2 1 943 310 229 309
2147 4 2 2 1 984 926 962 170
2148 4 2 2 1 1028 851 963 994
2149 4 2 2 1 724 962 926 170
2150 4 2 2 1 1044 997 893 640
2151 4 2 2 1 986 177 944 498
2152 4 2 2 1 633 1028 454 61
2153 4 2 2 1 512 944 177 498
2154 4 2 2 1 512 177 944 957
2155 4 2 2 1 919 210 706 708
2156 4 2 2 1 950 1002 981 924
2157 4 2 2 1 1002 943 950 981
2158 4 2 2 1 924 760 452 128
2159 4 2 2 1 924 452 760 846
2160 4 2 2 1 953 927 261 578
2161 4 2 2 1 953 977 907 1003
2162 4 2 2 1 1028 963 633 454
2163 4 2 2 1 1015 891 263 64
2164 4 2 2 1 426 1041 936 425
2165 4 2 2 1 426 1041 425 424
2166 4 2 2 1 998 193 360 792
2167 4 2 2 1 998 360 193 192
2168 4 2 2 1 984 856 918 541
2169 4 2 2 1 984 918 856 950
2170 4 2 2 1 667 918 856 541
2171 4 2 2 1 667 856 918 950
2172 4 2 2 1 377 909 376 378
2173 4 2 2 1 810 656 964 808
2174 4 2 2 1 964 656 810 770
2175 4 2 2 1 442 951 952 315
2176 4 2 2 1 442 951 315 81
2177 4 2 2 1 953 261 435 841
2178 4 2 2 1 953 261 841 578
2179 4 2 2 1 43 922 982 941
2180 4 2 2 1 42 922 451 244
2181 4 2 2 1 42 922 244 44
2182 4 2 2 1 54 38 975 174
2183 4 2 2 1 54 975 38 770
2184 4 2 2 1 536 537 970 507
2185 4 2 2 1 970 537 536 676
2186 4 2 2 1 1026 505 534 807
2187 4 2 2 1 1026 1051 807 119
2188 4 2 2 1 1026 1051 119 106
2189 4 2 2 1 1044 147 997 976
2190 4 2 2 1 1007 904 960 931
2191 4 2 2 1 1007 960 905 931
2192 4 2 2 1 100 98 933 99
2193 4 2 2 1 356 930 344 358
2194 4 2 2 1 344 930 356 462
2195 4 2 2 1 956 1004 2 926
2196 4 2 2 1 2 1004 986 1
2197 4 2 2 1 956 1004 926 918
2198 4 2 2 1 957 906 918 960
2199 4 2 2 1 918 906 957 1004
2200 4 2 2 1 916 582 958 112
2201 4 2 2 1 916 958 582 739
2202 4 2 2 1 1047 1019 966 25
2203 4 2 2 1 841 1015 891 263
2204 4 2 2 1 956 1004 918 986
2205 4 2 2 1 2 1004 1 3
2206 4 2 2 1 594 932 501 502
2207 4 2 2 1 594 501 932 978
2208 4 2 2 1 285 5 926 28
2209 4 2 2 1 285 926 5 6
2210 4 2 2 1 393 132 1015 1065
2211 4 2 2 1 1065 64 1015 393
2212 4 2 2 1 393 1015 132 131
2213 4 2 2 1 840 755 887 1031
2214 4 2 2 1 960 931 906 905
2215 4 2 2 1 960 906 931 957
2216 4 2 2 1 1011 668 960 358
2217 4 2 2 1 25 1019 26 769
2218 4 2 2 1 381 382 997 383
2219 4 2 2 1 383 382 1005 901
2220 4 2 2 1 1011 918 993 906
2221 4 2 2 1 993 918 666 171
2222 4 2 2 1 413 1034 561 138
2223 4 2 2 1 1034 878 561 138
2224 4 2 2 1 561 878 1034 528
2225 4 2 2 1 1034 961 540 238
2226 4 2 2 1 83 1054 1045 105
2227 4 2 2 1 1016 116 784 934
2228 4 2 2 1 83 1054 105 85
2229 4 2 2 1 83 105 1045 970
2230 4 2 2 1 290 171 984 170
2231 4 2 2 1 984 171 290 289
2232 4 2 2 1 352 917 504 959
2233 4 2 2 1 352 917 959 350
2234 4 2 2 1 966 1019 1047 825
2235 4 2 2 1 1046 492 784 1016
2236 4 2 2 1 1046 492 1016 118
2237 4 2 2 1 763 1062 927 571
2238 4 2 2 1 1063 26 769 1060
2239 4 2 2 1 502 992 501 503
2240 4 2 2 1 501 992 502 932
2241 4 2 2 1 998 831 455 718
2242 4 2 2 1 982 998 831 455
2243 4 2 2 1 998 831 718 616
2244 4 2 2 1 407 604 947 627
2245 4 2 2 1 947 604 407 659
2246 4 2 2 1 43 922 941 451
2247 4 2 2 1 43 922 451 42
2248 4 2 2 1 979 835 519 48
2249 4 2 2 1 979 835 48 928
2250 4 2 2 1 744 528 930 529
2251 4 2 2 1 744 930 528 561
2252 4 2 2 1 326 943 687 418
2253 4 2 2 1 267 985 467 558
2254 4 2 2 1 985 268 917 267
2255 4 2 2 1 267 985 558 959
2256 4 2 2 1 83 104 970 734
2257 4 2 2 1 1019 1060 1063 825
2258 4 2 2 1 950 856 707 747
2259 4 2 2 1 1013 573 949 572
2260 4 2 2 1 1013 949 573 969
2261 4 2 2 1 1016 934 784 1046
2262 4 2 2 1 997 1005 382 942
2263 4 2 2 1 510 531 1014 754
2264 4 2 2 1 293 265 934 264
2265 4 2 2 1 934 265 293 292
2266 4 2 2 1 969 120 1010 874
2267 4 2 2 1 969 120 874 737
2268 4 2 2 1 1 177 986 499
2269 4 2 2 1 1 986 177 1004
2270 4 2 2 1 970 441 319 675
2271 4 2 2 1 970 319 441 317
2272 4 2 2 1 721 254 934 253
2273 4 2 2 1 934 254 721 484
2274 4 2 2 1 1035 814 108 813
2275 4 2 2 1 1019 1060 26 1063
2276 4 2 2 1 552 553 939 403
2277 4 2 2 1 998 455 457 718
2278 4 2 2 1 998 457 455 955
2279 4 2 2 1 1065 1036 1058 953
2280 4 2 2 1 207 208 1033 206
2281 4 2 2 1 819 375 926 285
2282 4 2 2 1 926 375 819 820
2283 4 2 2 1 926 990 819 285
2284 4 2 2 1 1025 819 926 990
2285 4 2 2 1 134 135 912 133
2286 4 2 2 1 134 912 135 213
2287 4 2 2 1 996 213 951 372
2288 4 2 2 1 996 951 213 212
2289 4 2 2 1 308 951 213 372
2290 4 2 2 1 308 213 951 212
2291 4 2 2 1 261 618 435 262
2292 4 2 2 1 261 618 262 927
2293 4 2 2 1 261 618 927 173
2294 4 2 2 1 261 618 173 435
2295 4 2 2 1 814 966 27 845
2296 4 2 2 1 1063 26 1019 769
2297 4 2 2 1 555 185 962 556
2298 4 2 2 1 962 185 555 186
2299 4 2 2 1 839 70 971 69
2300 4 2 2 1 839 971 70 14
2301 4 2 2 1 863 958 933 595
2302 4 2 2 1 933 958 863 916
2303 4 2 2 1 1052 148 50 149
2304 4 2 2 1 1062 784 829 1046
2305 4 2 2 1 1052 596 96 78
2306 4 2 2 1 640 893 1044 149
2307 4 2 2 1 393 475 1042 87
2308 4 2 2 1 393 1042 475 476
2309 4 2 2 1 930 356 415 357
2310 4 2 2 1 930 415 356 462
2311 4 2 2 1 149 976 1044 1018
2312 4 2 2 1 969 686 920 737
2313 4 2 2 1 969 920 686 910
2314 4 2 2 1 1049 704 705 703
2315 4 2 2 1 545 691 1038 766
2316 4 2 2 1 966 1019 27 25
2317 4 2 2 1 377 909 378 965
2318 4 2 2 1 603 785 1008 601
2319 4 2 2 1 847 1008 785 601
2320 4 2 2 1 847 785 1008 271
2321 4 2 2 1 841 435 263 261
2322 4 2 2 1 357 358 930 356
2323 4 2 2 1 357 930 358 443
2324 4 2 2 1 1021 764 927 570
2325 4 2 2 1 927 764 1021 620
2326 4 2 2 1 1025 819 990 649
2327 4 2 2 1 87 1036 953 475
2328 4 2 2 1 1060 787 520 813
2329 4 2 2 1 520 787 1060 26
2330 4 2 2 1 971 511 446 869
2331 4 2 2 1 971 446 511 510
2332 4 2 2 1 961 139 85 1034
2333 4 2 2 1 239 462 930 127
2334 4 2 2 1 239 930 462 415
2335 4 2 2 1 85 1054 84 83
2336 4 2 2 1 84 1054 85 961
2337 4 2 2 1 782 915 875 71
2338 4 2 2 1 1010 868 970 563
2339 4 2 2 1 690 546 936 691
2340 4 2 2 1 362 460 959 361
2341 4 2 2 1 20 544 947 766
2342 4 2 2 1 1038 947 544 766
2343 4 2 2 1 1038 544 947 627
2344 4 2 2 1 339 341 917 806
2345 4 2 2 1 917 341 339 340
2346 4 2 2 1 971 447 446 69
2347 4 2 2 1 971 446 447 322
2348 4 2 2 1 785 554 1008 271
2349 4 2 2 1 814 966 567 825
2350 4 2 2 1 948 966 814 845
2351 4 2 2 1 814 966 825 27
2352 4 2 2 1 201 966 814 948
2353 4 2 2 1 1046 300 465 829
2354 4 2 2 1 1046 492 118 1062
2355 4 2 2 1 683 1041 92 424
2356 4 2 2 1 683 1041 424 580
2357 4 2 2 1 888 866 933 865
2358 4 2 2 1 888 933 866 795
2359 4 2 2 1 123 292 934 293
2360 4 2 2 1 934 292 123 852
2361 4 2 2 1 352 351 959 460
2362 4 2 2 1 352 959 351 350
2363 4 2 2 1 1010 486 487 485
2364 4 2 2 1 1019 1060 825 27
2365 4 2 2 1 1060 27 26 710
2366 4 2 2 1 845 1039 533 711
2367 4 2 2 1 84 1054 474 83
2368 4 2 2 1 474 1054 84 961
2369 4 2 2 1 1051 1026 1039 873
2370 4 2 2 1 1039 401 840 399
2371 4 2 2 1 474 1054 970 83
2372 4 2 2 1 959 697 696 557
2373 4 2 2 1 947 1030 21 385
2374 4 2 2 1 485 1030 385 21
2375 4 2 2 1 485 385 1030 794
2376 4 2 2 1 301 282 991 284
2377 4 2 2 1 301 991 282 748
2378 4 2 2 1 6 143 993 4
2379 4 2 2 1 993 143 6 771
2380 4 2 2 1 462 343 930 461
2381 4 2 2 1 462 930 343 344
2382 4 2 2 1 740 349 924 218
2383 4 2 2 1 924 349 740 516
2384 4 2 2 1 414 930 444 902
2385 4 2 2 1 775 36 1009 809
2386 4 2 2 1 1009 36 775 161
2387 4 2 2 1 319 320 1006 318
2388 4 2 2 1 1006 320 319 334
2389 4 2 2 1 12 719 996 10
2390 4 2 2 1 996 719 12 316
2391 4 2 2 1 694 695 968 861
2392 4 2 2 1 968 695 694 256
2393 4 2 2 1 556 554 962 555
2394 4 2 2 1 962 554 556 272
2395 4 2 2 1 681 328 941 682
2396 4 2 2 1 1031 674 948 885
2397 4 2 2 1 1059 466 934 465
2398 4 2 2 1 162 164 939 597
2399 4 2 2 1 909 727 232 965
2400 4 2 2 1 196 195 948 400
2401 4 2 2 1 532 948 195 400
2402 4 2 2 1 121 486 1010 205
2403 4 2 2 1 121 1010 486 487
2404 4 2 2 1 952 746 368 157
2405 4 2 2 1 952 368 746 369
2406 4 2 2 1 112 110 958 111
2407 4 2 2 1 958 110 112 583
2408 4 2 2 1 1047 521 337 522
2409 4 2 2 1 824 915 862 875
2410 4 2 2 1 782 915 71 818
2411 4 2 2 1 1013 572 258 573
2412 4 2 2 1 1013 258 572 190
2413 4 2 2 1 273 612 972 274
2414 4 2 2 1 273 972 612 715
2415 4 2 2 1 681 329 941 328
2416 4 2 2 1 681 941 329 43
2417 4 2 2 1 844 843 995 463
2418 4 2 2 1 970 1054 474 961
2419 4 2 2 1 1001 1040 621 53
2420 4 2 2 1 1061 287 286 296
2421 4 2 2 1 1061 286 287 288
2422 4 2 2 1 326 943 418 227
2423 4 2 2 1 286 1053 596 96
2424 4 2 2 1 1018 596 286 1053
2425 4 2 2 1 628 492 571 1062
2426 4 2 2 1 939 855 163 610
2427 4 2 2 1 939 978 163 162
2428 4 2 2 1 163 978 939 610
2429 4 2 2 1 182 181 981 228
2430 4 2 2 1 981 181 182 180
2431 4 2 2 1 198 256 995 257
2432 4 2 2 1 995 256 198 695
2433 4 2 2 1 934 353 434 800
2434 4 2 2 1 404 403 916 811
2435 4 2 2 1 916 403 404 402
2436 4 2 2 1 1023 435 325 619
2437 4 2 2 1 27 1019 966 825
2438 4 2 2 1 1023 435 262 263
2439 4 2 2 1 346 224 977 303
2440 4 2 2 1 346 977 224 345
2441 4 2 2 1 104 121 970 120
2442 4 2 2 1 104 970 121 536
2443 4 2 2 1 1035 27 711 814
2444 4 2 2 1 711 814 27 845
2445 4 2 2 1 970 536 1010 121
2446 4 2 2 1 970 1010 536 868
2447 4 2 2 1 487 1010 536 121
2448 4 2 2 1 487 536 1010 868
2449 4 2 2 1 865 191 933 889
2450 4 2 2 1 933 191 865 595
2451 4 2 2 1 463 1031 883 405
2452 4 2 2 1 1031 674 885 405
2453 4 2 2 1 466 655 1029 216
2454 4 2 2 1 1044 147 893 997
2455 4 2 2 1 1066 572 190 1013
2456 4 2 2 1 1066 572 92 190
2457 4 2 2 1 51 1001 53 52
2458 4 2 2 1 641 242 924 516
2459 4 2 2 1 1041 90 92 426
2460 4 2 2 1 756 785 962 603
2461 4 2 2 1 1008 962 785 603
2462 4 2 2 1 1008 785 962 554
2463 4 2 2 1 910 949 1066 1013
2464 4 2 2 1 465 1059 1046 934
2465 4 2 2 1 618 1050 1037 619
2466 4 2 2 1 1065 64 393 86
2467 4 2 2 1 936 1038 545 691
2468 4 2 2 1 936 545 1038 240
2469 4 2 2 1 1062 784 1046 492
2470 4 2 2 1 544 1038 545 240
2471 4 2 2 1 553 610 939 720
2472 4 2 2 1 553 939 610 855
2473 4 2 2 1 698 506 929 40
2474 4 2 2 1 698 929 506 1006
2475 4 2 2 1 118 492 491 1062
2476 4 2 2 1 961 139 1034 540
2477 4 2 2 1 491 492 628 1062
2478 4 2 2 1 146 85 1054 139
2479 4 2 2 1 410 377 965 689
2480 4 2 2 1 965 377 410 230
2481 4 2 2 1 221 795 933 100
2482 4 2 2 1 933 795 221 898
2483 4 2 2 1 633 409 963 851
2484 4 2 2 1 963 409 633 408
2485 4 2 2 1 564 672 1008 651
2486 4 2 2 1 1008 672 564 459
2487 4 2 2 1 796 781 916 802
2488 4 2 2 1 796 916 781 876
2489 4 2 2 1 67 545 936 68
2490 4 2 2 1 936 545 67 690
2491 4 2 2 1 994 518 291 62
2492 4 2 2 1 571 1043 569 628
2493 4 2 2 1 1059 466 465 655
2494 4 2 2 1 1059 1029 655 117
2495 4 2 2 1 1059 1029 117 116
2496 4 2 2 1 628 1043 569 665
2497 4 2 2 1 601 602 1008 603
2498 4 2 2 1 601 1008 602 269
2499 4 2 2 1 373 336 1027 188
2500 4 2 2 1 1027 336 373 337
2501 4 2 2 1 373 662 1027 1055
2502 4 2 2 1 116 1029 934 1059
2503 4 2 2 1 869 322 971 637
2504 4 2 2 1 971 322 869 446
2505 4 2 2 1 582 583 958 112
2506 4 2 2 1 340 166 988 341
2507 4 2 2 1 988 166 340 483
2508 4 2 2 1 265 434 934 592
2509 4 2 2 1 265 934 434 292
2510 4 2 2 1 677 4 906 678
2511 4 2 2 1 1010 872 259 1013
2512 4 2 2 1 463 22 995 24
2513 4 2 2 1 463 995 22 197
2514 4 2 2 1 575 235 937 237
2515 4 2 2 1 575 937 235 576
2516 4 2 2 1 936 493 35 90
2517 4 2 2 1 936 1013 35 659
2518 4 2 2 1 35 1066 90 91
2519 4 2 2 1 963 453 454 79
2520 4 2 2 1 1028 963 454 1001
2521 4 2 2 1 454 1001 963 79
2522 4 2 2 1 605 44 1012 726
2523 4 2 2 1 605 1012 44 244
2524 4 2 2 1 922 1012 44 726
2525 4 2 2 1 922 44 1012 244
2526 4 2 2 1 1046 1059 1016 934
2527 4 2 2 1 1037 1050 643 619
2528 4 2 2 1 901 551 992 503
2529 4 2 2 1 992 551 901 382
2530 4 2 2 1 169 170 926 171
2531 4 2 2 1 926 170 169 724
2532 4 2 2 1 68 425 936 66
2533 4 2 2 1 68 936 425 579
2534 4 2 2 1 168 37 975 160
2535 4 2 2 1 884 250 993 249
2536 4 2 2 1 884 993 250 278
2537 4 2 2 1 942 639 805 997
2538 4 2 2 1 156 168 975 159
2539 4 2 2 1 156 975 168 245
2540 4 2 2 1 975 234 233 203
2541 4 2 2 1 755 995 732 200
2542 4 2 2 1 948 195 464 102
2543 4 2 2 1 172 1058 1065 1015
2544 4 2 2 1 583 739 958 47
2545 4 2 2 1 583 958 739 582
2546 4 2 2 1 826 956 183 2
2547 4 2 2 1 990 826 114 113
2548 4 2 2 1 937 236 237 235
2549 4 2 2 1 167 165 988 166
2550 4 2 2 1 167 988 165 500
2551 4 2 2 1 937 236 73 237
2552 4 2 2 1 73 967 937 237
2553 4 2 2 1 731 861 968 695
2554 4 2 2 1 731 968 861 199
2555 4 2 2 1 314 951 952 450
2556 4 2 2 1 392 391 981 130
2557 4 2 2 1 392 981 391 390
2558 4 2 2 1 544 407 947 627
2559 4 2 2 1 947 407 544 20
2560 4 2 2 1 681 726 982 44
2561 4 2 2 1 982 726 681 680
2562 4 2 2 1 1046 1062 118 300
2563 4 2 2 1 1016 1059 116 934
2564 4 2 2 1 934 1029 216 466
2565 4 2 2 1 417 315 952 314
2566 4 2 2 1 417 952 315 442
2567 4 2 2 1 195 194 948 464
2568 4 2 2 1 195 948 194 196
2569 4 2 2 1 246 168 975 234
2570 4 2 2 1 246 975 168 37
2571 4 2 2 1 514 542 960 757
2572 4 2 2 1 863 865 933 866
2573 4 2 2 1 863 933 865 595
2574 4 2 2 1 785 555 962 554
2575 4 2 2 1 785 962 555 756
2576 4 2 2 1 508 507 970 537
2577 4 2 2 1 970 507 508 509
2578 4 2 2 1 434 721 934 722
2579 4 2 2 1 934 721 434 353
2580 4 2 2 1 997 288 638 1061
2581 4 2 2 1 473 1034 85 878
2582 4 2 2 1 231 232 965 230
2583 4 2 2 1 965 232 231 753
2584 4 2 2 1 693 1052 97 149
2585 4 2 2 1 543 259 872 1013
2586 4 2 2 1 27 1019 26 25
2587 4 2 2 1 1020 714 412 411
2588 4 2 2 1 827 12 996 826
2589 4 2 2 1 827 996 12 449
2590 4 2 2 1 314 951 450 316
2591 4 2 2 1 314 951 316 315
2592 4 2 2 1 102 103 948 101
2593 4 2 2 1 102 948 103 464
2594 4 2 2 1 589 845 966 295
2595 4 2 2 1 589 966 845 663
2596 4 2 2 1 832 87 953 475
2597 4 2 2 1 832 953 87 685
2598 4 2 2 1 76 614 940 77
2599 4 2 2 1 76 940 614 622
2600 4 2 2 1 374 39 974 89
2601 4 2 2 1 1043 628 300 665
2602 4 2 2 1 136 698 929 39
2603 4 2 2 1 136 929 698 574
2604 4 2 2 1 374 45 958 47
2605 4 2 2 1 958 45 374 214
2606 4 2 2 1 283 797 981 390
2607 4 2 2 1 981 797 283 282
2608 4 2 2 1 757 284 991 95
2609 4 2 2 1 757 991 284 542
2610 4 2 2 1 461 514 973 513
2611 4 2 2 1 461 973 514 343
2612 4 2 2 1 703 928 60 419
2613 4 2 2 1 127 973 125 461
2614 4 2 2 1 967 937 74 73
2615 4 2 2 1 236 74 937 73
2616 4 2 2 1 185 429 962 765
2617 4 2 2 1 962 429 185 427
2618 4 2 2 1 539 186 962 290
2619 4 2 2 1 962 186 539 187
2620 4 2 2 1 290 756 962 16
2621 4 2 2 1 290 962 756 186
2622 4 2 2 1 672 601 1008 847
2623 4 2 2 1 672 1008 601 269
2624 4 2 2 1 941 43 959 696
2625 4 2 2 1 43 985 451 941
2626 4 2 2 1 557 959 43 696
2627 4 2 2 1 557 43 959 632
2628 4 2 2 1 1008 847 151 651
2629 4 2 2 1 504 460 959 362
2630 4 2 2 1 504 959 460 352
2631 4 2 2 1 352 917 350 297
2632 4 2 2 1 352 917 297 504
2633 4 2 2 1 165 656 964 657
2634 4 2 2 1 165 964 656 500
2635 4 2 2 1 10 951 719 996
2636 4 2 2 1 10 951 996 212
2637 4 2 2 1 10 951 212 80
2638 4 2 2 1 10 951 80 719
2639 4 2 2 1 12 745 996 114
2640 4 2 2 1 12 996 745 11
2641 4 2 2 1 912 745 996 11
2642 4 2 2 1 820 771 926 375
2643 4 2 2 1 926 771 820 871
2644 4 2 2 1 257 995 331 636
2645 4 2 2 1 257 331 995 416
2646 4 2 2 1 379 931 566 837
2647 4 2 2 1 703 928 704 60
2648 4 2 2 1 705 915 976 997
2649 4 2 2 1 997 705 818 782
2650 4 2 2 1 684 87 953 685
2651 4 2 2 1 684 953 87 88
2652 4 2 2 1 1056 338 336 1027
2653 4 2 2 1 1056 338 1027 660
2654 4 2 2 1 789 1035 107 710
2655 4 2 2 1 533 195 948 102
2656 4 2 2 1 533 948 195 532
2657 4 2 2 1 755 843 995 844
2658 4 2 2 1 755 995 843 732
2659 4 2 2 1 1020 1057 411 412
2660 4 2 2 1 399 840 1031 883
2661 4 2 2 1 1049 776 928 976
2662 4 2 2 1 789 1035 710 711
2663 4 2 2 1 844 1031 995 755
2664 4 2 2 1 463 1031 405 995
2665 4 2 2 1 196 255 948 194
2666 4 2 2 1 196 948 255 7
2667 4 2 2 1 868 507 970 563
2668 4 2 2 1 868 970 507 536
2669 4 2 2 1 105 104 970 83
2670 4 2 2 1 970 104 105 729
2671 4 2 2 1 238 441 961 540
2672 4 2 2 1 238 961 441 126
2673 4 2 2 1 647 140 930 560
2674 4 2 2 1 647 930 140 141
2675 4 2 2 1 563 259 1010 868
2676 4 2 2 1 1047 373 337 1055
2677 4 2 2 1 20 947 21 385
2678 4 2 2 1 654 223 954 387
2679 4 2 2 1 954 223 654 653
2680 4 2 2 1 546 538 936 593
2681 4 2 2 1 546 936 538 690
2682 4 2 2 1 599 469 954 471
2683 4 2 2 1 599 954 469 600
2684 4 2 2 1 471 470 954 366
2685 4 2 2 1 954 470 471 469
2686 4 2 2 1 589 153 938 664
2687 4 2 2 1 589 938 153 894
2688 4 2 2 1 64 65 1023 63
2689 4 2 2 1 64 1023 65 263
2690 4 2 2 1 1064 1055 1047 521
2691 4 2 2 1 1055 1064 660 521
2692 4 2 2 1 1035 27 814 1060
2693 4 2 2 1 1065 64 86 891
2694 4 2 2 1 276 1017 565 275
2695 4 2 2 1 222 387 954 223
2696 4 2 2 1 222 954 387 759
2697 4 2 2 1 303 688 977 346
2698 4 2 2 1 303 977 688 588
2699 4 2 2 1 394 395 932 136
2700 4 2 2 1 394 932 395 634
2701 4 2 2 1 355 353 987 354
2702 4 2 2 1 355 987 353 484
2703 4 2 2 1 934 353 987 484
2704 4 2 2 1 789 1026 1035 711
2705 4 2 2 1 965 549 624 828
2706 4 2 2 1 305 992 306 501
2707 4 2 2 1 1039 1051 887 840
2708 4 2 2 1 577 909 849 376
2709 4 2 2 1 577 909 376 859
2710 4 2 2 1 858 124 927 764
2711 4 2 2 1 858 927 124 799
2712 4 2 2 1 763 764 927 124
2713 4 2 2 1 763 927 764 570
2714 4 2 2 1 849 261 927 578
2715 4 2 2 1 849 927 261 799
2716 4 2 2 1 614 389 940 77
2717 4 2 2 1 614 940 389 613
2718 4 2 2 1 640 804 997 381
2719 4 2 2 1 640 997 804 805
2720 4 2 2 1 252 658 934 253
2721 4 2 2 1 291 613 994 615
2722 4 2 2 1 994 613 291 518
2723 4 2 2 1 1009 159 952 156
2724 4 2 2 1 488 1009 161 159
2725 4 2 2 1 488 1009 159 952
2726 4 2 2 1 159 834 952 156
2727 4 2 2 1 159 952 834 488
2728 4 2 2 1 37 38 975 36
2729 4 2 2 1 975 38 37 247
2730 4 2 2 1 409 245 963 896
2731 4 2 2 1 281 964 770 857
2732 4 2 2 1 964 279 959 281
2733 4 2 2 1 281 964 857 350
2734 4 2 2 1 280 351 959 281
2735 4 2 2 1 280 959 351 697
2736 4 2 2 1 669 697 959 280
2737 4 2 2 1 959 697 669 696
2738 4 2 2 1 959 972 669 280
2739 4 2 2 1 669 972 959 696
2740 4 2 2 1 192 359 998 360
2741 4 2 2 1 192 998 359 430
2742 4 2 2 1 682 830 982 680
2743 4 2 2 1 982 830 682 815
2744 4 2 2 1 98 888 933 889
2745 4 2 2 1 98 933 888 100
2746 4 2 2 1 641 243 924 242
2747 4 2 2 1 641 924 243 128
2748 4 2 2 1 43 44 982 42
2749 4 2 2 1 43 982 44 681
2750 4 2 2 1 723 228 981 642
2751 4 2 2 1 981 228 723 182
2752 4 2 2 1 228 229 981 227
2753 4 2 2 1 981 229 228 181
2754 4 2 2 1 229 943 981 227
2755 4 2 2 1 981 943 229 181
2756 4 2 2 1 326 943 227 1032
2757 4 2 2 1 943 310 309 958
2758 4 2 2 1 899 136 916 137
2759 4 2 2 1 899 916 136 394
2760 4 2 2 1 163 164 939 162
2761 4 2 2 1 939 164 163 855
2762 4 2 2 1 597 692 939 780
2763 4 2 2 1 939 692 597 164
2764 4 2 2 1 184 921 827 370
2765 4 2 2 1 184 183 921 75
2766 4 2 2 1 184 921 183 827
2767 4 2 2 1 226 483 946 482
2768 4 2 2 1 226 946 483 372
2769 4 2 2 1 582 552 916 402
2770 4 2 2 1 450 369 952 314
2771 4 2 2 1 1039 1051 873 887
2772 4 2 2 1 57 58 957 59
2773 4 2 2 1 57 957 58 923
2774 4 2 2 1 925 191 933 430
2775 4 2 2 1 925 191 430 192
2776 4 2 2 1 925 191 192 193
2777 4 2 2 1 889 925 191 933
2778 4 2 2 1 889 925 933 98
2779 4 2 2 1 1051 1039 505 401
2780 4 2 2 1 966 101 103 295
2781 4 2 2 1 319 318 970 509
2782 4 2 2 1 970 318 319 1006
2783 4 2 2 1 142 237 967 73
2784 4 2 2 1 142 967 237 438
2785 4 2 2 1 920 712 713 294
2786 4 2 2 1 920 712 294 914
2787 4 2 2 1 920 294 713 895
2788 4 2 2 1 1017 957 931 906
2789 4 2 2 1 1034 930 239 413
2790 4 2 2 1 1034 529 473 961
2791 4 2 2 1 1051 505 807 401
2792 4 2 2 1 930 1034 528 561
2793 4 2 2 1 1038 604 627 947
2794 4 2 2 1 807 1051 401 840
2795 4 2 2 1 937 1000 333 332
2796 4 2 2 1 725 898 989 364
2797 4 2 2 1 725 989 898 933
2798 4 2 2 1 989 790 221 933
2799 4 2 2 1 989 790 933 935
2800 4 2 2 1 989 898 221 364
2801 4 2 2 1 989 221 898 933
2802 4 2 2 1 72 930 967 140
2803 4 2 2 1 967 930 72 905
2804 4 2 2 1 542 343 960 342
2805 4 2 2 1 960 343 542 514
2806 4 2 2 1 986 911 994 944
2807 4 2 2 1 986 994 911 940
2808 4 2 2 1 454 408 963 633
2809 4 2 2 1 963 408 454 453
2810 4 2 2 1 1035 27 1060 710
2811 4 2 2 1 1019 1060 27 26
2812 4 2 2 1 932 945 923 929
2813 4 2 2 1 932 945 929 949
2814 4 2 2 1 978 586 481 606
2815 4 2 2 1 588 978 481 932
2816 4 2 2 1 606 932 480 481
2817 4 2 2 1 606 932 481 978
2818 4 2 2 1 552 164 939 553
2819 4 2 2 1 552 939 164 692
2820 4 2 2 1 990 826 113 2
2821 4 2 2 1 826 956 2 990
2822 4 2 2 1 670 937 631 333
2823 4 2 2 1 443 414 930 444
2824 4 2 2 1 443 930 414 357
2825 4 2 2 1 333 1000 882 332
2826 4 2 2 1 724 278 926 884
2827 4 2 2 1 724 926 278 169
2828 4 2 2 1 993 926 278 884
2829 4 2 2 1 993 278 926 169
2830 4 2 2 1 112 552 916 582
2831 4 2 2 1 1001 773 955 716
2832 4 2 2 1 1001 955 773 456
2833 4 2 2 1 35 604 936 659
2834 4 2 2 1 409 234 963 245
2835 4 2 2 1 409 963 234 233
2836 4 2 2 1 975 963 234 245
2837 4 2 2 1 975 234 963 233
2838 4 2 2 1 21 19 947 20
2839 4 2 2 1 947 19 21 842
2840 4 2 2 1 151 271 1008 270
2841 4 2 2 1 1008 271 151 847
2842 4 2 2 1 552 111 916 630
2843 4 2 2 1 552 916 111 112
2844 4 2 2 1 333 1000 738 882
2845 4 2 2 1 227 981 327 1032
2846 4 2 2 1 544 627 1038 240
2847 4 2 2 1 1032 227 326 327
2848 4 2 2 1 787 813 1060 1035
2849 4 2 2 1 716 53 1001 621
2850 4 2 2 1 694 968 777 530
2851 4 2 2 1 777 772 968 694
2852 4 2 2 1 313 1014 743 968
2853 4 2 2 1 813 814 522 1060
2854 4 2 2 1 313 1014 312 311
2855 4 2 2 1 331 1014 313 968
2856 4 2 2 1 313 1014 311 743
2857 4 2 2 1 331 313 1014 312
2858 4 2 2 1 818 69 915 71
2859 4 2 2 1 818 915 69 447
2860 4 2 2 1 915 323 447 818
2861 4 2 2 1 72 1011 930 560
2862 4 2 2 1 72 1011 560 145
2863 4 2 2 1 1033 762 1050 644
2864 4 2 2 1 1065 87 393 1042
2865 4 2 2 1 566 1017 379 565
2866 4 2 2 1 426 936 1041 493
2867 4 2 2 1 90 426 1041 493
2868 4 2 2 1 426 1041 424 92
2869 4 2 2 1 955 455 773 456
2870 4 2 2 1 830 982 955 717
2871 4 2 2 1 955 982 830 455
2872 4 2 2 1 830 773 955 455
2873 4 2 2 1 960 358 930 1011
2874 4 2 2 1 930 358 960 344
2875 4 2 2 1 685 938 188 953
2876 4 2 2 1 662 938 367 155
2877 4 2 2 1 379 931 837 1000
2878 4 2 2 1 938 662 25 155
2879 4 2 2 1 825 522 814 1060
2880 4 2 2 1 662 938 373 188
2881 4 2 2 1 240 936 35 604
2882 4 2 2 1 35 241 936 240
2883 4 2 2 1 936 241 35 493
2884 4 2 2 1 924 391 846 760
2885 4 2 2 1 763 1062 571 784
2886 4 2 2 1 763 1062 784 829
2887 4 2 2 1 942 639 997 396
2888 4 2 2 1 992 1020 411 586
2889 4 2 2 1 943 418 227 229
2890 4 2 2 1 45 943 687 215
2891 4 2 2 1 190 92 1066 91
2892 4 2 2 1 683 1066 572 92
2893 4 2 2 1 683 1066 92 1041
2894 4 2 2 1 990 649 819 115
2895 4 2 2 1 982 998 455 955
2896 4 2 2 1 982 998 955 922
2897 4 2 2 1 951 80 81 82
2898 4 2 2 1 860 924 981 220
2899 4 2 2 1 860 924 220 740
2900 4 2 2 1 860 924 740 723
2901 4 2 2 1 841 1015 263 435
2902 4 2 2 1 953 927 173 261
2903 4 2 2 1 1015 953 172 435
2904 4 2 2 1 953 172 435 173
2905 4 2 2 1 530 968 1014 531
2906 4 2 2 1 1014 968 530 777
2907 4 2 2 1 530 511 1014 777
2908 4 2 2 1 962 170 187 539
2909 4 2 2 1 724 187 962 170
2910 4 2 2 1 724 962 187 427
2911 4 2 2 1 930 561 648 562
2912 4 2 2 1 647 561 930 744
2913 4 2 2 1 647 930 561 648
2914 4 2 2 1 1035 27 710 711
2915 4 2 2 1 385 947 1030 794
2916 4 2 2 1 731 843 995 732
2917 4 2 2 1 1059 655 248 117
2918 4 2 2 1 373 1047 662 1055
2919 4 2 2 1 1055 337 1047 521
2920 4 2 2 1 379 1017 786 565
2921 4 2 2 1 692 939 916 552
2922 4 2 2 1 916 939 692 781
2923 4 2 2 1 692 802 916 781
2924 4 2 2 1 1023 262 65 263
2925 4 2 2 1 207 1033 1050 644
2926 4 2 2 1 1061 783 296 976
2927 4 2 2 1 997 288 1061 287
2928 4 2 2 1 639 997 638 640
2929 4 2 2 1 546 947 548 547
2930 4 2 2 1 546 794 947 766
2931 4 2 2 1 947 794 546 548
2932 4 2 2 1 981 327 129 642
2933 4 2 2 1 965 608 629 828
2934 4 2 2 1 609 965 608 629
2935 4 2 2 1 609 608 965 410
2936 4 2 2 1 971 69 754 839
2937 4 2 2 1 510 69 971 446
2938 4 2 2 1 510 971 69 754
2939 4 2 2 1 930 414 413 562
2940 4 2 2 1 543 258 259 1013
2941 4 2 2 1 1039 201 1031 873
2942 4 2 2 1 259 969 1013 258
2943 4 2 2 1 1042 788 475 476
2944 4 2 2 1 313 636 995 257
2945 4 2 2 1 1012 349 219 218
2946 4 2 2 1 937 74 1000 967
2947 4 2 2 1 267 459 917 458
2948 4 2 2 1 459 1008 267 917
2949 4 2 2 1 459 267 1008 269
2950 4 2 2 1 268 267 1008 917
2951 4 2 2 1 268 1008 267 269
2952 4 2 2 1 745 996 990 912
2953 4 2 2 1 745 990 996 114
2954 4 2 2 1 331 995 937 968
2955 4 2 2 1 331 937 995 416
2956 4 2 2 1 1059 655 465 248
2957 4 2 2 1 117 1059 118 248
2958 4 2 2 1 937 235 255 236
2959 4 2 2 1 786 1017 379 1000
2960 4 2 2 1 1059 1046 248 465
2961 4 2 2 1 400 1039 399 401
2962 4 2 2 1 1036 1042 475 87
2963 4 2 2 1 620 1043 300 665
2964 4 2 2 1 954 386 66 654
2965 4 2 2 1 600 66 954 386
2966 4 2 2 1 841 1015 435 953
2967 4 2 2 1 581 949 907 977
2968 4 2 2 1 907 949 581 580
2969 4 2 2 1 581 302 907 580
2970 4 2 2 1 353 987 800 934
2971 4 2 2 1 353 800 987 354
2972 4 2 2 1 523 987 800 354
2973 4 2 2 1 978 610 611 607
2974 4 2 2 1 163 978 611 535
2975 4 2 2 1 163 611 978 610
2976 4 2 2 1 804 997 382 942
2977 4 2 2 1 804 382 997 381
2978 4 2 2 1 964 279 281 770
2979 4 2 2 1 964 279 770 972
2980 4 2 2 1 972 635 280 279
2981 4 2 2 1 889 925 98 193
2982 4 2 2 1 889 925 193 191
2983 4 2 2 1 596 976 1018 296
2984 4 2 2 1 825 1047 584 373
2985 4 2 2 1 147 976 149 148
2986 4 2 2 1 1001 1052 1040 52
2987 4 2 2 1 1040 97 497 621
2988 4 2 2 1 139 1034 881 138
2989 4 2 2 1 881 1034 139 540
2990 4 2 2 1 216 397 934 30
2991 4 2 2 1 216 934 397 217
2992 4 2 2 1 860 924 723 981
2993 4 2 2 1 723 924 740 516
2994 4 2 2 1 723 924 516 641
2995 4 2 2 1 924 642 723 981
2996 4 2 2 1 743 772 968 777
2997 4 2 2 1 968 772 743 313
2998 4 2 2 1 955 717 1001 716
2999 4 2 2 1 955 1001 717 51
3000 4 2 2 1 53 1001 717 716
3001 4 2 2 1 53 717 1001 51
3002 4 2 2 1 333 1000 679 738
3003 4 2 2 1 74 145 1000 72
3004 4 2 2 1 74 1000 145 679
3005 4 2 2 1 145 905 1011 906
3006 4 2 2 1 466 30 934 32
3007 4 2 2 1 466 934 30 216
3008 4 2 2 1 252 217 934 658
3009 4 2 2 1 252 934 217 397
3010 4 2 2 1 322 915 323 447
3011 4 2 2 1 322 323 915 321
3012 4 2 2 1 716 830 955 717
3013 4 2 2 1 716 955 830 773
3014 4 2 2 1 72 74 967 1000
3015 4 2 2 1 919 210 924 706
3016 4 2 2 1 919 924 210 846
3017 4 2 2 1 391 210 924 846
3018 4 2 2 1 399 1039 400 948
3019 4 2 2 1 1025 819 649 820
3020 4 2 2 1 1044 147 976 149
3021 4 2 2 1 584 1047 938 373
3022 4 2 2 1 1018 976 1061 296
3023 4 2 2 1 365 864 997 383
3024 4 2 2 1 997 864 365 976
3025 4 2 2 1 864 147 997 383
3026 4 2 2 1 997 147 864 976
3027 4 2 2 1 510 530 1014 531
3028 4 2 2 1 510 1014 530 511
3029 4 2 2 1 67 600 954 599
3030 4 2 2 1 67 954 600 66
3031 4 2 2 1 995 695 843 731
3032 4 2 2 1 197 695 995 198
3033 4 2 2 1 197 995 695 843
3034 4 2 2 1 630 692 916 552
3035 4 2 2 1 630 916 692 802
3036 4 2 2 1 1013 543 659 854
3037 4 2 2 1 35 33 1013 34
3038 4 2 2 1 392 327 981 673
3039 4 2 2 1 392 981 327 129
3040 4 2 2 1 415 930 413 239
3041 4 2 2 1 415 413 930 414
3042 4 2 2 1 256 313 995 257
3043 4 2 2 1 348 349 1012 605
3044 4 2 2 1 348 1012 349 219
3045 4 2 2 1 1058 189 598 435
3046 4 2 2 1 435 1015 1023 325
3047 4 2 2 1 612 972 280 669
3048 4 2 2 1 937 631 1000 74
3049 4 2 2 1 937 1000 631 333
3050 4 2 2 1 679 1000 631 74
3051 4 2 2 1 679 631 1000 333
3052 4 2 2 1 9 937 631 670
3053 4 2 2 1 16 983 17 602
3054 4 2 2 1 16 983 602 1008
3055 4 2 2 1 289 983 16 962
3056 4 2 2 1 289 983 962 984
3057 4 2 2 1 16 983 18 17
3058 4 2 2 1 81 951 719 80
3059 4 2 2 1 1044 147 149 893
3060 4 2 2 1 1061 997 1044 638
3061 4 2 2 1 638 997 1044 640
3062 4 2 2 1 288 639 997 638
3063 4 2 2 1 995 313 968 636
3064 4 2 2 1 331 995 968 636
3065 4 2 2 1 968 256 313 995
3066 4 2 2 1 968 313 256 772
3067 4 2 2 1 194 948 235 255
3068 4 2 2 1 937 235 948 255
3069 4 2 2 1 948 235 464 194
3070 4 2 2 1 581 907 303 977
3071 4 2 2 1 581 303 907 302
3072 4 2 2 1 304 907 303 302
3073 4 2 2 1 987 800 852 523
3074 4 2 2 1 987 852 800 934
3075 4 2 2 1 210 797 924 706
3076 4 2 2 1 210 924 797 391
3077 4 2 2 1 73 967 72 74
3078 4 2 2 1 967 140 73 72
3079 4 2 2 1 73 140 967 142
3080 4 2 2 1 35 543 1013 33
3081 4 2 2 1 35 1013 543 659
3082 4 2 2 1 942 639 396 254
3083 4 2 2 1 942 639 254 805
3084 4 2 2 1 288 396 997 639
3085 4 2 2 1 274 972 280 612
3086 4 2 2 1 274 280 972 635
3087 4 2 2 1 74 937 255 236
3088 4 2 2 1 9 74 937 255
3089 4 2 2 1 9 937 74 631
3090 4 2 2 1 383 997 893 147
3091 4 2 2 1 937 576 948 235
3092 4 2 2 1 937 948 576 103
3093 4 2 2 1 464 948 576 235
3094 4 2 2 1 464 576 948 103
3095 4 2 2 1 1015 598 1065 132
3096 4 2 2 1 679 906 1000 145
3097 4 2 2 1 679 906 145 678
3098 4 2 2 1 679 906 678 677
3099 4 2 2 1 316 315 951 719
3100 4 2 2 1 314 951 315 952
3101 4 2 2 1 81 951 315 719
3102 4 2 2 1 442 951 81 742
3103 4 2 2 1 290 962 289 16
3104 4 2 2 1 290 289 962 984
3105 4 2 2 1 289 983 984 18
3106 4 2 2 1 289 983 18 16
3107 4 2 2 1 907 303 224 304
3108 4 2 2 1 907 224 303 977
3109 4 2 2 1 821 893 997 640
3110 4 2 2 1 997 893 821 383
3111 4 2 2 1 396 287 997 733
3112 4 2 2 1 997 287 396 288
3113 4 2 2 1 435 598 1015 325
3114 4 2 2 1 1015 393 64 131
3115 4 2 2 1 172 1058 1015 435
3116 4 2 2 1 841 1015 953 891
3117 4 2 2 1 784 116 1016 492
3118 4 2 2 1 118 1059 1046 248
3119 4 2 2 1 643 1050 762 644
3120 4 2 2 1 1062 784 492 571
3121 4 2 2 1 275 906 1004 1017
3122 4 2 2 1 63 325 1023 1015
3123 4 2 2 1 275 906 1017 677
3124 4 2 2 1 275 906 677 5
3125 4 2 2 1 1017 786 275 677
3126 4 2 2 1 928 291 750 60
3127 4 2 2 1 644 1050 207 643
3128 4 2 2 1 928 749 704 750
3129 4 2 2 1 704 60 928 750
3130 4 2 2 1 286 1018 1061 296
3131 4 2 2 1 1039 1051 840 401
3132 4 2 2 1 424 580 1041 702
3133 4 2 2 1 907 1041 580 702
3134 4 2 2 1 1039 873 1031 887
3135 4 2 2 1 840 1031 887 1039
3136 4 2 2 1 1011 560 648 930
3137 4 2 2 1 648 144 560 1011
3138 4 2 2 1 1063 1047 825 522
3139 4 2 2 1 1063 1064 521 661
3140 4 2 2 1 1063 1064 661 1019
3141 4 2 2 1 662 1019 769 661
3142 4 2 2 1 803 1049 703 419
3143 4 2 2 1 890 1043 620 665
3144 4 2 2 1 909 849 850 927
3145 4 2 2 1 909 378 850 849
3146 4 2 2 1 1025 429 428 650
3147 4 2 2 1 1059 466 655 1029
3148 4 2 2 1 912 1025 962 990
3149 4 2 2 1 60 421 419 928
3150 4 2 2 1 64 63 1023 1015
3151 4 2 2 1 978 1020 535 305
3152 4 2 2 1 702 1041 954 907
3153 4 2 2 1 1020 714 611 535
3154 4 2 2 1 1021 569 890 798
3155 4 2 2 1 643 1021 890 798
3156 4 2 2 1 1021 1043 569 570
3157 4 2 2 1 1021 1043 570 927
3158 4 2 2 1 890 1043 665 569
3159 4 2 2 1 789 1026 107 1035
3160 4 2 2 1 1045 441 970 675
3161 4 2 2 1 768 495 1022 972
3162 4 2 2 1 495 768 1022 526
3163 4 2 2 1 206 1023 63 208
3164 4 2 2 1 206 1023 208 1033
3165 4 2 2 1 208 325 1023 63
3166 4 2 2 1 1023 619 325 208
3167 4 2 2 1 1060 710 26 787
3168 4 2 2 1 307 629 1057 412
3169 4 2 2 1 805 804 484 942
3170 4 2 2 1 997 942 804 805
3171 4 2 2 1 1025 650 428 649
3172 4 2 2 1 729 1024 105 970
3173 4 2 2 1 729 105 1024 146
3174 4 2 2 1 1024 676 729 146
3175 4 2 2 1 1024 676 970 729
3176 4 2 2 1 803 1049 705 703
3177 4 2 2 1 718 616 360 998
3178 4 2 2 1 803 1049 976 705
3179 4 2 2 1 1041 425 424 702
3180 4 2 2 1 609 629 1057 965
3181 4 2 2 1 609 1057 410 965
3182 4 2 2 1 1057 412 629 609
3183 4 2 2 1 412 1057 410 609
3184 4 2 2 1 803 1049 419 976
3185 4 2 2 1 838 615 751 994
3186 4 2 2 1 762 764 1037 1048
3187 4 2 2 1 1025 871 884 926
3188 4 2 2 1 1048 620 764 1037
3189 4 2 2 1 1025 428 427 884
3190 4 2 2 1 926 820 1025 871
3191 4 2 2 1 1051 1026 873 106
3192 4 2 2 1 649 1025 912 990
3193 4 2 2 1 1026 807 534 789
3194 4 2 2 1 1026 534 711 789
3195 4 2 2 1 1027 337 660 338
3196 4 2 2 1 307 1057 629 549
3197 4 2 2 1 373 1027 662 188
3198 4 2 2 1 1055 1027 373 337
3199 4 2 2 1 1056 338 660 475
3200 4 2 2 1 643 1050 1037 762
3201 4 2 2 1 1028 1052 48 1001
3202 4 2 2 1 78 1028 454 1001
3203 4 2 2 1 1028 1052 1001 78
3204 4 2 2 1 1028 78 454 596
3205 4 2 2 1 701 1029 217 934
3206 4 2 2 1 266 1029 117 701
3207 4 2 2 1 549 1057 629 965
3208 4 2 2 1 701 1029 117 217
3209 4 2 2 1 548 486 1030 794
3210 4 2 2 1 649 1025 820 428
3211 4 2 2 1 1030 486 548 1010
3212 4 2 2 1 1058 1036 598 189
3213 4 2 2 1 762 1048 798 764
3214 4 2 2 1 1048 1021 764 620
3215 4 2 2 1 1025 819 820 926
3216 4 2 2 1 1039 399 1031 948
3217 4 2 2 1 1048 1021 798 764
3218 4 2 2 1 887 873 1031 755
3219 4 2 2 1 227 327 981 228
3220 4 2 2 1 327 673 1032 981
3221 4 2 2 1 673 1032 326 327
3222 4 2 2 1 326 1032 673 687
3223 4 2 2 1 928 751 750 291
3224 4 2 2 1 644 206 1033 762
3225 4 2 2 1 662 1047 938 25
3226 4 2 2 1 751 291 928 994
3227 4 2 2 1 881 1034 239 413
3228 4 2 2 1 1034 930 413 561
3229 4 2 2 1 938 1047 662 373
3230 4 2 2 1 411 1020 714 611
3231 4 2 2 1 107 1035 787 710
3232 4 2 2 1 107 1035 813 787
3233 4 2 2 1 813 814 1060 1035
3234 4 2 2 1 1060 710 787 1035
3235 4 2 2 1 1034 540 881 238
3236 4 2 2 1 411 1020 611 586
3237 4 2 2 1 733 942 396 397
3238 4 2 2 1 435 1023 1015 263
3239 4 2 2 1 338 1036 788 475
3240 4 2 2 1 1036 788 598 338
3241 4 2 2 1 1041 425 702 954
3242 4 2 2 1 643 620 1048 1037
3243 4 2 2 1 619 620 643 1037
3244 4 2 2 1 762 1048 1037 643
3245 4 2 2 1 1047 373 825 337
3246 4 2 2 1 1038 936 546 691
3247 4 2 2 1 691 546 1038 766
3248 4 2 2 1 546 947 1038 766
3249 4 2 2 1 1047 966 825 584
3250 4 2 2 1 533 534 1039 532
3251 4 2 2 1 1026 1039 711 534
3252 4 2 2 1 1039 711 534 533
3253 4 2 2 1 1039 201 873 814
3254 4 2 2 1 1039 532 948 533
3255 4 2 2 1 399 405 1031 885
3256 4 2 2 1 1031 674 405 995
3257 4 2 2 1 825 1047 337 522
3258 4 2 2 1 1058 598 1015 435
3259 4 2 2 1 85 1034 138 878
3260 4 2 2 1 1063 1047 522 521
3261 4 2 2 1 473 1034 878 528
3262 4 2 2 1 936 90 1041 493
$EndElements
